time,speed_rpm,current_main,current_aux,torque,temperature,ambient
0,0,0,0,-0,25,50
0.09901,1174.56335018093,-28.5650031774339,-28.5650031774339,24.7667171564781,25.085417406798,50
0.19901,1254.8855795217,-23.7898874934698,-23.7898874934698,16.4257168615934,25.1203189725528,50
0.29901,1257.13546312887,-23.6736707531757,-23.6736707531757,16.3393553199569,25.1501640414438,50
0.39901,1257.16333100865,-23.671743323563,-23.671743323563,16.3381837610987,25.1799380155303,50
0.49901,1257.16369574014,-23.6717194017315,-23.6717194017315,16.3381685743299,25.2097034803535,50
0.59901,1257.16370045693,-23.6717190891622,-23.6717190891622,16.3381683777949,25.2394612503008,50
0.69901,1257.16370051808,-23.6717190851403,-23.6717190851403,16.3381683752505,25.2692113379036,50
0.79901,1257.16370051885,-23.6717190850664,-23.6717190850664,16.3381683752148,25.2989537452822,50
0.89901,1257.16370051888,-23.6717190850869,-23.6717190850869,16.338168375217,25.3286884744209,50
0.99901,1257.16370051886,-23.6717190850655,-23.6717190850655,16.3381683752142,25.3584155273017,50
1.09901,1257.16370051888,-23.6717190850867,-23.6717190850867,16.338168375217,25.3881349059062,50
1.19901,1257.16370051886,-23.6717190850651,-23.6717190850651,16.3381683752143,25.417846612216,50
1.29901,1257.16370051887,-23.6717190850864,-23.6717190850864,16.3381683752169,25.4475506482116,50
1.39901,1257.16370051886,-23.6717190850649,-23.6717190850649,16.3381683752142,25.477247015873,50
1.499,1257.19250843774,-23.6135382856059,-23.6135382856059,16.3945136603842,25.5069310426835,50
1.59901,1257.16370051886,-23.6717190850645,-23.6717190850645,16.3381683752142,25.5366167541115,50
1.69901,1257.16370051887,-23.6717190850858,-23.6717190850858,16.3381683752169,25.5662901286462,50
1.79901,1257.16370051885,-23.6717190850641,-23.6717190850641,16.3381683752141,25.5959558427626,50
1.89901,1257.16370051887,-23.6717190850855,-23.6717190850855,16.3381683752168,25.6256138984379,50
1.999,1257.19250843772,-23.6135382855838,-23.6135382855838,16.3945136603811,25.6552596258823,50
2.099,1257.19250843774,-23.613538285605,-23.613538285605,16.394513660384,25.6849023711517,50
2.19901,1257.16370051885,-23.6717190850635,-23.6717190850635,16.3381683752139,25.714542134586,50
2.29901,1257.16370051886,-23.6717190850849,-23.6717190850849,16.3381683752168,25.7441695762632,50
2.39901,1257.16370051885,-23.6717190850632,-23.6717190850632,16.3381683752139,25.7737893693796,50
2.499,1257.19250843773,-23.6135382856044,-23.6135382856044,16.3945136603839,25.8033968468686,50
2.599,1257.19250843772,-23.6135382855828,-23.6135382855828,16.3945136603808,25.8330013493315,50
2.69901,1257.16370051886,-23.6717190850842,-23.6717190850842,16.3381683752167,25.8626028771078,50
2.79901,1257.16370051884,-23.6717190850627,-23.6717190850627,16.3381683752138,25.892192095722,50
2.89901,1257.16370051886,-23.671719085084,-23.671719085084,16.3381683752167,25.9217736756433,50
2.999,1257.19250843772,-23.6135382855822,-23.6135382855822,16.3945136603808,25.9513429525242,50
3.099,1257.19250843773,-23.6135382856035,-23.6135382856035,16.3945136603838,25.9809092615188,50
3.19901,1257.16370051884,-23.671719085062,-23.671719085062,16.3381683752137,26.0104726029656,50
3.29901,1257.16370051885,-23.6717190850833,-23.6717190850833,16.3381683752167,26.0400236478292,50
3.39901,1257.16370051884,-23.6717190850616,-23.6717190850616,16.3381683752138,26.0695670638547,50
3.499,1257.19250843773,-23.6135382856028,-23.6135382856028,16.3945136603838,26.0990981894111,50
3.599,1257.19250843771,-23.6135382855811,-23.6135382855811,16.3945136603806,26.1286263542113,50
3.69901,1257.16370051885,-23.6717190850826,-23.6717190850826,16.3381683752165,26.1581515585935,50
3.79901,1257.16370051883,-23.6717190850609,-23.6717190850609,16.3381683752136,26.1876644789555,50
3.89901,1257.16370051885,-23.6717190850823,-23.6717190850823,16.3381683752165,26.2171697803214,50
3.999,1257.19250843771,-23.6135382855805,-23.6135382855805,16.3945136603805,26.2466628037731,50
4.09901,1257.16370051885,-23.671719085082,-23.671719085082,16.3381683752164,26.276157533932,50
4.19901,1257.16370051883,-23.6717190850603,-23.6717190850603,16.3381683752135,26.3056399901093,50
4.299,1257.19250843772,-23.6135382856016,-23.6135382856016,16.3945136603836,26.3351101758973,50
4.39901,1257.16370051883,-23.6717190850602,-23.6717190850602,16.3381683752135,26.3645820710338,50
4.49901,1257.16370051884,-23.6717190850815,-23.6717190850815,16.3381683752164,26.3940416997106,50
4.59901,1257.16370051883,-23.6717190850599,-23.6717190850599,16.3381683752134,26.4234937231491,50
4.69901,1257.16370051884,-23.6717190850813,-23.6717190850813,16.3381683752164,26.4529381433124,50
4.79901,1257.16370051883,-23.6717190850596,-23.6717190850596,16.3381683752134,26.4823749621634,50
4.89901,1257.16370051884,-23.671719085081,-23.671719085081,16.3381683752164,26.5118041816646,50
4.99901,1257.16370051882,-23.6717190850592,-23.6717190850592,16.3381683752133,26.5412258037779,50
5.09901,1257.16370051884,-23.6717190850806,-23.6717190850806,16.3381683752164,26.5706398304643,50
5.19901,1257.16370051882,-23.6717190850589,-23.6717190850589,16.3381683752133,26.6000462636851,50
5.29901,1257.16370051884,-23.6717190850804,-23.6717190850804,16.3381683752163,26.6294451054002,50
5.39901,1257.16370051882,-23.6717190850586,-23.6717190850586,16.3381683752133,26.6588363575696,50
5.49901,1257.16370051884,-23.6717190850801,-23.6717190850801,16.3381683752162,26.6882200221524,50
5.59901,1257.16370051882,-23.6717190850583,-23.6717190850583,16.3381683752133,26.7175961011077,50
5.69901,1257.16370051883,-23.6717190850797,-23.6717190850797,16.3381683752161,26.7469645963937,50
5.79901,1257.16370051882,-23.671719085058,-23.671719085058,16.3381683752132,26.776325509968,50
5.89901,1257.16370051883,-23.6717190850794,-23.6717190850794,16.3381683752162,26.8056788437882,50
5.99901,1257.16370051881,-23.6717190850579,-23.6717190850579,16.3381683752132,26.8350245998104,50
6.09901,1257.16370051883,-23.6717190850792,-23.6717190850792,16.3381683752161,26.8643627799917,50
6.19901,1257.16370051881,-23.6717190850576,-23.6717190850576,16.3381683752133,26.8936933862875,50
6.29901,1257.16370051883,-23.671719085079,-23.671719085079,16.338168375216,26.9230164206532,50
6.39901,1257.16370051881,-23.6717190850573,-23.6717190850573,16.3381683752133,26.9523318850433,50
6.49901,1257.16370051883,-23.6717190850787,-23.6717190850787,16.338168375216,26.9816397814122,50
6.59901,1257.16370051881,-23.671719085057,-23.671719085057,16.3381683752133,27.0109401117134,50
6.69901,1257.16370051882,-23.6717190850784,-23.6717190850784,16.338168375216,27.0402328779004,50
6.79901,1257.1637005188,-23.6717190850568,-23.6717190850568,16.3381683752133,27.0695180819259,50
6.89901,1257.16370051882,-23.6717190850782,-23.6717190850782,16.3381683752159,27.0987957257421,50
6.99901,1257.1637005188,-23.6717190850565,-23.6717190850565,16.3381683752133,27.1280658113008,50
7.09901,1257.16370051882,-23.6717190850779,-23.6717190850779,16.3381683752159,27.1573283405531,50
7.19901,1257.1637005188,-23.6717190850561,-23.6717190850561,16.3381683752133,27.18658331545,50
7.29901,1257.16370051882,-23.6717190850776,-23.6717190850776,16.3381683752159,27.2158307379416,50
7.39901,1257.1637005188,-23.6717190850559,-23.6717190850559,16.3381683752132,27.2450706099773,50
7.49901,1257.16370051881,-23.6717190850773,-23.6717190850773,16.3381683752159,27.2743029335066,50
7.59901,1257.16370051879,-23.6717190850557,-23.6717190850557,16.3381683752131,27.3035277104783,50
7.69901,1257.16370051881,-23.671719085077,-23.671719085077,16.3381683752159,27.3327449428403,50
7.79901,1257.16370051879,-23.6717190850553,-23.6717190850553,16.3381683752131,27.3619546325406,50
7.89901,1257.16370051881,-23.6717190850768,-23.6717190850768,16.3381683752159,27.3911567815263,50
7.99901,1257.16370051879,-23.671719085055,-23.671719085055,16.3381683752131,27.4203513917439,50
8.099,1257.19250843768,-23.6135382855963,-23.6135382855963,16.3945136603829,27.4495338263882,50
8.19901,1257.16370051879,-23.6717190850548,-23.6717190850548,16.3381683752131,27.4787180036596,50
8.29901,1257.16370051881,-23.6717190850762,-23.6717190850762,16.3381683752157,27.5078900092484,50
8.39901,1257.16370051879,-23.6717190850545,-23.6717190850545,16.338168375213,27.5370544838509,50
8.499,1257.19250843768,-23.6135382855957,-23.6135382855957,16.3945136603828,27.5662067928069,50
8.599,1257.19250843766,-23.6135382855741,-23.6135382855741,16.39451366038,27.5953562118056,50
8.69901,1257.1637005188,-23.6717190850756,-23.6717190850756,16.3381683752157,27.6245027411813,50
8.79901,1257.16370051878,-23.6717190850538,-23.6717190850538,16.338168375213,27.6536371112759,50
8.89901,1257.1637005188,-23.6717190850752,-23.6717190850752,16.3381683752157,27.6827639601004,50
8.999,1257.19250843765,-23.6135382855734,-23.6135382855734,16.3945136603799,27.7118786556717,50
9.099,1257.19250843767,-23.6135382855947,-23.6135382855947,16.3945136603827,27.7409904683157,50
9.19901,1257.16370051878,-23.6717190850531,-23.6717190850531,16.3381683752128,27.7700993983662,50
9.29901,1257.1637005188,-23.6717190850746,-23.6717190850746,16.3381683752155,27.7991961815214,50
9.39901,1257.16370051878,-23.6717190850528,-23.6717190850528,16.3381683752128,27.8282854531095,50
9.499,1257.19250843767,-23.6135382855941,-23.6135382855941,16.3945136603826,27.8573625838224,50
9.59901,1257.16370051878,-23.6717190850526,-23.6717190850526,16.3381683752127,27.8864414693411,50
9.69901,1257.16370051879,-23.6717190850739,-23.6717190850739,16.3381683752154,27.9155082178616,50
9.79901,1257.16370051877,-23.6717190850523,-23.6717190850523,16.3381683752126,27.9445674625685,50
9.89901,1257.16370051879,-23.6717190850736,-23.6717190850736,16.3381683752154,27.9736192053997,50
9.999,1257.19250843765,-23.6135382855719,-23.6135382855719,16.3945136603796,28.0026588197175,50
10.09901,1257.16370051879,-23.6717190850733,-23.6717190850733,16.3381683752153,28.0317001931797,50
10.19901,1257.16370051877,-23.6717190850517,-23.6717190850517,16.3381683752125,28.0607294420006,50
10.29901,1257.16370051879,-23.671719085073,-23.671719085073,16.3381683752152,28.0897511966891,50
10.39901,1257.16370051877,-23.6717190850514,-23.6717190850514,16.3381683752124,28.1187654591797,50
10.499,1257.19250843766,-23.6135382855924,-23.6135382855924,16.3945136603823,28.1477676055031,50
10.59901,1257.16370051877,-23.6717190850511,-23.6717190850511,16.3381683752125,28.1767715153043,50
10.69901,1257.16370051878,-23.6717190850723,-23.6717190850723,16.3381683752153,28.2057633128049,50
10.79901,1257.16370051877,-23.6717190850508,-23.6717190850508,16.3381683752125,28.2347476258414,50
10.89901,1257.16370051878,-23.6717190850721,-23.6717190850721,16.3381683752152,28.263724456346,50
10.999,1257.19250843764,-23.6135382855704,-23.6135382855704,16.3945136603794,28.2926891830131,50
11.09901,1257.16370051878,-23.6717190850718,-23.6717190850718,16.3381683752152,28.3216556774858,50
11.19901,1257.16370051876,-23.6717190850501,-23.6717190850501,16.3381683752123,28.3506100719831,50
11.29901,1257.16370051878,-23.6717190850714,-23.6717190850714,16.3381683752151,28.379556991672,50
11.39901,1257.16370051876,-23.6717190850497,-23.6717190850497,16.3381683752123,28.4084964384824,50
11.499,1257.19250843765,-23.6135382855911,-23.6135382855911,16.3945136603822,28.4374237937695,50
11.59901,1257.16370051876,-23.6717190850494,-23.6717190850494,16.3381683752122,28.4663529211843,50
11.69901,1257.16370051878,-23.6717190850709,-23.6717190850709,16.338168375215,28.4952699609324,50
11.79901,1257.16370051876,-23.6717190850492,-23.6717190850492,16.3381683752122,28.524179535516,50
11.89901,1257.16370051877,-23.6717190850706,-23.6717190850706,16.3381683752151,28.5530816468619,50
11.999,1257.19250843763,-23.6135382855687,-23.6135382855687,16.3945136603791,28.5819716789827,50
12.09901,1257.16370051877,-23.6717190850703,-23.6717190850703,16.3381683752149,28.6108634875475,50
12.19901,1257.16370051875,-23.6717190850485,-23.6717190850485,16.3381683752121,28.639743220739,50
12.29901,1257.16370051877,-23.67171908507,-23.67171908507,16.3381683752149,28.6686154983968,50
12.39901,1257.16370051875,-23.6717190850483,-23.6717190850483,16.3381683752121,28.6974803224456,50
12.499,1257.19250843764,-23.6135382855895,-23.6135382855895,16.394513660382,28.7263330795517,50
12.59901,1257.16370051875,-23.671719085048,-23.671719085048,16.3381683752121,28.7551876174123,50
12.69901,1257.16370051877,-23.6717190850693,-23.6717190850693,16.3381683752149,28.7840300921772,50
12.79901,1257.16370051875,-23.6717190850477,-23.6717190850477,16.3381683752121,28.812865121027,50
12.89901,1257.16370051876,-23.6717190850692,-23.6717190850692,16.3381683752149,28.841692705884,50
12.999,1257.19250843762,-23.6135382855674,-23.6135382855674,16.394513660379,28.8705082360645,50
13.09901,1257.16370051876,-23.6717190850689,-23.6717190850689,16.3381683752149,28.8993255513052,50
13.19901,1257.16370051874,-23.6717190850471,-23.6717190850471,16.338168375212,28.9281308157114,50
13.29901,1257.16370051876,-23.6717190850685,-23.6717190850685,16.3381683752149,28.9569286438086,50
13.39901,1257.16370051874,-23.6717190850469,-23.6717190850469,16.338168375212,28.9857190375166,50
13.499,1257.19250843763,-23.6135382855881,-23.6135382855881,16.394513660382,29.0144973887987,50
13.59901,1257.16370051874,-23.6717190850467,-23.6717190850467,16.338168375212,29.043277529441,50
13.69901,1257.16370051875,-23.671719085068,-23.671719085068,16.3381683752148,29.0720456314946,50
13.79901,1257.16370051874,-23.6717190850463,-23.6717190850463,16.3381683752119,29.1008063068331,50
13.89901,1257.16370051875,-23.6717190850678,-23.6717190850678,16.3381683752147,29.1295595573733,50
13.999,1257.19250843761,-23.613538285566,-23.613538285566,16.3945136603789,29.1583007777228,50
14.09901,1257.16370051875,-23.6717190850675,-23.6717190850675,16.3381683752147,29.1870437917267,50
14.19901,1257.16370051873,-23.6717190850457,-23.6717190850457,16.338168375212,29.2157747793718,50
14.29901,1257.16370051875,-23.6717190850672,-23.6717190850672,16.3381683752146,29.2444983498828,50
14.39901,1257.16370051873,-23.6717190850454,-23.6717190850454,16.338168375212,29.2732145051749,50
14.499,1257.19250843762,-23.6135382855867,-23.6135382855867,16.3945136603817,29.3019186424952,50
14.59901,1257.16370051873,-23.6717190850451,-23.6717190850451,16.338168375212,29.3306245777584,50
14.69901,1257.16370051874,-23.6717190850666,-23.6717190850666,16.3381683752147,29.3593184988769,50
14.79901,1257.16370051872,-23.6717190850449,-23.6717190850449,16.3381683752119,29.3880050124306,50
14.89901,1257.16370051874,-23.6717190850662,-23.6717190850662,16.3381683752146,29.4166841203317,50
14.999,1257.1925084376,-23.6135382855646,-23.6135382855646,16.3945136603788,29.4453512224643,50
15.09901,1257.16370051874,-23.6717190850659,-23.6717190850659,16.3381683752147,29.4740201268231,50
15.19901,1257.16370051872,-23.6717190850444,-23.6717190850444,16.3381683752118,29.5026770292356,50
15.29901,1257.16370051874,-23.6717190850655,-23.6717190850655,16.3381683752147,29.5313265336397,50
15.39901,1257.16370051872,-23.6717190850441,-23.6717190850441,16.3381683752117,29.5599686419457,50
15.499,1257.19250843761,-23.6135382855852,-23.6135382855852,16.3945136603816,29.5885987566706,50
15.59901,1257.16370051872,-23.6717190850438,-23.6717190850438,16.3381683752117,29.6172306778994,50
15.69901,1257.16370051873,-23.671719085065,-23.671719085065,16.3381683752146,29.6458506093645,50
15.79901,1257.16370051871,-23.6717190850435,-23.6717190850435,16.3381683752116,29.6744631523659,50
15.89901,1257.16370051873,-23.6717190850646,-23.6717190850646,16.3381683752145,29.7030683088107,50
15.999,1257.19250843759,-23.6135382855631,-23.6135382855631,16.3945136603786,29.7316614838463,50
16.09901,1257.16370051873,-23.6717190850644,-23.6717190850644,16.3381683752145,29.7602564696579,50
16.199,1257.19250843759,-23.6135382855629,-23.6135382855629,16.3945136603785,29.7888348821652,50
16.29901,1257.16370051873,-23.6717190850641,-23.6717190850641,16.3381683752145,29.8174151071556,50
16.39901,1257.16370051871,-23.6717190850426,-23.6717190850426,16.3381683752115,29.8459833594117,50
16.49901,1257.16370051872,-23.6717190850637,-23.6717190850637,16.3381683752144,29.8745442365455,50
16.59901,1257.16370051871,-23.6717190850422,-23.6717190850422,16.3381683752114,29.9030977404606,50
16.699,1257.1925084376,-23.6135382855832,-23.6135382855832,16.3945136603813,29.9316392799808,50
16.79901,1257.16370051871,-23.6717190850418,-23.6717190850418,16.3381683752113,29.9601826362488,50
16.89901,1257.16370051872,-23.6717190850632,-23.6717190850632,16.3381683752143,29.9887140319273,50
16.99901,1257.16370051871,-23.6717190850415,-23.6717190850415,16.3381683752113,30.0172380619981,50
17.09901,1257.16370051872,-23.671719085063,-23.671719085063,16.3381683752143,30.0457547283628,50
17.199,1257.19250843758,-23.6135382855612,-23.6135382855612,16.3945136603781,30.0742594424665,50
17.29901,1257.16370051872,-23.6717190850627,-23.6717190850627,16.3381683752142,30.1027659775771,50
17.39901,1257.1637005187,-23.6717190850408,-23.6717190850408,16.3381683752112,30.1312605642274,50
17.49901,1257.16370051872,-23.6717190850624,-23.6717190850624,16.3381683752141,30.1597477947727,50
17.59901,1257.1637005187,-23.6717190850405,-23.6717190850405,16.3381683752112,30.188227671112,50
17.699,1257.19250843759,-23.613538285582,-23.613538285582,16.3945136603812,30.2166956073089,50
17.79901,1257.1637005187,-23.6717190850403,-23.6717190850403,16.3381683752112,30.2451653687659,50
17.89901,1257.16370051871,-23.6717190850618,-23.6717190850618,16.3381683752141,30.2736231938762,50
17.99901,1257.1637005187,-23.67171908504,-23.67171908504,16.3381683752112,30.3020736723718,50
18.09901,1257.16370051871,-23.6717190850615,-23.6717190850615,16.3381683752141,30.3305168061492,50
18.199,1257.19250843757,-23.6135382855596,-23.6135382855596,16.394513660378,30.3589480118869,50
18.29901,1257.16370051871,-23.6717190850613,-23.6717190850613,16.3381683752141,30.387381047133,50
18.39901,1257.16370051869,-23.6717190850393,-23.6717190850393,16.3381683752111,30.4158021581304,50
18.49901,1257.16370051871,-23.6717190850609,-23.6717190850609,16.3381683752141,30.444215931991,50
18.59901,1257.16370051869,-23.671719085039,-23.671719085039,16.3381683752111,30.4726223706089,50
18.699,1257.19250843758,-23.6135382855805,-23.6135382855805,16.3945136603811,30.5010168932747,50
18.79901,1257.16370051869,-23.6717190850388,-23.6717190850388,16.3381683752111,30.5294132496911,50
18.89901,1257.1637005187,-23.6717190850603,-23.6717190850603,16.338168375214,30.5577976939411,50
18.99901,1257.16370051868,-23.6717190850385,-23.6717190850385,16.3381683752111,30.5861748105203,50
19.09901,1257.1637005187,-23.67171908506,-23.67171908506,16.3381683752139,30.6145446013202,50
19.19901,1257.16370051868,-23.6717190850382,-23.6717190850382,16.338168375211,30.6429070682319,50
19.29901,1257.1637005187,-23.6717190850596,-23.6717190850596,16.3381683752139,30.6712622131464,50
19.39901,1257.16370051868,-23.6717190850379,-23.6717190850379,16.3381683752109,30.6996100379539,50
19.49901,1257.1637005187,-23.6717190850593,-23.6717190850593,16.3381683752138,30.727950544544,50
19.59901,1257.16370051868,-23.6717190850376,-23.6717190850376,16.338168375211,30.7562837348059,50
19.69901,1257.16370051869,-23.6717190850591,-23.6717190850591,16.3381683752138,30.7846096106285,50
19.79901,1257.16370051868,-23.6717190850373,-23.6717190850373,16.338168375211,30.8129281738999,50
19.89901,1257.16370051869,-23.6717190850587,-23.6717190850587,16.3381683752137,30.8412394265084,50
19.99901,1257.16370051868,-23.6717190850369,-23.6717190850369,16.3381683752109,30.8695433703409,50
20.09901,1257.16370051869,-23.6717190850585,-23.6717190850585,16.3381683752137,30.8978400072842,50
20.19901,1257.16370051867,-23.6717190850367,-23.6717190850367,16.3381683752109,30.9261293392247,50
20.29901,1257.16370051869,-23.6717190850582,-23.6717190850582,16.3381683752137,30.9544113680483,50
20.39901,1257.16370051867,-23.6717190850364,-23.6717190850364,16.3381683752108,30.9826860956403,50
20.49901,1257.16370051869,-23.6717190850579,-23.6717190850579,16.3381683752137,31.0109535238858,50
20.59901,1257.16370051867,-23.6717190850361,-23.6717190850361,16.3381683752108,31.0392136546687,50
20.69901,1257.16370051869,-23.6717190850576,-23.6717190850576,16.3381683752136,31.0674664898732,50
20.79901,1257.16370051867,-23.6717190850358,-23.6717190850358,16.3381683752108,31.0957120313828,50
20.89901,1257.16370051868,-23.6717190850572,-23.6717190850572,16.3381683752135,31.1239502810805,50
20.99901,1257.16370051867,-23.6717190850354,-23.6717190850354,16.3381683752107,31.1521812408485,50
21.09901,1257.16370051868,-23.6717190850569,-23.6717190850569,16.3381683752135,31.1804049125685,50
21.19901,1257.16370051866,-23.6717190850352,-23.6717190850352,16.3381683752106,31.2086212981226,50
21.29901,1257.16370051868,-23.6717190850565,-23.6717190850565,16.3381683752134,31.2368303993913,50
21.39901,1257.16370051866,-23.6717190850349,-23.6717190850349,16.3381683752105,31.2650322182551,50
21.49901,1257.16370051868,-23.6717190850561,-23.6717190850561,16.3381683752133,31.2932267565943,50
21.59901,1257.16370051866,-23.6717190850345,-23.6717190850345,16.3381683752105,31.3214140162882,50
21.69901,1257.16370051868,-23.6717190850558,-23.6717190850558,16.3381683752134,31.3495939992159,50
21.79901,1257.16370051866,-23.6717190850343,-23.6717190850343,16.3381683752105,31.377766707256,50
21.89901,1257.16370051868,-23.6717190850556,-23.6717190850556,16.3381683752133,31.4059321422863,50
21.99901,1257.16370051866,-23.6717190850339,-23.6717190850339,16.3381683752104,31.4340903061849,50
22.09901,1257.16370051867,-23.6717190850553,-23.6717190850553,16.3381683752133,31.4622412008285,50
22.19901,1257.16370051866,-23.6717190850337,-23.6717190850337,16.3381683752104,31.4903848280938,50
22.29901,1257.16370051867,-23.671719085055,-23.671719085055,16.3381683752131,31.5185211898571,50
22.39901,1257.16370051865,-23.6717190850334,-23.6717190850334,16.3381683752104,31.546650287994,50
22.49901,1257.16370051867,-23.6717190850548,-23.6717190850548,16.3381683752132,31.5747721243797,50
22.59901,1257.16370051865,-23.6717190850331,-23.6717190850331,16.3381683752104,31.6028867008886,50
22.69901,1257.16370051867,-23.6717190850545,-23.6717190850545,16.3381683752132,31.630994019395,50
22.79901,1257.16370051865,-23.6717190850327,-23.6717190850327,16.3381683752103,31.6590940817727,50
22.89901,1257.16370051867,-23.6717190850541,-23.6717190850541,16.3381683752131,31.6871868898949,50
22.99901,1257.16370051865,-23.6717190850324,-23.6717190850324,16.3381683752103,31.7152724456344,50
23.09901,1257.16370051866,-23.6717190850538,-23.6717190850538,16.3381683752131,31.7433507508634,50
23.19901,1257.16370051865,-23.6717190850322,-23.6717190850322,16.3381683752102,31.7714218074536,50
23.29901,1257.16370051866,-23.6717190850535,-23.6717190850535,16.3381683752131,31.7994856172766,50
23.39901,1257.16370051864,-23.6717190850318,-23.6717190850318,16.3381683752101,31.827542182203,50
23.49901,1257.16370051866,-23.6717190850532,-23.6717190850532,16.338168375213,31.8555915041029,50
23.59901,1257.16370051864,-23.6717190850315,-23.6717190850315,16.3381683752101,31.8836335848463,50
23.69901,1257.16370051866,-23.6717190850529,-23.6717190850529,16.338168375213,31.9116684263027,50
23.79901,1257.16370051864,-23.6717190850312,-23.6717190850312,16.3381683752101,31.939696030341,50
23.89901,1257.16370051866,-23.6717190850526,-23.6717190850526,16.338168375213,31.9677163988294,50
23.99901,1257.16370051864,-23.6717190850309,-23.6717190850309,16.33816837521,31.995729533636,50
24.09901,1257.16370051865,-23.6717190850523,-23.6717190850523,16.3381683752129,32.0237354366283,50
24.19901,1257.16370051864,-23.6717190850305,-23.6717190850305,16.33816837521,32.0517341096732,50
24.29901,1257.16370051865,-23.6717190850521,-23.6717190850521,16.3381683752128,32.0797255546365,50
24.39901,1257.16370051863,-23.6717190850302,-23.6717190850302,16.3381683752101,32.107709773385,50
24.49901,1257.16370051865,-23.6717190850517,-23.6717190850517,16.3381683752128,32.1356867677838,50
24.59901,1257.16370051863,-23.67171908503,-23.67171908503,16.3381683752101,32.163656539698,50
24.69901,1257.16370051865,-23.6717190850514,-23.6717190850514,16.3381683752128,32.1916190909925,50
24.79901,1257.16370051863,-23.6717190850298,-23.6717190850298,16.3381683752101,32.2195744235315,50
24.89901,1257.16370051865,-23.6717190850511,-23.6717190850511,16.3381683752128,32.2475225391776,50
24.99901,1257.16370051863,-23.6717190850294,-23.6717190850294,16.33816837521,32.2754634397949,50
25.09901,1257.16370051865,-23.6717190850508,-23.6717190850508,16.3381683752127,32.3033971272455,50
25.19901,1257.16370051863,-23.6717190850292,-23.6717190850292,16.3381683752099,32.3313236033917,50
25.29901,1257.16370051864,-23.6717190850505,-23.6717190850505,16.3381683752127,32.3592428700946,50
25.39901,1257.16370051862,-23.6717190850288,-23.6717190850288,16.3381683752098,32.387154929216,50
25.49901,1257.16370051864,-23.6717190850503,-23.6717190850503,16.3381683752127,32.4150597826167,50
25.59901,1257.16370051862,-23.6717190850285,-23.6717190850285,16.3381683752098,32.4429574321564,50
25.69901,1257.16370051864,-23.67171908505,-23.67171908505,16.3381683752126,32.4708478796953,50
25.79901,1257.16370051862,-23.6717190850282,-23.6717190850282,16.3381683752097,32.4987311270927,50
25.89901,1257.16370051864,-23.6717190850496,-23.6717190850496,16.3381683752125,32.5266071762071,50
25.99901,1257.16370051862,-23.671719085028,-23.671719085028,16.3381683752097,32.5544760288965,50
26.09901,1257.16370051864,-23.6717190850494,-23.6717190850494,16.3381683752125,32.5823376870195,50
26.19901,1257.16370051862,-23.6717190850278,-23.6717190850278,16.3381683752097,32.6101921524327,50
26.29901,1257.16370051864,-23.6717190850491,-23.6717190850491,16.3381683752125,32.6380394269931,50
26.39901,1257.16370051862,-23.6717190850274,-23.6717190850274,16.3381683752096,32.6658795125574,50
26.49901,1257.16370051863,-23.6717190850488,-23.6717190850488,16.3381683752124,32.6937124109812,50
26.59901,1257.16370051861,-23.671719085027,-23.671719085027,16.3381683752096,32.7215381241198,50
26.69901,1257.16370051863,-23.6717190850484,-23.6717190850484,16.3381683752123,32.7493566538284,50
26.79901,1257.16370051861,-23.6717190850268,-23.6717190850268,16.3381683752095,32.7771680019619,50
26.89901,1257.16370051863,-23.6717190850483,-23.6717190850483,16.3381683752123,32.8049721703732,50
26.99901,1257.16370051861,-23.6717190850265,-23.6717190850265,16.3381683752095,32.8327691609165,50
27.09901,1257.16370051863,-23.671719085048,-23.671719085048,16.3381683752123,32.8605589754449,50
27.19901,1257.16370051861,-23.6717190850261,-23.6717190850261,16.3381683752095,32.8883416158106,50
27.29901,1257.16370051863,-23.6717190850477,-23.6717190850477,16.3381683752123,32.9161170838661,50
27.39901,1257.16370051861,-23.6717190850258,-23.6717190850258,16.3381683752094,32.9438853814626,50
27.49901,1257.16370051862,-23.6717190850474,-23.6717190850474,16.3381683752123,32.9716465104514,50
27.59901,1257.1637005186,-23.6717190850256,-23.6717190850256,16.3381683752094,32.9994004726831,50
27.69901,1257.16370051862,-23.6717190850471,-23.6717190850471,16.3381683752123,33.0271472700076,50
27.79901,1257.1637005186,-23.6717190850254,-23.6717190850254,16.3381683752093,33.0548869042748,50
27.89901,1257.16370051862,-23.6717190850467,-23.6717190850467,16.3381683752122,33.0826193773339,50
27.99901,1257.1637005186,-23.671719085025,-23.671719085025,16.3381683752093,33.1103446910332,50
28.09901,1257.16370051862,-23.6717190850465,-23.6717190850465,16.3381683752121,33.1380628472217,50
28.19901,1257.1637005186,-23.6717190850247,-23.6717190850247,16.3381683752093,33.1657738477472,50
28.29901,1257.16370051861,-23.6717190850462,-23.6717190850462,16.3381683752122,33.1934776944564,50
28.39901,1257.1637005186,-23.6717190850245,-23.6717190850245,16.3381683752093,33.2211743891965,50
28.49901,1257.16370051861,-23.6717190850459,-23.6717190850459,16.3381683752122,33.2488639338134,50
28.59901,1257.16370051859,-23.6717190850243,-23.6717190850243,16.3381683752093,33.2765463301531,50
28.69901,1257.16370051861,-23.6717190850455,-23.6717190850455,16.3381683752121,33.3042215800614,50
28.79901,1257.16370051859,-23.671719085024,-23.671719085024,16.3381683752092,33.3318896853829,50
28.89901,1257.16370051861,-23.6717190850452,-23.6717190850452,16.3381683752121,33.3595506479619,50
28.99901,1257.16370051859,-23.6717190850237,-23.6717190850237,16.3381683752092,33.3872044696427,50
29.09901,1257.16370051861,-23.671719085045,-23.671719085045,16.338168375212,33.4148511522688,50
29.19901,1257.16370051859,-23.6717190850234,-23.6717190850234,16.3381683752092,33.4424906976829,50
29.29901,1257.1637005186,-23.6717190850446,-23.6717190850446,16.338168375212,33.4701231077275,50
29.39901,1257.16370051858,-23.6717190850231,-23.6717190850231,16.3381683752091,33.4977483842446,50
29.49901,1257.1637005186,-23.6717190850443,-23.6717190850443,16.338168375212,33.5253665290764,50
29.59901,1257.16370051858,-23.6717190850227,-23.6717190850227,16.3381683752091,33.5529775440635,50
29.69901,1257.1637005186,-23.6717190850441,-23.6717190850441,16.338168375212,33.5805814310468,50
29.79901,1257.16370051858,-23.6717190850225,-23.6717190850225,16.3381683752091,33.608178191866,50
29.89901,1257.1637005186,-23.6717190850437,-23.6717190850437,16.338168375212,33.6357678283608,50
29.99901,1257.16370051858,-23.6717190850221,-23.6717190850221,16.3381683752091,33.6633503423708,50
30.09901,1257.16370051859,-23.6717190850434,-23.6717190850434,16.338168375212,33.6909257357346,50
30.19901,1257.16370051858,-23.6717190850219,-23.6717190850219,16.3381683752091,33.7184940102906,50
30.29901,1257.16370051859,-23.6717190850432,-23.6717190850432,16.3381683752119,33.7460551678759,50
30.39901,1257.16370051857,-23.6717190850216,-23.6717190850216,16.3381683752091,33.7736092103283,50
30.49901,1257.16370051859,-23.6717190850429,-23.6717190850429,16.3381683752119,33.8011561394848,50
30.59901,1257.16370051857,-23.6717190850214,-23.6717190850214,16.3381683752091,33.8286959571815,50
30.69901,1257.16370051859,-23.6717190850426,-23.6717190850426,16.3381683752119,33.8562286652548,50
30.79901,1257.16370051857,-23.6717190850211,-23.6717190850211,16.338168375209,33.883754265539,50
30.89901,1257.16370051858,-23.6717190850423,-23.6717190850423,16.3381683752118,33.9112727598699,50
30.99901,1257.16370051857,-23.6717190850208,-23.6717190850208,16.3381683752089,33.9387841500818,50
31.09901,1257.16370051858,-23.671719085042,-23.671719085042,16.3381683752118,33.9662884380085,50
31.19901,1257.16370051857,-23.6717190850205,-23.6717190850205,16.3381683752089,33.9937856254837,50
31.29901,1257.16370051858,-23.6717190850418,-23.6717190850418,16.3381683752118,34.0212757143403,50
31.39901,1257.16370051856,-23.6717190850203,-23.6717190850203,16.338168375209,34.0487587064109,50
31.49901,1257.16370051858,-23.6717190850415,-23.6717190850415,16.3381683752119,34.0762346035277,50
31.59901,1257.16370051856,-23.67171908502,-23.67171908502,16.338168375209,34.1037034075225,50
31.69901,1257.16370051857,-23.6717190850412,-23.6717190850412,16.3381683752119,34.1311651202261,50
31.79901,1257.16370051856,-23.6717190850197,-23.6717190850197,16.3381683752089,34.1586197434693,50
31.89901,1257.16370051857,-23.6717190850409,-23.6717190850409,16.3381683752118,34.1860672790819,50
31.99901,1257.16370051856,-23.6717190850193,-23.6717190850193,16.3381683752088,34.2135077288944,50
32.09901,1257.16370051857,-23.6717190850405,-23.6717190850405,16.3381683752117,34.2409410947356,50
32.19901,1257.16370051856,-23.671719085019,-23.671719085019,16.3381683752087,34.2683673784344,50
32.29901,1257.16370051857,-23.6717190850402,-23.6717190850402,16.3381683752117,34.2957865818191,50
32.399,1257.19250843743,-23.6135382855387,-23.6135382855387,16.3945136603755,34.3231941944437,50
32.499,1257.19250843744,-23.6135382855599,-23.6135382855599,16.3945136603785,34.3505992431872,50
32.59901,1257.16370051855,-23.6717190850184,-23.6717190850184,16.3381683752087,34.3780017283634,50
32.69901,1257.16370051857,-23.6717190850398,-23.6717190850398,16.3381683752116,34.4053926287652,50
32.79901,1257.16370051855,-23.6717190850181,-23.6717190850181,16.3381683752086,34.4327764579871,50
32.899,1257.19250843744,-23.6135382855593,-23.6135382855593,16.3945136603784,34.460148708101,50
32.999,1257.19250843742,-23.6135382855377,-23.6135382855377,16.3945136603754,34.4875184009436,50
33.09901,1257.16370051856,-23.6717190850391,-23.6717190850391,16.3381683752114,34.5148855368275,50
33.19901,1257.16370051855,-23.6717190850174,-23.6717190850174,16.3381683752086,34.5422410995809,50
33.29901,1257.16370051856,-23.6717190850389,-23.6717190850389,16.3381683752114,34.569589600277,50
33.399,1257.19250843742,-23.6135382855371,-23.6135382855371,16.3945136603754,34.5969265335029,50
33.499,1257.19250843743,-23.6135382855583,-23.6135382855583,16.3945136603783,34.6242609160574,50
33.59901,1257.16370051854,-23.6717190850168,-23.6717190850168,16.3381683752086,34.6515927482537,50
33.69901,1257.16370051856,-23.6717190850383,-23.6717190850383,16.3381683752114,34.6789130189489,50
33.79901,1257.16370051854,-23.6717190850165,-23.6717190850165,16.3381683752085,34.7062262366977,50
33.899,1257.19250843743,-23.6135382855578,-23.6135382855578,16.3945136603782,34.7335278985983,50
33.999,1257.19250843741,-23.6135382855361,-23.6135382855361,16.3945136603752,34.7608270164192,50
34.09901,1257.16370051856,-23.6717190850376,-23.6717190850376,16.3381683752113,34.7881235904744,50
34.19901,1257.16370051854,-23.6717190850158,-23.6717190850158,16.3381683752084,34.8154086146424,50
34.29901,1257.16370051855,-23.6717190850373,-23.6717190850373,16.3381683752112,34.8426865949641,50
34.399,1257.19250843741,-23.6135382855354,-23.6135382855354,16.3945136603751,34.8699530310439,50
34.499,1257.19250843743,-23.6135382855569,-23.6135382855569,16.394513660378,34.897216929628,50
34.59901,1257.16370051854,-23.6717190850152,-23.6717190850152,16.3381683752082,34.9244782910287,50
34.69901,1257.16370051855,-23.6717190850367,-23.6717190850367,16.3381683752111,34.9517281141419,50
34.79901,1257.16370051853,-23.6717190850149,-23.6717190850149,16.3381683752083,34.9789709024957,50
34.899,1257.19250843742,-23.6135382855562,-23.6135382855562,16.3945136603779,35.0062021582004,50
34.999,1257.1925084374,-23.6135382855345,-23.6135382855345,16.3945136603749,35.0334308829841,50
35.09901,1257.16370051855,-23.671719085036,-23.671719085036,16.338168375211,35.0606570771587,50
35.19901,1257.16370051853,-23.6717190850142,-23.6717190850142,16.3381683752081,35.0878717446312,50
35.29901,1257.16370051855,-23.6717190850356,-23.6717190850356,16.3381683752109,35.1150793864198,50
35.399,1257.1925084374,-23.6135382855338,-23.6135382855338,16.3945136603748,35.1422755071362,50
35.499,1257.19250843742,-23.6135382855551,-23.6135382855551,16.3945136603777,35.1694691034983,50
35.59901,1257.16370051853,-23.6717190850136,-23.6717190850136,16.3381683752081,35.1966601758174,50
35.69901,1257.16370051854,-23.6717190850349,-23.6717190850349,16.3381683752108,35.2238397330034,50
35.79901,1257.16370051852,-23.6717190850133,-23.6717190850133,16.3381683752081,35.2510122735697,50
35.899,1257.19250843741,-23.6135382855546,-23.6135382855546,16.3945136603777,35.2781733046264,50
35.999,1257.19250843739,-23.613538285533,-23.613538285533,16.3945136603748,35.3053318178871,50
36.09901,1257.16370051854,-23.6717190850344,-23.6717190850344,16.3381683752108,35.3324878136628,50
36.19901,1257.16370051852,-23.6717190850127,-23.6717190850127,16.338168375208,35.3596323058598,50
36.29901,1257.16370051853,-23.6717190850341,-23.6717190850341,16.3381683752108,35.3867697904893,50
36.399,1257.19250843739,-23.6135382855324,-23.6135382855324,16.3945136603747,35.4138957771562,50
36.499,1257.19250843741,-23.6135382855537,-23.6135382855537,16.3945136603776,35.4410192525765,50
36.59901,1257.16370051851,-23.671719085012,-23.671719085012,16.3381683752079,35.4681402170615,50
36.69901,1257.16370051853,-23.6717190850334,-23.6717190850334,16.3381683752107,35.4952496895076,50
36.79901,1257.16370051851,-23.6717190850117,-23.6717190850117,16.3381683752079,35.5223521634266,50
36.899,1257.1925084374,-23.6135382855531,-23.6135382855531,16.3945136603776,35.5494431509159,50
36.999,1257.19250843738,-23.6135382855313,-23.6135382855313,16.3945136603745,35.5765316336994,50
37.09901,1257.16370051853,-23.671719085033,-23.671719085033,16.3381683752107,35.6036176120882,50
37.19901,1257.16370051851,-23.671719085011,-23.671719085011,16.3381683752078,35.6306921099626,50
37.29901,1257.16370051852,-23.6717190850326,-23.6717190850326,16.3381683752107,35.6577596183388,50
37.399,1257.19250843738,-23.6135382855307,-23.6135382855307,16.3945136603745,35.6848156518027,50
37.499,1257.19250843739,-23.613538285552,-23.613538285552,16.3945136603775,35.7118691870943,50
37.59901,1257.1637005185,-23.6717190850104,-23.6717190850104,16.3381683752078,35.7389202245227,50
37.69901,1257.16370051852,-23.6717190850318,-23.6717190850318,16.3381683752106,35.7659597929472,50
37.79901,1257.1637005185,-23.6717190850101,-23.6717190850101,16.3381683752078,35.7929923808915,50
37.899,1257.19250843739,-23.6135382855514,-23.6135382855514,16.3945136603774,35.8200135054258,50
37.999,1257.19250843737,-23.6135382855299,-23.6135382855299,16.3945136603744,35.847032138312,50
38.09901,1257.16370051852,-23.6717190850312,-23.6717190850312,16.3381683752105,35.8740482798592,50
38.19901,1257.1637005185,-23.6717190850095,-23.6717190850095,16.3381683752077,35.9010529638975,50
38.29901,1257.16370051851,-23.671719085031,-23.671719085031,16.3381683752105,35.9280506764602,50
38.39901,1257.1637005185,-23.6717190850093,-23.6717190850093,16.3381683752076,35.9550414193483,50
38.499,1257.19250843739,-23.6135382855506,-23.6135382855506,16.3945136603774,35.9820207126095,50
38.59901,1257.16370051849,-23.6717190850089,-23.6717190850089,16.3381683752076,36.0090020032953,50
38.69901,1257.16370051851,-23.6717190850304,-23.6717190850304,16.3381683752105,36.0359718479517,50
38.79901,1257.16370051849,-23.6717190850087,-23.6717190850087,16.3381683752076,36.0629347301277,50
38.89901,1257.16370051851,-23.6717190850302,-23.6717190850302,16.3381683752104,36.08989065162,50
38.999,1257.19250843736,-23.6135382855283,-23.6135382855283,16.3945136603743,36.1168351349559,50
39.09901,1257.16370051851,-23.6717190850298,-23.6717190850298,16.3381683752104,36.143781619742,50
39.19901,1257.16370051849,-23.6717190850081,-23.6717190850081,16.3381683752076,36.1707166699644,50
39.29901,1257.16370051851,-23.6717190850295,-23.6717190850295,16.3381683752103,36.1976447666885,50
39.39901,1257.16370051849,-23.6717190850077,-23.6717190850077,16.3381683752074,36.2245659117094,50
39.499,1257.19250843738,-23.613538285549,-23.613538285549,16.3945136603771,36.2514756300292,50
39.59901,1257.16370051849,-23.6717190850073,-23.6717190850073,16.3381683752074,36.2783873538197,50
39.69901,1257.1637005185,-23.6717190850287,-23.6717190850287,16.3381683752102,36.3052876544967,50
39.79901,1257.16370051848,-23.671719085007,-23.671719085007,16.3381683752073,36.3321810106464,50
39.89901,1257.1637005185,-23.6717190850284,-23.6717190850284,16.3381683752101,36.3590674240612,50
39.999,1257.19250843736,-23.6135382855266,-23.6135382855266,16.3945136603739,36.385942422216,50
40.09901,1257.1637005185,-23.6717190850282,-23.6717190850282,16.33816837521,36.4128194298568,50
40.19901,1257.16370051848,-23.6717190850063,-23.6717190850063,16.3381683752072,36.4396850258196,50
40.29901,1257.1637005185,-23.6717190850279,-23.6717190850279,16.3381683752101,36.466543686215,50
40.39901,1257.16370051848,-23.671719085006,-23.671719085006,16.3381683752072,36.4933954128324,50
40.499,1257.19250843737,-23.6135382855475,-23.6135382855475,16.3945136603768,36.5202357356154,50
40.59901,1257.16370051848,-23.6717190850057,-23.6717190850057,16.3381683752072,36.5470780718942,50
40.69901,1257.16370051849,-23.6717190850272,-23.6717190850272,16.3381683752099,36.5739090079163,50
40.79901,1257.16370051847,-23.6717190850054,-23.6717190850054,16.3381683752071,36.6007330173186,50
40.89901,1257.16370051849,-23.6717190850269,-23.6717190850269,16.3381683752098,36.6275501018888,50
40.999,1257.19250843735,-23.613538285525,-23.613538285525,16.3945136603738,36.6543557940351,50
41.09901,1257.16370051849,-23.6717190850267,-23.6717190850267,16.3381683752098,36.6811635036819,50
41.19901,1257.16370051847,-23.6717190850049,-23.6717190850049,16.3381683752071,36.7079598244794,50
41.29901,1257.16370051849,-23.6717190850264,-23.6717190850264,16.3381683752098,36.7347492275931,50
41.39901,1257.16370051847,-23.6717190850046,-23.6717190850046,16.3381683752071,36.7615317148084,50
41.499,1257.19250843736,-23.613538285546,-23.613538285546,16.3945136603766,36.788302820996,50
41.59901,1257.16370051847,-23.6717190850042,-23.6717190850042,16.3381683752071,36.8150759486843,50
41.69901,1257.16370051848,-23.6717190850258,-23.6717190850258,16.3381683752098,36.8418376989149,50
41.79901,1257.16370051846,-23.671719085004,-23.671719085004,16.338168375207,36.8685925403863,50
41.89901,1257.16370051848,-23.6717190850255,-23.6717190850255,16.3381683752097,36.8953404748815,50
41.999,1257.19250843734,-23.6135382855237,-23.6135382855237,16.3945136603737,36.9220770397305,50
42.09901,1257.16370051848,-23.6717190850251,-23.6717190850251,16.3381683752096,36.9488156300756,50
42.19901,1257.16370051846,-23.6717190850034,-23.6717190850034,16.3381683752069,36.9755428543395,50
42.29901,1257.16370051848,-23.6717190850247,-23.6717190850247,16.3381683752095,37.0022631787573,50
42.39901,1257.16370051846,-23.671719085003,-23.671719085003,16.3381683752068,37.0289766051097,50
42.499,1257.19250843735,-23.6135382855444,-23.6135382855444,16.3945136603763,37.0556786731832,50
42.59901,1257.16370051846,-23.6717190850027,-23.6717190850027,16.3381683752068,37.0823827707421,50
42.69901,1257.16370051847,-23.6717190850242,-23.6717190850242,16.3381683752095,37.1090755135823,50
42.79901,1257.16370051846,-23.6717190850024,-23.6717190850024,16.3381683752067,37.1357613654777,50
42.89901,1257.16370051847,-23.671719085024,-23.671719085024,16.3381683752095,37.162440328207,50
42.999,1257.19250843733,-23.6135382855222,-23.6135382855222,16.3945136603734,37.1891079440103,50
43.09901,1257.16370051847,-23.6717190850237,-23.6717190850237,16.3381683752095,37.215777593283,50
43.19901,1257.16370051845,-23.6717190850019,-23.6717190850019,16.3381683752067,37.2424358991844,50
43.29901,1257.16370051847,-23.6717190850234,-23.6717190850234,16.3381683752094,37.2690873230314,50
43.39901,1257.16370051845,-23.6717190850017,-23.6717190850017,16.3381683752067,37.2957318666002,50
43.499,1257.19250843734,-23.6135382855431,-23.6135382855431,16.3945136603762,37.3223650745798,50
43.59901,1257.16370051845,-23.6717190850013,-23.6717190850013,16.3381683752065,37.3490003200082,50
43.69901,1257.16370051846,-23.6717190850229,-23.6717190850229,16.3381683752095,37.3756242333993,50
43.79901,1257.16370051845,-23.6717190850011,-23.6717190850011,16.3381683752065,37.4022412736139,50
43.89901,1257.16370051846,-23.6717190850226,-23.6717190850226,16.3381683752094,37.4288514424272,50
43.999,1257.19250843732,-23.6135382855208,-23.6135382855208,16.3945136603731,37.455450286974,50
44.09901,1257.16370051846,-23.6717190850223,-23.6717190850223,16.3381683752093,37.4820511729443,50
44.19901,1257.16370051844,-23.6717190850005,-23.6717190850005,16.3381683752064,37.5086407381949,50
44.29901,1257.16370051846,-23.671719085022,-23.671719085022,16.3381683752093,37.5352234391368,50
44.39901,1257.16370051844,-23.6717190850001,-23.6717190850001,16.3381683752064,37.5617992775421,50
44.499,1257.19250843733,-23.6135382855416,-23.6135382855416,16.3945136603759,37.5883638029894,50
44.59901,1257.16370051844,-23.671719085,-23.671719085,16.3381683752064,37.6149303738289,50
44.69901,1257.16370051846,-23.6717190850214,-23.6717190850214,16.3381683752092,37.6414856352525,50
44.79901,1257.16370051844,-23.6717190849997,-23.6717190849997,16.3381683752063,37.6680340412235,50
44.89901,1257.16370051845,-23.6717190850211,-23.6717190850211,16.3381683752092,37.6945755935113,50
44.999,1257.19250843731,-23.6135382855194,-23.6135382855194,16.3945136603729,37.7211058441352,50
45.09901,1257.16370051845,-23.6717190850207,-23.6717190850207,16.3381683752091,37.7476381441151,50
45.19901,1257.16370051843,-23.6717190849991,-23.6717190849991,16.3381683752062,37.7741591459687,50
45.29901,1257.16370051845,-23.6717190850205,-23.6717190850205,16.3381683752091,37.8006733012133,50
45.39901,1257.16370051843,-23.6717190849988,-23.6717190849988,16.3381683752062,37.8271806116168,50
45.499,1257.19250843732,-23.61353828554,-23.61353828554,16.3945136603759,37.8536766316356,50
45.59901,1257.16370051843,-23.6717190849986,-23.6717190849986,16.3381683752063,37.8801747049692,50
45.69901,1257.16370051845,-23.67171908502,-23.67171908502,16.3381683752091,37.9066614914506,50
45.79901,1257.16370051843,-23.6717190849983,-23.6717190849983,16.3381683752063,37.9331414401567,50
45.89901,1257.16370051844,-23.6717190850197,-23.6717190850197,16.3381683752091,37.9596145528527,50
45.999,1257.1925084373,-23.613538285518,-23.613538285518,16.3945136603728,37.986076386428,50
46.09901,1257.16370051844,-23.6717190850195,-23.6717190850195,16.3381683752091,38.0125402772722,50
46.19901,1257.16370051842,-23.6717190849978,-23.6717190849978,16.3381683752062,38.0389928925244,50
46.29901,1257.16370051844,-23.6717190850193,-23.6717190850193,16.3381683752091,38.0654386788225,50
46.39901,1257.16370051842,-23.6717190849975,-23.6717190849975,16.3381683752061,38.0918776379298,50
46.499,1257.19250843731,-23.6135382855388,-23.6135382855388,16.3945136603758,38.1183053291669,50
46.59901,1257.16370051842,-23.6717190849972,-23.6717190849972,16.3381683752061,38.1447350816213,50
46.69901,1257.16370051843,-23.6717190850187,-23.6717190850187,16.338168375209,38.1711535697292,50
46.79901,1257.16370051842,-23.671719084997,-23.671719084997,16.3381683752061,38.1975652376932,50
46.89901,1257.16370051843,-23.6717190850185,-23.6717190850185,16.3381683752091,38.2239700872743,50
46.999,1257.19250843729,-23.6135382855167,-23.6135382855167,16.3945136603727,38.2503636802207,50
47.09901,1257.16370051843,-23.6717190850182,-23.6717190850182,16.338168375209,38.2767593383277,50
47.19901,1257.16370051841,-23.6717190849965,-23.6717190849965,16.3381683752061,38.3031437433193,50
47.29901,1257.16370051843,-23.6717190850179,-23.6717190850179,16.3381683752089,38.329521336966,50
47.39901,1257.16370051841,-23.6717190849962,-23.6717190849962,16.3381683752061,38.3558921210262,50
47.499,1257.1925084373,-23.6135382855375,-23.6135382855375,16.3945136603756,38.3822516596726,50
47.59901,1257.16370051841,-23.6717190849959,-23.6717190849959,16.3381683752061,38.4086132674187,50
47.69901,1257.16370051842,-23.6717190850173,-23.6717190850173,16.3381683752088,38.4349636332656,50
47.79901,1257.1637005184,-23.6717190849957,-23.6717190849957,16.3381683752061,38.4613071965552,50
47.89901,1257.16370051842,-23.6717190850171,-23.6717190850171,16.3381683752088,38.4876439590434,50
47.999,1257.19250843728,-23.6135382855153,-23.6135382855153,16.3945136603726,38.5139694873243,50
48.09901,1257.16370051842,-23.6717190850167,-23.6717190850167,16.3381683752088,38.5402970886382,50
48.19901,1257.1637005184,-23.6717190849951,-23.6717190849951,16.3381683752059,38.5666134592546,50
48.29901,1257.16370051842,-23.6717190850165,-23.6717190850165,16.3381683752087,38.5929230360905,50
48.39901,1257.1637005184,-23.6717190849948,-23.6717190849948,16.3381683752059,38.6192258208988,50
48.499,1257.19250843729,-23.6135382855361,-23.6135382855361,16.3945136603754,38.6455173826922,50
48.59901,1257.1637005184,-23.6717190849945,-23.6717190849945,16.3381683752059,38.6718110214465,50
48.69901,1257.16370051841,-23.6717190850158,-23.6717190850158,16.3381683752086,38.6980934406915,50
48.79901,1257.1637005184,-23.6717190849941,-23.6717190849941,16.3381683752058,38.7243690749197,50
48.89901,1257.16370051841,-23.6717190850155,-23.6717190850155,16.3381683752086,38.7506379258835,50
48.999,1257.19250843727,-23.6135382855138,-23.6135382855138,16.3945136603723,38.7768955650099,50
49.09901,1257.16370051841,-23.6717190850151,-23.6717190850151,16.3381683752085,38.8031552850205,50
49.19901,1257.16370051839,-23.6717190849935,-23.6717190849935,16.3381683752057,38.8294037966951,50
49.29901,1257.16370051841,-23.6717190850149,-23.6717190850149,16.3381683752085,38.8556455321065,50
49.39901,1257.16370051839,-23.6717190849931,-23.6717190849931,16.3381683752056,38.8818804930044,50
49.499,1257.19250843728,-23.6135382855344,-23.6135382855344,16.3945136603751,38.9081042532286,50
49.59901,1257.16370051839,-23.6717190849927,-23.6717190849927,16.3381683752055,38.9343300982548,50
49.69901,1257.16370051841,-23.6717190850142,-23.6717190850142,16.3381683752083,38.9605447461037,50
49.79901,1257.16370051839,-23.6717190849924,-23.6717190849924,16.3381683752055,38.9867526264315,50
49.89901,1257.16370051841,-23.6717190850139,-23.6717190850139,16.3381683752083,39.0129537409855,50
49.999,1257.19250843726,-23.6135382855121,-23.6135382855121,16.394513660372,39.0391436660148,50
50.09901,1257.1637005184,-23.6717190850135,-23.6717190850135,16.3381683752082,39.06533567976,50
50.19901,1257.16370051839,-23.6717190849918,-23.6717190849918,16.3381683752053,39.0915165074716,50
50.29901,1257.1637005184,-23.6717190850132,-23.6717190850132,16.3381683752082,39.1176905763934,50
50.39901,1257.16370051838,-23.6717190849914,-23.6717190849914,16.3381683752052,39.1438578882708,50
50.499,1257.19250843727,-23.6135382855329,-23.6135382855329,16.3945136603749,39.1700140217568,50
50.59901,1257.16370051838,-23.6717190849912,-23.6717190849912,16.3381683752052,39.1961722478669,50
50.69901,1257.1637005184,-23.6717190850127,-23.6717190850127,16.3381683752081,39.2223192990744,50
50.79901,1257.16370051838,-23.6717190849909,-23.6717190849909,16.3381683752052,39.2484596002116,50
50.89901,1257.1637005184,-23.6717190850124,-23.6717190850124,16.3381683752081,39.2745931530209,50
50.999,1257.19250843725,-23.6135382855106,-23.6135382855106,16.3945136603718,39.30071553856,50
51.09901,1257.16370051839,-23.6717190850121,-23.6717190850121,16.3381683752081,39.3268400206258,50
51.19901,1257.16370051838,-23.6717190849904,-23.6717190849904,16.3381683752052,39.3529533389038,50
51.29901,1257.16370051839,-23.6717190850119,-23.6717190850119,16.338168375208,39.3790599158202,50
51.39901,1257.16370051837,-23.6717190849901,-23.6717190849901,16.3381683752052,39.405159753115,50
51.499,1257.19250843726,-23.6135382855315,-23.6135382855315,16.3945136603747,39.4312484342458,50
51.59901,1257.16370051837,-23.6717190849898,-23.6717190849898,16.3381683752052,39.4573392158008,50
51.69901,1257.16370051839,-23.6717190850113,-23.6717190850113,16.338168375208,39.4834188446698,50
51.79901,1257.16370051837,-23.6717190849895,-23.6717190849895,16.3381683752052,39.5094917408743,50
51.89901,1257.16370051838,-23.671719085011,-23.671719085011,16.338168375208,39.5355579061522,50
51.999,1257.19250843724,-23.6135382855093,-23.6135382855093,16.3945136603717,39.5616129263569,50
52.09901,1257.16370051838,-23.6717190850107,-23.6717190850107,16.3381683752079,39.5876700508792,50
52.19901,1257.16370051836,-23.6717190849889,-23.6717190849889,16.3381683752051,39.613716033802,50
52.29901,1257.16370051838,-23.6717190850104,-23.6717190850104,16.3381683752079,39.6397552927463,50
52.39901,1257.16370051836,-23.6717190849886,-23.6717190849886,16.3381683752052,39.665787829448,50
52.499,1257.19250843725,-23.61353828553,-23.61353828553,16.3945136603746,39.6918092321543,50
52.59901,1257.16370051836,-23.6717190849882,-23.6717190849882,16.338168375205,39.7178327430653,50
52.69901,1257.16370051838,-23.6717190850098,-23.6717190850098,16.3381683752079,39.74384512345,50
52.79901,1257.16370051836,-23.671719084988,-23.671719084988,16.338168375205,39.7698507885307,50
52.89901,1257.16370051837,-23.6717190850095,-23.6717190850095,16.3381683752079,39.7958497400416,50
52.999,1257.19250843723,-23.6135382855077,-23.6135382855077,16.3945136603715,39.8218375686191,50
53.09901,1257.16370051837,-23.671719085009,-23.671719085009,16.3381683752078,39.8478275092848,50
53.19901,1257.16370051836,-23.6717190849874,-23.6717190849874,16.3381683752048,39.8738063304824,50
53.29901,1257.16370051837,-23.6717190850088,-23.6717190850088,16.3381683752077,39.8997784450397,50
53.39901,1257.16370051836,-23.671719084987,-23.671719084987,16.3381683752048,39.9257438546883,50
53.499,1257.19250843724,-23.6135382855284,-23.6135382855284,16.3945136603744,39.9516981524524,50
53.59901,1257.16370051835,-23.6717190849867,-23.6717190849867,16.3381683752048,39.9776545661825,50
53.69901,1257.16370051837,-23.6717190850082,-23.6717190850082,16.3381683752076,40.0035998714887,50
53.79901,1257.16370051835,-23.6717190849865,-23.6717190849865,16.3381683752047,40.029538478807,50
53.89901,1257.16370051837,-23.6717190850079,-23.6717190850079,16.3381683752076,40.0554703898668,50
53.999,1257.19250843722,-23.6135382855062,-23.6135382855062,16.3945136603713,40.0813912000764,50
54.09901,1257.16370051836,-23.6717190850076,-23.6717190850076,16.3381683752076,40.107314130125,50
54.19901,1257.16370051835,-23.6717190849859,-23.6717190849859,16.3381683752047,40.1332259627791,50
54.29901,1257.16370051836,-23.6717190850072,-23.6717190850072,16.3381683752076,40.1591311060868,50
54.39901,1257.16370051835,-23.6717190849856,-23.6717190849856,16.3381683752047,40.185029561775,50
54.499,1257.19250843723,-23.6135382855269,-23.6135382855269,16.3945136603742,40.210916927633,50
54.59901,1257.16370051834,-23.6717190849853,-23.6717190849853,16.3381683752046,40.2368064171982,50
54.69901,1257.16370051836,-23.6717190850066,-23.6717190850066,16.3381683752075,40.2626848203848,50
54.79901,1257.16370051834,-23.6717190849851,-23.6717190849851,16.3381683752046,40.2885565428547,50
54.89901,1257.16370051836,-23.6717190850063,-23.6717190850063,16.3381683752076,40.3144215863325,50
54.999,1257.19250843721,-23.6135382855047,-23.6135382855047,16.3945136603711,40.3402755509862,50
55.09901,1257.16370051835,-23.671719085006,-23.671719085006,16.3381683752075,40.36613164321,50
55.19901,1257.16370051834,-23.6717190849844,-23.6717190849844,16.3381683752045,40.3919766600562,50
55.29901,1257.16370051835,-23.6717190850056,-23.6717190850056,16.3381683752074,40.4178150048055,50
55.39901,1257.16370051834,-23.6717190849841,-23.6717190849841,16.3381683752044,40.4436466791795,50
55.499,1257.19250843722,-23.6135382855253,-23.6135382855253,16.394513660374,40.4694672857211,50
55.59901,1257.16370051834,-23.6717190849838,-23.6717190849838,16.3381683752044,40.4952900236904,50
55.69901,1257.16370051835,-23.671719085005,-23.671719085005,16.3381683752072,40.5211016972693,50
55.79901,1257.16370051833,-23.6717190849835,-23.6717190849835,16.3381683752044,40.5469067073588,50
55.89901,1257.16370051835,-23.6717190850047,-23.6717190850047,16.3381683752071,40.5727050556791,50
55.999,1257.1925084372,-23.6135382855032,-23.6135382855032,16.3945136603709,40.5984923471442,50
56.09901,1257.16370051835,-23.6717190850044,-23.6717190850044,16.3381683752071,40.6242817738903,50
56.19901,1257.16370051833,-23.6717190849828,-23.6717190849828,16.3381683752043,40.650060147219,50
56.29901,1257.16370051834,-23.6717190850041,-23.6717190850041,16.338168375207,40.6758318656548,50
56.39901,1257.16370051833,-23.6717190849825,-23.6717190849825,16.3381683752043,40.7015969309159,50
56.499,1257.19250843722,-23.6135382855237,-23.6135382855237,16.3945136603737,40.7273509502852,50
56.59901,1257.16370051833,-23.6717190849822,-23.6717190849822,16.3381683752042,40.753107108783,50
56.69901,1257.16370051834,-23.6717190850035,-23.6717190850035,16.338168375207,40.7788522248227,50
56.79901,1257.16370051832,-23.6717190849818,-23.6717190849818,16.3381683752042,40.8045906945551,50
56.89901,1257.16370051834,-23.6717190850032,-23.6717190850032,16.338168375207,40.8303225196964,50
56.999,1257.19250843719,-23.6135382855015,-23.6135382855015,16.3945136603707,40.856043309895,50
57.09901,1257.16370051834,-23.6717190850029,-23.6717190850029,16.3381683752069,40.8817662430651,50
57.19901,1257.16370051832,-23.6717190849812,-23.6717190849812,16.3381683752041,40.9074781447226,50
57.29901,1257.16370051833,-23.6717190850026,-23.6717190850026,16.3381683752069,40.9331834086469,50
57.39901,1257.16370051832,-23.6717190849808,-23.6717190849808,16.3381683752041,40.9588820365521,50
57.499,1257.1925084372,-23.6135382855222,-23.6135382855222,16.3945136603736,40.9845696404497,50
57.59901,1257.16370051831,-23.6717190849806,-23.6717190849806,16.3381683752041,41.0102593911571,50
57.69901,1257.16370051833,-23.671719085002,-23.671719085002,16.338168375207,41.035938121282,50
57.79901,1257.16370051831,-23.6717190849804,-23.6717190849804,16.338168375204,41.0616102222376,50
57.89901,1257.16370051833,-23.6717190850017,-23.6717190850017,16.3381683752069,41.087275695735,50
57.999,1257.19250843718,-23.6135382855002,-23.6135382855002,16.3945136603705,41.1129301561458,50
58.09901,1257.16370051832,-23.6717190850015,-23.6717190850015,16.3381683752068,41.1385867672,50
58.19901,1257.16370051831,-23.6717190849799,-23.6717190849799,16.338168375204,41.1642323685879,50
58.29901,1257.16370051832,-23.6717190850011,-23.6717190850011,16.3381683752068,41.1898713493588,50
58.39901,1257.16370051831,-23.6717190849796,-23.6717190849796,16.338168375204,41.2155037112227,50
58.499,1257.1925084372,-23.6135382855208,-23.6135382855208,16.3945136603734,41.2411250709065,50
58.59901,1257.16370051831,-23.6717190849792,-23.6717190849792,16.3381683752039,41.2667485850616,50
58.69901,1257.16370051832,-23.6717190850006,-23.6717190850006,16.3381683752067,41.292361100453,50
58.79901,1257.1637005183,-23.6717190849789,-23.6717190849789,16.3381683752038,41.3179670037687,50
58.89901,1257.16370051832,-23.6717190850003,-23.6717190850003,16.3381683752067,41.3435662967162,50
58.999,1257.19250843717,-23.6135382854985,-23.6135382854985,16.3945136603704,41.3691545983766,50
59.09901,1257.16370051832,-23.671719085,-23.671719085,16.3381683752066,41.3947450583315,50
59.19901,1257.1637005183,-23.6717190849782,-23.6717190849782,16.3381683752039,41.4203245304106,50
59.29901,1257.16370051832,-23.6717190849996,-23.6717190849996,16.3381683752065,41.445897398945,50
59.39901,1257.1637005183,-23.6717190849778,-23.6717190849778,16.3381683752038,41.4714636656394,50
59.499,1257.19250843719,-23.6135382855191,-23.6135382855191,16.3945136603731,41.4970189519254,50
59.59901,1257.1637005183,-23.6717190849775,-23.6717190849775,16.3381683752037,41.5225764003237,50
59.69901,1257.16370051831,-23.671719084999,-23.671719084999,16.3381683752066,41.5481228717212,50
59.79901,1257.16370051829,-23.6717190849773,-23.6717190849773,16.3381683752037,41.5736627480933,50
59.89901,1257.16370051831,-23.6717190849987,-23.6717190849987,16.3381683752065,41.5991960311422,50
59.999,1257.19250843717,-23.613538285497,-23.613538285497,16.3945136603701,41.6247183446481,50
60.09901,1257.16370051831,-23.6717190849984,-23.6717190849984,16.3381683752065,41.6502428240794,50
60.19901,1257.16370051829,-23.6717190849768,-23.6717190849768,16.3381683752036,41.6757563373704,50
60.29901,1257.1637005183,-23.6717190849981,-23.6717190849981,16.3381683752065,41.7012632641442,50
60.39901,1257.16370051829,-23.6717190849765,-23.6717190849765,16.3381683752036,41.7267636061009,50
60.499,1257.19250843717,-23.6135382855178,-23.6135382855178,16.3945136603732,41.752252989365,50
60.59901,1257.16370051828,-23.6717190849762,-23.6717190849762,16.3381683752036,41.7777445423632,50
60.69901,1257.1637005183,-23.6717190849976,-23.6717190849976,16.3381683752065,41.8032251400673,50
60.79901,1257.16370051828,-23.671719084976,-23.671719084976,16.3381683752036,41.8286991597517,50
60.89901,1257.1637005183,-23.6717190849972,-23.6717190849972,16.3381683752064,41.8541666031145,50
60.999,1257.19250843715,-23.6135382854956,-23.6135382854956,16.3945136603701,41.879623098621,50
61.09901,1257.16370051829,-23.6717190849968,-23.6717190849968,16.3381683752064,41.9050817676653,50
61.19901,1257.16370051828,-23.6717190849753,-23.6717190849753,16.3381683752036,41.930529492248,50
61.29901,1257.16370051829,-23.6717190849966,-23.6717190849966,16.3381683752063,41.9559706472974,50
61.39901,1257.16370051828,-23.671719084975,-23.671719084975,16.3381683752035,41.9814052345098,50
61.499,1257.19250843716,-23.6135382855161,-23.6135382855161,16.3945136603729,42.0068288846887,50
61.59901,1257.16370051828,-23.6717190849747,-23.6717190849747,16.3381683752034,42.0322547122035,50
61.69901,1257.16370051829,-23.6717190849959,-23.6717190849959,16.3381683752063,42.0576696060749,50
61.79901,1257.16370051827,-23.6717190849744,-23.6717190849744,16.3381683752034,42.0830779388885,50
61.89901,1257.16370051829,-23.6717190849956,-23.6717190849956,16.3381683752062,42.108479712338,50
61.999,1257.19250843715,-23.6135382854941,-23.6135382854941,16.3945136603698,42.133870559563,50
62.09901,1257.16370051829,-23.6717190849954,-23.6717190849954,16.3381683752062,42.1592635879182,50
62.19901,1257.16370051827,-23.6717190849738,-23.6717190849738,16.3381683752033,42.1846456934344,50
62.29901,1257.16370051828,-23.6717190849951,-23.6717190849951,16.3381683752062,42.2100212463577,50
62.39901,1257.16370051827,-23.6717190849734,-23.6717190849734,16.3381683752032,42.2353902483792,50
62.499,1257.19250843715,-23.6135382855147,-23.6135382855147,16.3945136603727,42.2607483349708,50
62.59901,1257.16370051827,-23.6717190849731,-23.6717190849731,16.3381683752032,42.2861086064812,50
62.69901,1257.16370051828,-23.6717190849945,-23.6717190849945,16.338168375206,42.3114579659427,50
62.79901,1257.16370051826,-23.6717190849729,-23.6717190849729,16.3381683752031,42.3368007812652,50
62.89901,1257.16370051828,-23.6717190849941,-23.6717190849941,16.338168375206,42.3621370541371,50
62.999,1257.19250843714,-23.6135382854926,-23.6135382854926,16.3945136603696,42.3874624223605,50
63.09901,1257.16370051828,-23.6717190849938,-23.6717190849938,16.3381683752059,42.4127899792864,50
63.19901,1257.16370051826,-23.6717190849722,-23.6717190849722,16.3381683752031,42.43810663494,50
63.29901,1257.16370051827,-23.6717190849934,-23.6717190849934,16.338168375206,42.4634167548966,50
63.39901,1257.16370051826,-23.6717190849719,-23.6717190849719,16.338168375203,42.4887203408437,50
63.499,1257.19250843715,-23.6135382855131,-23.6135382855131,16.3945136603725,42.5140130329092,50
63.59901,1257.16370051826,-23.6717190849716,-23.6717190849716,16.3381683752029,42.539307917456,50
63.69901,1257.16370051827,-23.6717190849929,-23.6717190849929,16.3381683752059,42.5645919114935,50
63.79901,1257.16370051826,-23.6717190849713,-23.6717190849713,16.3381683752028,42.5898693782661,50
63.89901,1257.16370051827,-23.6717190849925,-23.6717190849925,16.3381683752058,42.6151403194588,50
63.999,1257.19250843713,-23.613538285491,-23.613538285491,16.3945136603693,42.6404003775226,50
64.09901,1257.16370051827,-23.6717190849922,-23.6717190849922,16.3381683752058,42.6656626318424,50
64.19901,1257.16370051825,-23.6717190849707,-23.6717190849707,16.3381683752027,42.6909140064012,50
64.299,1257.19250843714,-23.6135382855119,-23.6135382855119,16.3945136603723,42.7161545042767,50
64.39901,1257.16370051825,-23.6717190849704,-23.6717190849704,16.3381683752027,42.7413972006701,50
64.49901,1257.16370051826,-23.6717190849916,-23.6717190849916,16.3381683752058,42.7666290237454,50
64.59901,1257.16370051825,-23.6717190849701,-23.6717190849701,16.3381683752027,42.791854333024,50
64.69901,1257.16370051826,-23.6717190849914,-23.6717190849914,16.3381683752057,42.8170731301877,50
64.799,1257.19250843712,-23.6135382854899,-23.6135382854899,16.3945136603691,42.8422810613988,50
64.89901,1257.16370051826,-23.6717190849911,-23.6717190849911,16.3381683752056,42.867491194894,50
64.99901,1257.16370051824,-23.6717190849696,-23.6717190849696,16.3381683752027,42.892690465798,50
65.09901,1257.16370051826,-23.6717190849908,-23.6717190849908,16.3381683752055,42.9178832313088,50
65.19901,1257.16370051824,-23.6717190849692,-23.6717190849692,16.3381683752027,42.9430694931057,50
65.299,1257.19250843713,-23.6135382855104,-23.6135382855104,16.3945136603721,42.9682448996673,50
65.39901,1257.16370051824,-23.6717190849691,-23.6717190849691,16.3381683752027,42.993422512275,50
65.49901,1257.16370051826,-23.6717190849904,-23.6717190849904,16.3381683752056,43.0185892730037,50
65.59901,1257.16370051824,-23.6717190849687,-23.6717190849687,16.3381683752027,43.0437495367323,50
65.69901,1257.16370051825,-23.67171908499,-23.67171908499,16.3381683752055,43.0689033051377,50
65.799,1257.19250843711,-23.6135382854884,-23.6135382854884,16.394513660369,43.094046229011,50
65.89901,1257.16370051825,-23.6717190849898,-23.6717190849898,16.3381683752054,43.119191362687,50
65.99901,1257.16370051824,-23.6717190849681,-23.6717190849681,16.3381683752025,43.1443256551824,50
66.09901,1257.16370051825,-23.6717190849895,-23.6717190849895,16.3381683752054,43.1694534590596,50
66.19901,1257.16370051823,-23.6717190849678,-23.6717190849678,16.3381683752026,43.1945747759936,50
66.299,1257.19250843712,-23.6135382855091,-23.6135382855091,16.3945136603719,43.2196852590849,50
66.39901,1257.16370051823,-23.6717190849676,-23.6717190849676,16.3381683752026,43.2447979557306,50
66.49901,1257.16370051824,-23.6717190849889,-23.6717190849889,16.3381683752054,43.2698998218808,50
66.59901,1257.16370051823,-23.6717190849673,-23.6717190849673,16.3381683752025,43.2949952077845,50
66.69901,1257.16370051824,-23.6717190849885,-23.6717190849885,16.3381683752053,43.3200841151136,50
66.799,1257.1925084371,-23.6135382854869,-23.6135382854869,16.3945136603689,43.3451621992753,50
66.89901,1257.16370051824,-23.6717190849883,-23.6717190849883,16.3381683752053,43.3702425007387,50
66.99901,1257.16370051822,-23.6717190849666,-23.6717190849666,16.3381683752025,43.3953119823782,50
67.09901,1257.16370051824,-23.6717190849881,-23.6717190849881,16.3381683752052,43.4203749921307,50
67.19901,1257.16370051822,-23.6717190849664,-23.6717190849664,16.3381683752025,43.4454315316671,50
67.299,1257.19250843711,-23.6135382855077,-23.6135382855077,16.3945136603718,43.4704772586983,50
67.39901,1257.16370051822,-23.6717190849661,-23.6717190849661,16.3381683752024,43.495525206773,50
67.49901,1257.16370051824,-23.6717190849874,-23.6717190849874,16.3381683752052,43.5205623456815,50
67.59901,1257.16370051822,-23.6717190849658,-23.6717190849658,16.3381683752024,43.5455930210528,50
67.69901,1257.16370051823,-23.6717190849872,-23.6717190849872,16.3381683752051,43.5706172345552,50
67.799,1257.19250843709,-23.6135382854855,-23.6135382854855,16.3945136603687,43.5956306462,50
67.89901,1257.16370051823,-23.6717190849869,-23.6717190849869,16.3381683752051,43.6206462826264,50
67.99901,1257.16370051822,-23.6717190849652,-23.6717190849652,16.3381683752022,43.6456511205302,50
68.09901,1257.16370051823,-23.6717190849866,-23.6717190849866,16.338168375205,43.6706495032354,50
68.19901,1257.16370051821,-23.6717190849648,-23.6717190849648,16.3381683752023,43.6956414324085,50
68.299,1257.1925084371,-23.6135382855062,-23.6135382855062,16.3945136603716,43.7206225703585,50
68.39901,1257.16370051821,-23.6717190849645,-23.6717190849645,16.3381683752022,43.7456059368224,50
68.49901,1257.16370051823,-23.671719084986,-23.671719084986,16.3381683752049,43.7705785153935,50
68.59901,1257.16370051821,-23.6717190849644,-23.6717190849644,16.3381683752022,43.7955446470941,50
68.69901,1257.16370051823,-23.6717190849858,-23.6717190849858,16.3381683752049,43.8205043335883,50
68.799,1257.19250843708,-23.6135382854841,-23.6135382854841,16.3945136603685,43.8454532394801,50
68.89901,1257.16370051822,-23.6717190849855,-23.6717190849855,16.3381683752048,43.8704043776133,50
68.99901,1257.16370051821,-23.6717190849637,-23.6717190849637,16.3381683752021,43.8953447384701,50
69.09901,1257.16370051822,-23.6717190849852,-23.6717190849852,16.3381683752048,43.9202786607739,50
69.19901,1257.16370051821,-23.6717190849634,-23.6717190849634,16.338168375202,43.9452061461863,50
69.299,1257.19250843709,-23.6135382855048,-23.6135382855048,16.3945136603714,43.9701228616034,50
69.39901,1257.1637005182,-23.6717190849632,-23.6717190849632,16.338168375202,43.9950418129841,50
69.49901,1257.16370051822,-23.6717190849846,-23.6717190849846,16.3381683752047,44.019949997692,50
69.59901,1257.1637005182,-23.6717190849629,-23.6717190849629,16.3381683752019,44.0448517521533,50
69.69901,1257.16370051822,-23.6717190849843,-23.6717190849843,16.3381683752047,44.0697470780275,50
69.799,1257.19250843707,-23.6135382854827,-23.6135382854827,16.3945136603684,44.0946316444995,50
69.89901,1257.16370051821,-23.6717190849841,-23.6717190849841,16.3381683752046,44.1195184506537,50
69.99901,1257.1637005182,-23.6717190849624,-23.6717190849624,16.3381683752019,44.1443945007235,50
70.09901,1257.16370051821,-23.6717190849837,-23.6717190849837,16.3381683752046,44.169264128842,50
70.19901,1257.16370051819,-23.6717190849621,-23.6717190849621,16.3381683752019,44.1941273366678,50
70.299,1257.19250843708,-23.6135382855034,-23.6135382855034,16.3945136603711,44.2189797956709,50
70.39901,1257.16370051819,-23.6717190849618,-23.6717190849618,16.3381683752018,44.2438344980694,50
70.49901,1257.16370051821,-23.6717190849831,-23.6717190849831,16.3381683752045,44.2686784549585,50
70.59901,1257.16370051819,-23.6717190849614,-23.6717190849614,16.3381683752018,44.2935159981821,50
70.69901,1257.16370051821,-23.6717190849829,-23.6717190849829,16.3381683752045,44.3183471293959,50
70.799,1257.19250843706,-23.6135382854813,-23.6135382854813,16.3945136603682,44.3431675223525,50
70.89901,1257.16370051821,-23.6717190849825,-23.6717190849825,16.3381683752044,44.3679901624129,50
70.99901,1257.16370051819,-23.6717190849608,-23.6717190849608,16.3381683752018,44.3928020675266,50
71.09901,1257.1637005182,-23.6717190849822,-23.6717190849822,16.3381683752044,44.4176075672487,50
71.19901,1257.16370051818,-23.6717190849605,-23.6717190849605,16.3381683752017,44.4424066632326,50
71.299,1257.19250843708,-23.6135382855019,-23.6135382855019,16.394513660371,44.4671950315125,50
71.39901,1257.16370051818,-23.6717190849602,-23.6717190849602,16.3381683752016,44.4919856505998,50
71.49901,1257.1637005182,-23.6717190849816,-23.6717190849816,16.3381683752044,44.5167655452875,50
71.59901,1257.16370051818,-23.6717190849599,-23.6717190849599,16.3381683752016,44.5415390428478,50
71.69901,1257.1637005182,-23.6717190849813,-23.6717190849813,16.3381683752043,44.5663061449317,50
71.799,1257.19250843705,-23.6135382854797,-23.6135382854797,16.394513660368,44.5910625298501,50
71.89901,1257.1637005182,-23.671719084981,-23.671719084981,16.3381683752043,44.6158211692748,50
71.99901,1257.16370051818,-23.6717190849594,-23.6717190849594,16.3381683752016,44.640569094835,50
72.09901,1257.16370051819,-23.6717190849807,-23.6717190849807,16.3381683752043,44.6653106315204,50
72.19901,1257.16370051817,-23.671719084959,-23.671719084959,16.3381683752015,44.6900457809802,50
72.299,1257.19250843707,-23.6135382855004,-23.6135382855004,16.3945136603708,44.7147702237999,50
72.39901,1257.16370051817,-23.6717190849587,-23.6717190849587,16.3381683752015,44.7394969248198,50
72.49901,1257.16370051819,-23.6717190849801,-23.6717190849801,16.3381683752042,44.7642129224959,50
72.59901,1257.16370051817,-23.6717190849584,-23.6717190849584,16.3381683752015,44.7889225395396,50
72.69901,1257.16370051819,-23.6717190849799,-23.6717190849799,16.3381683752042,44.8136257775981,50
72.799,1257.19250843704,-23.6135382854782,-23.6135382854782,16.3945136603679,44.8383183195276,50
72.89901,1257.16370051819,-23.6717190849796,-23.6717190849796,16.338168375204,44.8630131233471,50
72.99901,1257.16370051817,-23.6717190849578,-23.6717190849578,16.3381683752014,44.8876972343301,50
73.09901,1257.16370051819,-23.6717190849792,-23.6717190849792,16.3381683752041,44.9123749729128,50
73.19901,1257.16370051817,-23.6717190849574,-23.6717190849574,16.3381683752012,44.9370463407403,50
73.299,1257.19250843706,-23.6135382854988,-23.6135382854988,16.3945136603705,44.9617070229368,50
73.39901,1257.16370051817,-23.6717190849571,-23.6717190849571,16.3381683752012,44.9863699707077,50
73.49901,1257.16370051818,-23.6717190849785,-23.6717190849785,16.338168375204,45.0110222361355,50
73.59901,1257.16370051816,-23.6717190849568,-23.6717190849568,16.3381683752012,45.0356681373838,50
73.69901,1257.16370051818,-23.6717190849782,-23.6717190849782,16.3381683752039,45.060307676096,50
73.799,1257.19250843704,-23.6135382854766,-23.6135382854766,16.3945136603675,45.0849365396612,50
73.89901,1257.16370051818,-23.6717190849778,-23.6717190849778,16.3381683752039,45.1095676724813,50
73.99901,1257.16370051816,-23.6717190849563,-23.6717190849563,16.3381683752011,45.1341881334387,50
74.09901,1257.16370051817,-23.6717190849776,-23.6717190849776,16.338168375204,45.1588022384271,50
74.19901,1257.16370051816,-23.6717190849561,-23.6717190849561,16.338168375201,45.1834099890877,50
74.299,1257.19250843705,-23.6135382854973,-23.6135382854973,16.3945136603704,45.2080070750725,50
74.39901,1257.16370051816,-23.6717190849557,-23.6717190849557,16.338168375201,45.2326064339873,50
74.49901,1257.16370051817,-23.6717190849771,-23.6717190849771,16.3381683752038,45.2571951315058,50
74.59901,1257.16370051815,-23.6717190849554,-23.6717190849554,16.338168375201,45.2817774812554,50
74.69901,1257.16370051817,-23.6717190849768,-23.6717190849768,16.3381683752038,45.3063534848751,50
74.799,1257.19250843703,-23.6135382854751,-23.6135382854751,16.3945136603674,45.3309188342766,50
74.89901,1257.16370051817,-23.6717190849766,-23.6717190849766,16.3381683752038,45.3554864602779,50
74.99901,1257.16370051815,-23.6717190849549,-23.6717190849549,16.338168375201,45.3800434353366,50
75.09901,1257.16370051816,-23.6717190849763,-23.6717190849763,16.3381683752038,45.4045940708155,50
75.19901,1257.16370051815,-23.6717190849545,-23.6717190849545,16.338168375201,45.4291383683517,50
75.299,1257.19250843704,-23.6135382854959,-23.6135382854959,16.3945136603701,45.4536720221134,50
75.39901,1257.16370051815,-23.6717190849542,-23.6717190849542,16.338168375201,45.4782079561414,50
75.49901,1257.16370051816,-23.6717190849757,-23.6717190849757,16.3381683752037,45.5027332496656,50
75.59901,1257.16370051814,-23.6717190849539,-23.6717190849539,16.3381683752008,45.5272522117897,50
75.69901,1257.16370051816,-23.6717190849754,-23.6717190849754,16.3381683752037,45.5517648441479,50
75.799,1257.19250843701,-23.6135382854737,-23.6135382854737,16.3945136603672,45.5762668431618,50
75.89901,1257.16370051816,-23.6717190849751,-23.6717190849751,16.3381683752037,45.6007711261025,50
75.99901,1257.16370051814,-23.6717190849533,-23.6717190849533,16.3381683752008,45.6252647789657,50
76.09901,1257.16370051815,-23.6717190849747,-23.6717190849747,16.3381683752036,45.6497521085968,50
76.19901,1257.16370051814,-23.671719084953,-23.671719084953,16.3381683752006,45.674233116628,50
76.299,1257.19250843703,-23.6135382854942,-23.6135382854942,16.39451366037,45.6987035017325,50
76.39901,1257.16370051814,-23.6717190849527,-23.6717190849527,16.3381683752006,45.7231761744195,50
76.49901,1257.16370051815,-23.6717190849739,-23.6717190849739,16.3381683752035,45.7476382274421,50
76.59901,1257.16370051814,-23.6717190849524,-23.6717190849524,16.3381683752006,45.7720939653903,50
76.69901,1257.16370051815,-23.6717190849737,-23.6717190849737,16.3381683752034,45.7965433898944,50
76.79901,1257.16370051813,-23.6717190849521,-23.6717190849521,16.3381683752007,45.8209865025841,50
76.89901,1257.16370051815,-23.6717190849733,-23.6717190849733,16.3381683752034,45.8454233050893,50
76.99901,1257.16370051813,-23.6717190849518,-23.6717190849518,16.3381683752006,45.8698537990384,50
77.09901,1257.16370051815,-23.6717190849729,-23.6717190849729,16.3381683752034,45.894277986061,50
77.19901,1257.16370051813,-23.6717190849514,-23.6717190849514,16.3381683752006,45.9186958677845,50
77.29901,1257.16370051814,-23.6717190849727,-23.6717190849727,16.3381683752033,45.9431074458371,50
77.39901,1257.16370051813,-23.6717190849511,-23.6717190849511,16.3381683752005,45.9675127218463,50
77.49901,1257.16370051814,-23.6717190849724,-23.6717190849724,16.3381683752033,45.9919116974381,50
77.59901,1257.16370051812,-23.6717190849508,-23.6717190849508,16.3381683752005,46.0163043742391,50
77.69901,1257.16370051814,-23.6717190849719,-23.6717190849719,16.3381683752033,46.040690753876,50
77.79901,1257.16370051812,-23.6717190849505,-23.6717190849505,16.3381683752004,46.0650708379745,50
77.89901,1257.16370051814,-23.6717190849718,-23.6717190849718,16.3381683752033,46.0894446281593,50
77.99901,1257.16370051812,-23.6717190849502,-23.6717190849502,16.3381683752004,46.1138121260558,50
78.09901,1257.16370051813,-23.6717190849715,-23.6717190849715,16.3381683752032,46.1381733332881,50
78.19901,1257.16370051812,-23.6717190849498,-23.6717190849498,16.3381683752004,46.16252825148,50
78.29901,1257.16370051813,-23.6717190849712,-23.6717190849712,16.3381683752032,46.1868768822554,50
78.39901,1257.16370051811,-23.6717190849495,-23.6717190849495,16.3381683752004,46.2112192272373,50
78.49901,1257.16370051813,-23.671719084971,-23.671719084971,16.3381683752032,46.2355552880486,50
78.59901,1257.16370051811,-23.6717190849492,-23.6717190849492,16.3381683752004,46.2598850663115,50
78.69901,1257.16370051813,-23.6717190849707,-23.6717190849707,16.3381683752032,46.2842085636477,50
78.79901,1257.16370051811,-23.6717190849488,-23.6717190849488,16.3381683752003,46.3085257816789,50
78.89901,1257.16370051813,-23.6717190849704,-23.6717190849704,16.3381683752031,46.3328367220261,50
78.99901,1257.16370051811,-23.6717190849484,-23.6717190849484,16.3381683752003,46.3571413863099,50
79.09901,1257.16370051812,-23.6717190849701,-23.6717190849701,16.3381683752031,46.3814397761507,50
79.19901,1257.16370051811,-23.6717190849482,-23.6717190849482,16.3381683752003,46.405731893168,50
79.29901,1257.16370051812,-23.6717190849698,-23.6717190849698,16.3381683752032,46.4300177389815,50
79.39901,1257.1637005181,-23.671719084948,-23.671719084948,16.3381683752003,46.4542973152097,50
79.49901,1257.16370051812,-23.6717190849695,-23.6717190849695,16.3381683752031,46.4785706234713,50
79.59901,1257.1637005181,-23.6717190849476,-23.6717190849476,16.3381683752002,46.5028376653846,50
79.69901,1257.16370051812,-23.6717190849692,-23.6717190849692,16.338168375203,46.5270984425674,50
79.79901,1257.1637005181,-23.6717190849473,-23.6717190849473,16.3381683752001,46.551352956637,50
79.89901,1257.16370051812,-23.6717190849688,-23.6717190849688,16.338168375203,46.5756012092101,50
79.99901,1257.1637005181,-23.6717190849471,-23.6717190849471,16.3381683752001,46.599843201903,50
80.09901,1257.16370051811,-23.6717190849685,-23.6717190849685,16.3381683752029,46.6240789363317,50
80.19901,1257.1637005181,-23.6717190849467,-23.6717190849467,16.3381683752001,46.6483084141121,50
80.29901,1257.16370051811,-23.6717190849682,-23.6717190849682,16.3381683752029,46.6725316368592,50
80.39901,1257.1637005181,-23.6717190849464,-23.6717190849464,16.3381683752,46.6967486061881,50
80.49901,1257.16370051811,-23.6717190849678,-23.6717190849678,16.3381683752029,46.7209593237133,50
80.59901,1257.16370051809,-23.6717190849462,-23.6717190849462,16.3381683752,46.745163791048,50
80.69901,1257.16370051811,-23.6717190849675,-23.6717190849675,16.3381683752028,46.7693620098065,50
80.79901,1257.16370051809,-23.6717190849458,-23.6717190849458,16.3381683751999,46.7935539816014,50
80.89901,1257.16370051811,-23.6717190849673,-23.6717190849673,16.3381683752028,46.8177397080452,50
80.99901,1257.16370051809,-23.6717190849455,-23.6717190849455,16.3381683751999,46.841919190751,50
81.09901,1257.16370051811,-23.671719084967,-23.671719084967,16.3381683752027,46.8660924313307,50
81.19901,1257.16370051809,-23.6717190849451,-23.6717190849451,16.3381683751999,46.890259431395,50
81.29901,1257.1637005181,-23.6717190849667,-23.6717190849667,16.3381683752027,46.9144201925551,50
81.39901,1257.16370051809,-23.6717190849449,-23.6717190849449,16.3381683751999,46.9385747164217,50
81.49901,1257.1637005181,-23.6717190849664,-23.6717190849664,16.3381683752027,46.9627230046051,50
81.59901,1257.16370051808,-23.6717190849447,-23.6717190849447,16.3381683751998,46.9868650587152,50
81.69901,1257.1637005181,-23.671719084966,-23.671719084966,16.3381683752027,47.011000880361,50
81.79901,1257.16370051808,-23.6717190849444,-23.6717190849444,16.3381683751998,47.035130471152,50
81.89901,1257.1637005181,-23.6717190849659,-23.6717190849659,16.3381683752027,47.0592538326964,50
81.99901,1257.16370051808,-23.671719084944,-23.671719084944,16.3381683751997,47.0833709666024,50
82.09901,1257.1637005181,-23.6717190849656,-23.6717190849656,16.3381683752026,47.1074818744777,50
82.19901,1257.16370051808,-23.6717190849437,-23.6717190849437,16.3381683751996,47.1315865579295,50
82.29901,1257.1637005181,-23.6717190849652,-23.6717190849652,16.3381683752025,47.1556850185647,50
82.39901,1257.16370051808,-23.6717190849434,-23.6717190849434,16.3381683751996,47.1797772579898,50
82.49901,1257.16370051809,-23.6717190849649,-23.6717190849649,16.3381683752025,47.2038632778108,50
82.59901,1257.16370051808,-23.6717190849432,-23.6717190849432,16.3381683751996,47.2279430796336,50
82.69901,1257.16370051809,-23.6717190849646,-23.6717190849646,16.3381683752024,47.2520166650633,50
82.79901,1257.16370051808,-23.6717190849429,-23.6717190849429,16.3381683751995,47.2760840357045,50
82.89901,1257.16370051809,-23.6717190849643,-23.6717190849643,16.3381683752023,47.3001451931623,50
82.99901,1257.16370051807,-23.6717190849426,-23.6717190849426,16.3381683751995,47.32420013904,50
83.09901,1257.16370051809,-23.671719084964,-23.671719084964,16.3381683752024,47.348248874941,50
83.19901,1257.16370051807,-23.6717190849423,-23.6717190849423,16.3381683751996,47.3722914024693,50
83.29901,1257.16370051809,-23.6717190849637,-23.6717190849637,16.3381683752023,47.396327723227,50
83.39901,1257.16370051807,-23.671719084942,-23.671719084942,16.3381683751995,47.4203578388161,50
83.49901,1257.16370051809,-23.6717190849634,-23.6717190849634,16.3381683752023,47.4443817508386,50
83.59901,1257.16370051807,-23.6717190849417,-23.6717190849417,16.3381683751994,47.4683994608969,50
83.69901,1257.16370051808,-23.6717190849631,-23.6717190849631,16.3381683752023,47.4924109705921,50
83.79901,1257.16370051806,-23.6717190849415,-23.6717190849415,16.3381683751994,47.5164162815239,50
83.89901,1257.16370051808,-23.6717190849628,-23.6717190849628,16.3381683752023,47.5404153952929,50
83.99901,1257.16370051806,-23.6717190849413,-23.6717190849413,16.3381683751994,47.564408313499,50
84.09901,1257.16370051808,-23.6717190849625,-23.6717190849625,16.3381683752022,47.5883950377422,50
84.19901,1257.16370051806,-23.6717190849411,-23.6717190849411,16.3381683751994,47.6123755696205,50
84.29901,1257.16370051807,-23.6717190849622,-23.6717190849622,16.3381683752022,47.6363499107329,50
84.39901,1257.16370051806,-23.6717190849408,-23.6717190849408,16.3381683751994,47.6603180626779,50
84.49901,1257.16370051807,-23.6717190849619,-23.6717190849619,16.3381683752021,47.6842800270534,50
84.59901,1257.16370051806,-23.6717190849404,-23.6717190849404,16.3381683751992,47.7082358054562,50
84.69901,1257.16370051807,-23.6717190849616,-23.6717190849616,16.338168375202,47.7321853994836,50
84.79901,1257.16370051805,-23.6717190849401,-23.6717190849401,16.3381683751992,47.7561288107321,50
84.89901,1257.16370051807,-23.6717190849613,-23.6717190849613,16.3381683752021,47.7800660407977,50
84.99901,1257.16370051805,-23.6717190849398,-23.6717190849398,16.3381683751993,47.8039970912764,50
85.09901,1257.16370051807,-23.6717190849611,-23.6717190849611,16.3381683752021,47.827921963763,50
85.19901,1257.16370051805,-23.6717190849395,-23.6717190849395,16.3381683751992,47.8518406598528,50
85.29901,1257.16370051806,-23.6717190849609,-23.6717190849609,16.3381683752021,47.8757531811401,50
85.39901,1257.16370051805,-23.6717190849392,-23.6717190849392,16.3381683751992,47.8996595292193,50
85.49901,1257.16370051806,-23.6717190849606,-23.6717190849606,16.338168375202,47.9235597056838,50
85.59901,1257.16370051804,-23.6717190849389,-23.6717190849389,16.3381683751991,47.947453712127,50
85.69901,1257.16370051806,-23.6717190849603,-23.6717190849603,16.3381683752019,47.9713415501415,50
85.79901,1257.16370051804,-23.6717190849385,-23.6717190849385,16.3381683751991,47.9952232213196,50
85.89901,1257.16370051806,-23.67171908496,-23.67171908496,16.3381683752018,48.0190987272536,50
85.99901,1257.16370051804,-23.6717190849381,-23.6717190849381,16.338168375199,48.042968069535,50
86.09901,1257.16370051806,-23.6717190849596,-23.6717190849596,16.3381683752018,48.0668312497554,50
86.19901,1257.16370051804,-23.6717190849378,-23.6717190849378,16.338168375199,48.0906882695054,50
86.29901,1257.16370051806,-23.6717190849594,-23.6717190849594,16.3381683752018,48.1145391303749,50
86.39901,1257.16370051804,-23.6717190849375,-23.6717190849375,16.338168375199,48.1383838339547,50
86.49901,1257.16370051806,-23.6717190849591,-23.6717190849591,16.3381683752017,48.1622223818332,50
86.59901,1257.16370051804,-23.6717190849373,-23.6717190849373,16.3381683751989,48.1860547756006,50
86.69901,1257.16370051805,-23.6717190849588,-23.6717190849588,16.3381683752017,48.2098810168451,50
86.79901,1257.16370051804,-23.6717190849371,-23.6717190849371,16.3381683751989,48.2337011071551,50
86.89901,1257.16370051805,-23.6717190849586,-23.6717190849586,16.3381683752017,48.2575150481192,50
86.99901,1257.16370051803,-23.6717190849369,-23.6717190849369,16.3381683751989,48.2813228413238,50
87.09901,1257.16370051805,-23.6717190849583,-23.6717190849583,16.3381683752016,48.3051244883567,50
87.19901,1257.16370051803,-23.6717190849366,-23.6717190849366,16.3381683751988,48.3289199908036,50
87.29901,1257.16370051805,-23.671719084958,-23.671719084958,16.3381683752016,48.3527093502518,50
87.39901,1257.16370051803,-23.6717190849363,-23.6717190849363,16.3381683751988,48.3764925682872,50
87.49901,1257.16370051805,-23.6717190849577,-23.6717190849577,16.3381683752015,48.400269646495,50
87.59901,1257.16370051803,-23.671719084936,-23.671719084936,16.3381683751988,48.4240405864605,50
87.69901,1257.16370051804,-23.6717190849574,-23.6717190849574,16.3381683752015,48.4478053897675,50
87.79901,1257.16370051803,-23.6717190849358,-23.6717190849358,16.3381683751988,48.4715640580011,50
87.89901,1257.16370051804,-23.6717190849571,-23.6717190849571,16.3381683752015,48.4953165927441,50
87.99901,1257.16370051802,-23.6717190849355,-23.6717190849355,16.3381683751988,48.5190629955808,50
88.09901,1257.16370051804,-23.6717190849568,-23.6717190849568,16.3381683752015,48.5428032680942,50
88.19901,1257.16370051802,-23.6717190849352,-23.6717190849352,16.3381683751987,48.5665374118662,50
88.29901,1257.16370051804,-23.6717190849565,-23.6717190849565,16.3381683752015,48.5902654284801,50
88.39901,1257.16370051802,-23.6717190849349,-23.6717190849349,16.3381683751986,48.6139873195171,50
88.49901,1257.16370051804,-23.6717190849563,-23.6717190849563,16.3381683752015,48.6377030865584,50
88.59901,1257.16370051802,-23.6717190849346,-23.6717190849346,16.3381683751986,48.6614127311848,50
88.69901,1257.16370051803,-23.6717190849561,-23.6717190849561,16.3381683752015,48.6851162549771,50
88.79901,1257.16370051802,-23.6717190849343,-23.6717190849343,16.3381683751986,48.7088136595156,50
88.89901,1257.16370051803,-23.6717190849558,-23.6717190849558,16.3381683752015,48.7325049463795,50
88.99901,1257.16370051802,-23.671719084934,-23.671719084934,16.3381683751985,48.7561901171491,50
89.09901,1257.16370051803,-23.6717190849555,-23.6717190849555,16.3381683752015,48.7798691734024,50
89.19901,1257.16370051801,-23.6717190849338,-23.6717190849338,16.3381683751985,48.8035421167185,50
89.29901,1257.16370051803,-23.6717190849552,-23.6717190849552,16.3381683752014,48.8272089486751,50
89.39901,1257.16370051801,-23.6717190849336,-23.6717190849336,16.3381683751985,48.8508696708501,50
89.49901,1257.16370051802,-23.671719084955,-23.671719084955,16.3381683752014,48.8745242848204,50
89.59901,1257.16370051801,-23.6717190849333,-23.6717190849333,16.3381683751985,48.8981727921633,50
89.69901,1257.16370051802,-23.6717190849547,-23.6717190849547,16.3381683752014,48.9218151944551,50
89.79901,1257.163700518,-23.6717190849331,-23.6717190849331,16.3381683751985,48.9454514932722,50
89.89901,1257.16370051802,-23.6717190849544,-23.6717190849544,16.3381683752014,48.9690816901901,50
89.99901,1257.163700518,-23.6717190849328,-23.6717190849328,16.3381683751985,48.9927057867842,50
90.09901,1257.16370051802,-23.671719084954,-23.671719084954,16.3381683752013,49.0163237846288,50
90.19901,1257.163700518,-23.6717190849325,-23.6717190849325,16.3381683751985,49.039935685299,50
90.29901,1257.16370051801,-23.6717190849537,-23.6717190849537,16.3381683752013,49.063541490368,50
90.39901,1257.163700518,-23.6717190849322,-23.6717190849322,16.3381683751985,49.0871412014098,50
90.49901,1257.16370051801,-23.6717190849534,-23.6717190849534,16.3381683752012,49.1107348199979,50
90.59901,1257.163700518,-23.6717190849318,-23.6717190849318,16.3381683751984,49.1343223477049,50
90.69901,1257.16370051801,-23.6717190849531,-23.6717190849531,16.3381683752012,49.1579037861036,50
90.79901,1257.163700518,-23.6717190849315,-23.6717190849315,16.3381683751984,49.1814791367656,50
90.89901,1257.16370051801,-23.6717190849527,-23.6717190849527,16.3381683752011,49.2050484012624,50
90.99901,1257.16370051799,-23.6717190849312,-23.6717190849312,16.3381683751982,49.2286115811651,50
91.09901,1257.16370051801,-23.6717190849522,-23.6717190849522,16.3381683752011,49.2521686780446,50
91.19901,1257.16370051799,-23.6717190849308,-23.6717190849308,16.3381683751982,49.2757196934719,50
91.29901,1257.16370051801,-23.6717190849519,-23.6717190849519,16.338168375201,49.2992646290164,50
91.39901,1257.16370051799,-23.6717190849305,-23.6717190849305,16.3381683751982,49.3228034862482,50
91.49901,1257.16370051801,-23.6717190849516,-23.6717190849516,16.338168375201,49.3463362667358,50
91.59901,1257.16370051799,-23.6717190849301,-23.6717190849301,16.338168375198,49.369862972048,50
91.69901,1257.163700518,-23.6717190849513,-23.6717190849513,16.3381683752009,49.3933836037535,50
91.79901,1257.16370051799,-23.6717190849299,-23.6717190849299,16.338168375198,49.4168981634198,50
91.89901,1257.163700518,-23.6717190849511,-23.6717190849511,16.3381683752009,49.440406652615,50
91.99901,1257.16370051798,-23.6717190849296,-23.6717190849296,16.3381683751981,49.4639090729058,50
92.09901,1257.163700518,-23.6717190849509,-23.6717190849509,16.3381683752009,49.4874054258593,50
92.19901,1257.16370051798,-23.6717190849292,-23.6717190849292,16.338168375198,49.510895713042,50
92.29901,1257.163700518,-23.6717190849506,-23.6717190849506,16.3381683752008,49.5343799360194,50
92.39901,1257.16370051798,-23.6717190849289,-23.6717190849289,16.338168375198,49.5578580963568,50
92.49901,1257.163700518,-23.6717190849503,-23.6717190849503,16.3381683752007,49.5813301956196,50
92.59901,1257.16370051798,-23.6717190849287,-23.6717190849287,16.3381683751979,49.6047962353726,50
92.69901,1257.16370051799,-23.6717190849499,-23.6717190849499,16.3381683752007,49.6282562171803,50
92.79901,1257.16370051798,-23.6717190849283,-23.6717190849283,16.3381683751979,49.651710142606,50
92.89901,1257.16370051799,-23.6717190849496,-23.6717190849496,16.3381683752006,49.6751580132136,50
92.99901,1257.16370051797,-23.671719084928,-23.671719084928,16.3381683751979,49.6985998305661,50
93.09901,1257.16370051799,-23.6717190849493,-23.6717190849493,16.3381683752006,49.7220355962264,50
93.19901,1257.16370051797,-23.6717190849276,-23.6717190849276,16.3381683751978,49.7454653117567,50
93.29901,1257.16370051799,-23.671719084949,-23.671719084949,16.3381683752006,49.7688889787189,50
93.39901,1257.16370051797,-23.6717190849274,-23.6717190849274,16.3381683751978,49.7923065986744,50
93.49901,1257.16370051799,-23.6717190849487,-23.6717190849487,16.3381683752005,49.8157181731843,50
93.59901,1257.16370051797,-23.6717190849271,-23.6717190849271,16.3381683751977,49.839123703809,50
93.69901,1257.16370051798,-23.6717190849485,-23.6717190849485,16.3381683752005,49.8625231921093,50
93.79901,1257.16370051797,-23.6717190849268,-23.6717190849268,16.3381683751978,49.8859166396451,50
93.89901,1257.16370051798,-23.6717190849482,-23.6717190849482,16.3381683752005,49.9093040479753,50
93.99901,1257.16370051796,-23.6717190849265,-23.6717190849265,16.3381683751978,49.9326854186594,50
94.09901,1257.16370051798,-23.671719084948,-23.671719084948,16.3381683752005,49.9560607532558,50
94.19901,1257.16370051796,-23.6717190849261,-23.6717190849261,16.3381683751977,49.9794300533231,50
94.29901,1257.16370051798,-23.6717190849477,-23.6717190849477,16.3381683752004,50.0027933204188,50
94.39901,1257.16370051796,-23.6717190849258,-23.6717190849258,16.3381683751977,50.0261505561007,50
94.49901,1257.16370051798,-23.6717190849475,-23.6717190849475,16.3381683752004,50.0495017619259,50
94.59901,1257.16370051796,-23.6717190849254,-23.6717190849254,16.3381683751977,50.0728469394506,50
94.69901,1257.16370051797,-23.6717190849471,-23.6717190849471,16.3381683752004,50.0961860902311,50
94.79901,1257.16370051796,-23.6717190849252,-23.6717190849252,16.3381683751976,50.1195192158237,50
94.89901,1257.16370051797,-23.6717190849468,-23.6717190849468,16.3381683752004,50.1428463177835,50
94.99901,1257.16370051795,-23.6717190849249,-23.6717190849249,16.3381683751976,50.1661673976657,50
95.09901,1257.16370051797,-23.6717190849466,-23.6717190849466,16.3381683752004,50.1894824570249,50
95.19901,1257.16370051795,-23.6717190849245,-23.6717190849245,16.3381683751975,50.2127914974157,50
95.29901,1257.16370051797,-23.6717190849463,-23.6717190849463,16.3381683752004,50.2360945203916,50
95.39901,1257.16370051795,-23.6717190849242,-23.6717190849242,16.3381683751975,50.2593915275059,50
95.49901,1257.16370051797,-23.6717190849459,-23.6717190849459,16.3381683752003,50.2826825203115,50
95.59901,1257.16370051795,-23.671719084924,-23.671719084924,16.3381683751974,50.3059675003608,50
95.69901,1257.16370051797,-23.6717190849456,-23.6717190849456,16.3381683752003,50.3292464692071,50
95.79901,1257.16370051795,-23.6717190849237,-23.6717190849237,16.3381683751974,50.3525194284016,50
95.89901,1257.16370051797,-23.6717190849453,-23.6717190849453,16.3381683752002,50.3757863794957,50
95.99901,1257.16370051795,-23.6717190849234,-23.6717190849234,16.3381683751973,50.3990473240407,50
96.09901,1257.16370051796,-23.6717190849449,-23.6717190849449,16.3381683752001,50.4223022635872,50
96.19901,1257.16370051794,-23.671719084923,-23.671719084923,16.3381683751973,50.4455511996858,50
96.29901,1257.16370051796,-23.6717190849445,-23.6717190849445,16.3381683752,50.4687941338851,50
96.39901,1257.16370051794,-23.6717190849227,-23.6717190849227,16.3381683751972,50.4920310677356,50
96.49901,1257.16370051796,-23.6717190849442,-23.6717190849442,16.3381683752001,50.5152620027865,50
96.59901,1257.16370051794,-23.6717190849225,-23.6717190849225,16.3381683751972,50.5384869405855,50
96.69901,1257.16370051796,-23.671719084944,-23.671719084944,16.3381683752,50.5617058826819,50
96.79901,1257.16370051794,-23.6717190849221,-23.6717190849221,16.3381683751971,50.584918830623,50
96.89901,1257.16370051796,-23.6717190849435,-23.6717190849435,16.3381683751999,50.6081257859557,50
96.99901,1257.16370051794,-23.6717190849218,-23.6717190849218,16.3381683751971,50.631326750228,50
97.09901,1257.16370051795,-23.6717190849431,-23.6717190849431,16.3381683751998,50.654521724986,50
97.19901,1257.16370051794,-23.6717190849215,-23.6717190849215,16.338168375197,50.6777107117758,50
97.29901,1257.16370051795,-23.6717190849427,-23.6717190849427,16.3381683751998,50.7008937121436,50
97.39901,1257.16370051793,-23.6717190849211,-23.6717190849211,16.338168375197,50.7240707276349,50
97.49901,1257.16370051795,-23.6717190849425,-23.6717190849425,16.3381683751997,50.7472417597947,50
97.59901,1257.16370051793,-23.6717190849208,-23.6717190849208,16.338168375197,50.7704068101672,50
97.69901,1257.16370051795,-23.6717190849421,-23.6717190849421,16.3381683751997,50.7935658802974,50
97.79901,1257.16370051793,-23.6717190849204,-23.6717190849204,16.338168375197,50.816718971728,50
97.89901,1257.16370051795,-23.6717190849418,-23.6717190849418,16.3381683751997,50.8398660860032,50
97.99901,1257.16370051793,-23.6717190849202,-23.6717190849202,16.338168375197,50.8630072246659,50
98.09901,1257.16370051794,-23.6717190849415,-23.6717190849415,16.3381683751997,50.8861423892591,50
98.19901,1257.16370051793,-23.67171908492,-23.67171908492,16.3381683751969,50.9092715813252,50
98.29901,1257.16370051794,-23.6717190849411,-23.6717190849411,16.3381683751997,50.9323948024052,50
98.39901,1257.16370051792,-23.6717190849197,-23.6717190849197,16.3381683751969,50.9555120540415,50
98.49901,1257.16370051794,-23.6717190849408,-23.6717190849408,16.3381683751997,50.9786233377743,50
98.59901,1257.16370051792,-23.6717190849192,-23.6717190849192,16.3381683751969,51.0017286551448,50
98.69901,1257.16370051794,-23.6717190849406,-23.6717190849406,16.3381683751996,51.0248280076928,50
98.79901,1257.16370051792,-23.6717190849188,-23.6717190849188,16.3381683751968,51.0479213969583,50
98.89901,1257.16370051794,-23.6717190849403,-23.6717190849403,16.3381683751996,51.0710088244814,50
98.99901,1257.16370051792,-23.6717190849186,-23.6717190849186,16.3381683751967,51.0940902918007,50
99.09901,1257.16370051793,-23.6717190849398,-23.6717190849398,16.3381683751995,51.1171658004548,50
99.19901,1257.16370051792,-23.6717190849182,-23.6717190849182,16.3381683751966,51.140235351982,50
99.29901,1257.16370051793,-23.6717190849395,-23.6717190849395,16.3381683751994,51.1632989479205,50
99.39901,1257.16370051791,-23.6717190849179,-23.6717190849179,16.3381683751966,51.1863565898072,50
99.49901,1257.16370051793,-23.6717190849392,-23.6717190849392,16.3381683751995,51.2094082791798,50
99.59901,1257.16370051791,-23.6717190849176,-23.6717190849176,16.3381683751966,51.2324540175751,50
99.69901,1257.16370051793,-23.6717190849389,-23.6717190849389,16.3381683751994,51.2554938065287,50
99.79901,1257.16370051791,-23.6717190849171,-23.6717190849171,16.3381683751966,51.2785276475764,50
99.89901,1257.16370051792,-23.6717190849387,-23.6717190849387,16.3381683751993,51.3015555422546,50
99.99901,1257.1637005179,-23.671719084917,-23.671719084917,16.3381683751965,51.3245774920973,50
100.099,1257.1925084368,-23.6135382854583,-23.6135382854583,16.3945136603656,51.3475892996226,50
100.199,1257.19250843678,-23.6135382854367,-23.6135382854367,16.3945136603625,51.3705993648231,50
100.299,1257.19250843679,-23.613538285458,-23.613538285458,16.3945136603655,51.3936034897916,50
100.399,1257.19250843678,-23.6135382854365,-23.6135382854365,16.3945136603626,51.4166016760612,50
100.49901,1257.16370051792,-23.6717190849377,-23.6717190849377,16.3381683751993,51.4395981224903,50
100.599,1257.19250843677,-23.6135382854362,-23.6135382854362,16.3945136603626,51.4625802386372,50
100.699,1257.19250843679,-23.6135382854574,-23.6135382854574,16.3945136603655,51.4855606180083,50
100.799,1257.19250843677,-23.6135382854358,-23.6135382854358,16.3945136603625,51.5085350648113,50
100.899,1257.19250843679,-23.6135382854571,-23.6135382854571,16.3945136603654,51.5315035805774,50
100.99901,1257.1637005179,-23.6717190849155,-23.6717190849155,16.3381683751963,51.5544703620484,50
101.099,1257.19250843679,-23.6135382854568,-23.6135382854568,16.3945136603654,51.5774228251224,50
101.199,1257.19250843677,-23.6135382854352,-23.6135382854352,16.3945136603623,51.6003735569627,50
101.299,1257.19250843679,-23.6135382854564,-23.6135382854564,16.3945136603653,51.623318363889,50
101.399,1257.19250843677,-23.6135382854348,-23.6135382854348,16.3945136603622,51.6462572474295,50
101.49901,1257.16370051791,-23.6717190849362,-23.6717190849362,16.3381683751991,51.6691944022141,50
101.599,1257.19250843677,-23.6135382854345,-23.6135382854345,16.3945136603623,51.6921172504714,50
101.699,1257.19250843678,-23.6135382854559,-23.6135382854559,16.3945136603652,51.7150383730297,50
101.799,1257.19250843676,-23.6135382854342,-23.6135382854342,16.3945136603623,51.7379535783173,50
101.899,1257.19250843678,-23.6135382854557,-23.6135382854557,16.3945136603652,51.7608628678616,50
101.99901,1257.16370051789,-23.6717190849138,-23.6717190849138,16.3381683751962,51.7837704341817,50
102.099,1257.19250843678,-23.6135382854554,-23.6135382854554,16.3945136603652,51.8066637058294,50
102.199,1257.19250843676,-23.6135382854336,-23.6135382854336,16.3945136603622,51.8295552573061,50
102.299,1257.19250843678,-23.6135382854551,-23.6135382854551,16.3945136603652,51.8524408991459,50
102.399,1257.19250843676,-23.6135382854333,-23.6135382854333,16.394513660362,51.8753206328744,50
102.49901,1257.1637005179,-23.6717190849348,-23.6717190849348,16.3381683751989,51.8981986489033,50
102.599,1257.19250843676,-23.613538285433,-23.613538285433,16.3945136603621,51.9210623820985,50
102.699,1257.19250843677,-23.6135382854545,-23.6135382854545,16.3945136603651,51.943924400643,50
102.799,1257.19250843675,-23.6135382854326,-23.6135382854326,16.394513660362,51.9667805171754,50
102.899,1257.19250843677,-23.6135382854541,-23.6135382854541,16.394513660365,51.9896307332185,50
102.99901,1257.16370051788,-23.6717190849122,-23.6717190849122,16.3381683751958,52.0124792370792,50
103.099,1257.19250843677,-23.6135382854537,-23.6135382854537,16.394513660365,52.0353134699302,50
103.199,1257.19250843675,-23.613538285432,-23.613538285432,16.3945136603618,52.0581459936445,50
103.299,1257.19250843677,-23.6135382854535,-23.6135382854535,16.394513660365,52.0809726229604,50
103.399,1257.19250843675,-23.6135382854318,-23.6135382854318,16.3945136603619,52.1037933593994,50
103.49901,1257.16370051789,-23.6717190849333,-23.6717190849333,16.3381683751987,52.1266123891663,50
103.599,1257.19250843675,-23.6135382854315,-23.6135382854315,16.3945136603619,52.1494171597319,50
103.699,1257.19250843676,-23.6135382854529,-23.6135382854529,16.394513660365,52.1722202266672,50
103.799,1257.19250843674,-23.6135382854312,-23.6135382854312,16.3945136603619,52.1950174068084,50
103.899,1257.19250843676,-23.6135382854526,-23.6135382854526,16.3945136603649,52.2178087016761,50
103.99901,1257.16370051787,-23.6717190849109,-23.6717190849109,16.3381683751958,52.2405982953745,50
104.099,1257.19250843675,-23.6135382854524,-23.6135382854524,16.3945136603649,52.2633736416651,50
104.199,1257.19250843674,-23.6135382854307,-23.6135382854307,16.3945136603619,52.2861472898249,50
104.299,1257.19250843675,-23.6135382854521,-23.6135382854521,16.3945136603649,52.3089150587855,50
104.399,1257.19250843674,-23.6135382854305,-23.6135382854305,16.3945136603619,52.3316769500647,50
104.49901,1257.16370051788,-23.6717190849316,-23.6717190849316,16.3381683751986,52.3544371456711,50
104.599,1257.19250843674,-23.6135382854301,-23.6135382854301,16.3945136603618,52.3771831056478,50
104.699,1257.19250843675,-23.6135382854513,-23.6135382854513,16.3945136603648,52.3999273729852,50
104.799,1257.19250843673,-23.6135382854298,-23.6135382854298,16.3945136603616,52.4226657687085,50
104.899,1257.19250843675,-23.6135382854509,-23.6135382854509,16.3945136603648,52.4453982943333,50
104.99901,1257.16370051786,-23.6717190849093,-23.6717190849093,16.3381683751957,52.4681291297745,50
105.099,1257.19250843675,-23.6135382854507,-23.6135382854507,16.3945136603647,52.4908457413493,50
105.199,1257.19250843673,-23.6135382854292,-23.6135382854292,16.3945136603617,52.51356066577,50
105.299,1257.19250843674,-23.6135382854503,-23.6135382854503,16.3945136603647,52.5362697261513,50
105.399,1257.19250843673,-23.6135382854289,-23.6135382854289,16.3945136603617,52.5589729240073,50
105.49901,1257.16370051787,-23.67171908493,-23.67171908493,16.3381683751984,52.5816744371618,50
105.599,1257.19250843673,-23.6135382854286,-23.6135382854286,16.3945136603617,52.6043617381975,50
105.699,1257.19250843674,-23.6135382854497,-23.6135382854497,16.3945136603646,52.6270473575572,50
105.799,1257.19250843672,-23.6135382854284,-23.6135382854284,16.3945136603616,52.6497271204428,50
105.899,1257.19250843674,-23.6135382854495,-23.6135382854495,16.3945136603646,52.6724010283665,50
105.99901,1257.16370051785,-23.671719084908,-23.671719084908,16.3381683751956,52.6950732570635,50
106.099,1257.19250843674,-23.6135382854492,-23.6135382854492,16.3945136603645,52.7177312853742,50
106.199,1257.19250843672,-23.6135382854277,-23.6135382854277,16.3945136603616,52.7403876374799,50
106.299,1257.19250843673,-23.6135382854489,-23.6135382854489,16.3945136603644,52.7630381406671,50
106.399,1257.19250843672,-23.6135382854274,-23.6135382854274,16.3945136603615,52.7856827964462,50
106.49901,1257.16370051786,-23.6717190849285,-23.6717190849285,16.3381683751982,52.808325778466,50
106.599,1257.19250843672,-23.6135382854271,-23.6135382854271,16.3945136603614,52.8309545718176,50
106.699,1257.19250843673,-23.6135382854483,-23.6135382854483,16.3945136603644,52.8535816944276,50
106.799,1257.19250843671,-23.6135382854268,-23.6135382854268,16.3945136603614,52.8762029756657,50
106.899,1257.19250843673,-23.613538285448,-23.613538285448,16.3945136603644,52.8988184170388,50
106.99901,1257.16370051784,-23.6717190849064,-23.6717190849064,16.3381683751953,52.9214321901138,50
107.099,1257.19250843673,-23.6135382854476,-23.6135382854476,16.3945136603644,52.944031786222,50
107.199,1257.19250843671,-23.6135382854262,-23.6135382854262,16.3945136603613,52.9666297170466,50
107.299,1257.19250843673,-23.6135382854474,-23.6135382854474,16.3945136603642,52.9892218140346,50
107.399,1257.19250843671,-23.613538285426,-23.613538285426,16.3945136603612,53.0118080786926,50
107.49901,1257.16370051785,-23.671719084927,-23.671719084927,16.3381683751981,53.0343926805056,50
107.599,1257.19250843671,-23.6135382854257,-23.6135382854257,16.3945136603612,53.0569631170394,50
107.699,1257.19250843672,-23.6135382854467,-23.6135382854467,16.3945136603642,53.0795318937387,50
107.799,1257.19250843671,-23.6135382854254,-23.6135382854254,16.3945136603611,53.1020948441282,50
107.899,1257.19250843672,-23.6135382854465,-23.6135382854465,16.3945136603642,53.1246519697116,50
107.99901,1257.16370051783,-23.671719084905,-23.671719084905,16.3381683751951,53.147207437897,50
108.099,1257.19250843672,-23.6135382854463,-23.6135382854463,16.3945136603641,53.1697487524758,50
108.199,1257.1925084367,-23.6135382854247,-23.6135382854247,16.394513660361,53.1922884126628,50
108.299,1257.19250843672,-23.613538285446,-23.613538285446,16.3945136603641,53.2148222540564,50
108.399,1257.1925084367,-23.6135382854244,-23.6135382854244,16.394513660361,53.237350278159,50
108.49901,1257.16370051784,-23.6717190849257,-23.6717190849257,16.3381683751979,53.2598766503027,50
108.599,1257.1925084367,-23.6135382854242,-23.6135382854242,16.394513660361,53.282388880497,50
108.699,1257.19250843671,-23.6135382854455,-23.6135382854455,16.394513660364,53.3048994617356,50
108.799,1257.1925084367,-23.6135382854239,-23.6135382854239,16.394513660361,53.3274042316876,50
108.899,1257.19250843671,-23.6135382854453,-23.6135382854453,16.394513660364,53.3499031918533,50
108.99901,1257.16370051782,-23.6717190849036,-23.6717190849036,16.3381683751949,53.3724005054932,50
109.099,1257.19250843671,-23.6135382854449,-23.6135382854449,16.3945136603639,53.3948836888261,50
109.199,1257.19250843669,-23.6135382854233,-23.6135382854233,16.3945136603608,53.4173652286315,50
109.299,1257.19250843671,-23.6135382854447,-23.6135382854447,16.3945136603639,53.4398409646479,50
109.399,1257.19250843669,-23.613538285423,-23.613538285423,16.3945136603608,53.4623108983737,50
109.49901,1257.16370051783,-23.6717190849244,-23.6717190849244,16.3381683751977,53.4847791909988,50
109.599,1257.19250843669,-23.6135382854227,-23.6135382854227,16.3945136603608,53.5072333649434,50
109.699,1257.1925084367,-23.6135382854442,-23.6135382854442,16.3945136603638,53.5296859007825,50
109.799,1257.19250843668,-23.6135382854224,-23.6135382854224,16.3945136603608,53.5521326403206,50
109.899,1257.1925084367,-23.6135382854438,-23.6135382854438,16.3945136603638,53.5745735850534,50
109.99901,1257.16370051781,-23.671719084902,-23.671719084902,16.3381683751948,53.5970128941048,50
110.099,1257.1925084367,-23.6135382854435,-23.6135382854435,16.3945136603636,53.6194380960878,50
110.199,1257.19250843668,-23.6135382854217,-23.6135382854217,16.3945136603608,53.6418616653796,50
110.299,1257.1925084367,-23.6135382854432,-23.6135382854432,16.3945136603636,53.6642794458482,50
110.399,1257.19250843668,-23.6135382854214,-23.6135382854214,16.3945136603607,53.6866914389873,50
110.49901,1257.16370051783,-23.6717190849228,-23.6717190849228,16.3381683751973,53.7091018018569,50
110.599,1257.19250843668,-23.6135382854211,-23.6135382854211,16.3945136603607,53.731498069255,50
110.699,1257.1925084367,-23.6135382854426,-23.6135382854426,16.3945136603634,53.7538927093703,50
110.799,1257.19250843668,-23.6135382854208,-23.6135382854208,16.3945136603607,53.7762815681298,50
110.899,1257.1925084367,-23.6135382854423,-23.6135382854423,16.3945136603634,53.7986646470269,50
110.99901,1257.1637005178,-23.6717190849004,-23.6717190849004,16.3381683751946,53.8210461010585,50
111.099,1257.19250843669,-23.613538285442,-23.613538285442,16.3945136603633,53.8434134712016,50
111.199,1257.19250843667,-23.6135382854202,-23.6135382854202,16.3945136603605,53.865779219462,50
111.299,1257.19250843669,-23.6135382854417,-23.6135382854417,16.3945136603633,53.8881391938259,50
111.399,1257.19250843667,-23.6135382854199,-23.6135382854199,16.3945136603605,53.9104933957835,50
111.49901,1257.16370051782,-23.6717190849213,-23.6717190849213,16.3381683751971,53.9328459782736,50
111.599,1257.19250843667,-23.6135382854197,-23.6135382854197,16.3945136603605,53.9551844884418,50
111.699,1257.19250843669,-23.613538285441,-23.613538285441,16.3945136603632,53.9775213821214,50
111.799,1257.19250843667,-23.6135382854193,-23.6135382854193,16.3945136603604,53.9998525093538,50
111.899,1257.19250843669,-23.6135382854406,-23.6135382854406,16.3945136603632,54.0221778716271,50
111.99901,1257.16370051779,-23.671719084899,-23.671719084899,16.3381683751944,54.0445016198234,50
112.099,1257.19250843669,-23.6135382854403,-23.6135382854403,16.3945136603631,54.0668113072503,50
112.199,1257.19250843666,-23.6135382854187,-23.6135382854187,16.3945136603604,54.0891193835753,50
112.299,1257.19250843669,-23.61353828544,-23.61353828544,16.3945136603631,54.1114217008925,50
112.399,1257.19250843666,-23.6135382854184,-23.6135382854184,16.3945136603604,54.1337182606884,50
112.49901,1257.16370051781,-23.6717190849197,-23.6717190849197,16.3381683751969,54.1560132117907,50
112.599,1257.19250843666,-23.613538285418,-23.613538285418,16.3945136603603,54.1782941136611,50
112.699,1257.19250843668,-23.6135382854393,-23.6135382854393,16.394513660363,54.2005734098092,50
112.799,1257.19250843666,-23.6135382854177,-23.6135382854177,16.3945136603601,54.2228469543791,50
112.899,1257.19250843668,-23.6135382854391,-23.6135382854391,16.394513660363,54.2451147488556,50
112.99901,1257.16370051779,-23.6717190848973,-23.6717190848973,16.3381683751941,54.2673809400158,50
113.099,1257.19250843668,-23.6135382854388,-23.6135382854388,16.3945136603629,54.2896330934666,50
113.199,1257.19250843666,-23.6135382854171,-23.6135382854171,16.3945136603601,54.3118836465683,50
113.299,1257.19250843667,-23.6135382854384,-23.6135382854384,16.3945136603629,54.3341284555122,50
113.399,1257.19250843665,-23.6135382854169,-23.6135382854169,16.39451366036,54.3563675217812,50
113.49901,1257.1637005178,-23.6717190849182,-23.6717190849182,16.3381683751968,54.3786049901031,50
113.599,1257.19250843665,-23.6135382854167,-23.6135382854167,16.39451366036,54.400828432223,50
113.699,1257.19250843667,-23.6135382854379,-23.6135382854379,16.3945136603629,54.42305027936,50
113.799,1257.19250843665,-23.6135382854164,-23.6135382854164,16.3945136603599,54.4452663897497,50
113.899,1257.19250843667,-23.6135382854377,-23.6135382854377,16.3945136603629,54.467476764873,50
113.99901,1257.16370051778,-23.671719084896,-23.671719084896,16.3381683751939,54.4896855474128,50
114.099,1257.19250843666,-23.6135382854373,-23.6135382854373,16.3945136603628,54.5118803152432,50
114.199,1257.19250843665,-23.6135382854159,-23.6135382854159,16.3945136603599,54.5340734934499,50
114.299,1257.19250843666,-23.613538285437,-23.613538285437,16.3945136603627,54.55626094231,50
114.399,1257.19250843664,-23.6135382854156,-23.6135382854156,16.3945136603599,54.5784426633033,50
114.49901,1257.16370051779,-23.6717190849168,-23.6717190849168,16.3381683751967,54.6006227970688,50
114.599,1257.19250843664,-23.6135382854153,-23.6135382854153,16.3945136603598,54.622788927603,50
114.699,1257.19250843666,-23.6135382854365,-23.6135382854365,16.3945136603628,54.6449534738659,50
114.799,1257.19250843664,-23.613538285415,-23.613538285415,16.3945136603599,54.6671122981738,50
114.899,1257.19250843666,-23.6135382854362,-23.6135382854362,16.3945136603628,54.6892654020043,50
114.99901,1257.16370051776,-23.6717190848946,-23.6717190848946,16.3381683751938,54.7114169239562,50
115.099,1257.19250843665,-23.613538285436,-23.613538285436,16.3945136603628,54.7335544541399,50
115.199,1257.19250843664,-23.6135382854145,-23.6135382854145,16.3945136603598,54.7556904053974,50
115.299,1257.19250843665,-23.6135382854357,-23.6135382854357,16.3945136603627,54.7778206420828,50
115.399,1257.19250843663,-23.6135382854142,-23.6135382854142,16.3945136603597,54.7999451656701,50
115.49901,1257.16370051778,-23.6717190849154,-23.6717190849154,16.3381683751966,54.8220681127206,50
115.599,1257.19250843663,-23.613538285414,-23.613538285414,16.3945136603597,54.8441770794518,50
115.699,1257.19250843665,-23.6135382854352,-23.6135382854352,16.3945136603627,54.8662844725952,50
115.799,1257.19250843663,-23.6135382854138,-23.6135382854138,16.3945136603596,54.8883861585383,50
115.899,1257.19250843664,-23.613538285435,-23.613538285435,16.3945136603626,54.9104821387549,50
115.99901,1257.16370051775,-23.6717190848934,-23.6717190848934,16.3381683751936,54.9325765477699,50
116.099,1257.19250843664,-23.6135382854347,-23.6135382854347,16.3945136603625,54.9546569878996,50
116.199,1257.19250843663,-23.6135382854131,-23.6135382854131,16.3945136603595,54.9767358597725,50
116.299,1257.19250843664,-23.6135382854343,-23.6135382854343,16.3945136603624,54.9988090318082,50
116.399,1257.19250843662,-23.6135382854127,-23.6135382854127,16.3945136603595,55.0208765054784,50
116.49901,1257.16370051777,-23.671719084914,-23.671719084914,16.3381683751964,55.0429424132757,50
116.599,1257.19250843662,-23.6135382854124,-23.6135382854124,16.3945136603595,55.0649943636061,50
116.699,1257.19250843664,-23.6135382854337,-23.6135382854337,16.3945136603624,55.0870447510041,50
116.799,1257.19250843662,-23.6135382854121,-23.6135382854121,16.3945136603594,55.1090894459188,50
116.899,1257.19250843663,-23.6135382854333,-23.6135382854333,16.3945136603624,55.1311284498195,50
116.99901,1257.16370051775,-23.6717190848916,-23.6717190848916,16.3381683751934,55.1531658931685,50
117.099,1257.19250843663,-23.613538285433,-23.613538285433,16.3945136603623,55.1751893904547,50
117.199,1257.19250843662,-23.6135382854115,-23.6135382854115,16.3945136603593,55.1972113301263,50
117.299,1257.19250843663,-23.6135382854327,-23.6135382854327,16.3945136603623,55.2192275846586,50
117.399,1257.19250843662,-23.6135382854111,-23.6135382854111,16.3945136603593,55.2412381555191,50
117.49901,1257.16370051776,-23.6717190849124,-23.6717190849124,16.3381683751962,55.263247171143,50
117.599,1257.19250843661,-23.6135382854108,-23.6135382854108,16.3945136603593,55.2852422520936,50
117.699,1257.19250843663,-23.613538285432,-23.613538285432,16.3945136603623,55.3072357807411,50
117.799,1257.19250843661,-23.6135382854105,-23.6135382854105,16.3945136603592,55.3292236315832,50
117.899,1257.19250843662,-23.6135382854318,-23.6135382854318,16.3945136603623,55.3512058060859,50
117.99901,1257.16370051773,-23.6717190848901,-23.6717190848901,16.3381683751933,55.3731864306596,50
118.099,1257.19250843662,-23.6135382854316,-23.6135382854316,16.3945136603623,55.3951531319341,50
118.199,1257.19250843661,-23.61353828541,-23.61353828541,16.3945136603593,55.4171182862099,50
118.299,1257.19250843662,-23.6135382854314,-23.6135382854314,16.3945136603623,55.4390777700057,50
118.399,1257.1925084366,-23.6135382854096,-23.6135382854096,16.3945136603593,55.4610315847853,50
118.49901,1257.16370051774,-23.6717190849109,-23.6717190849109,16.3381683751962,55.482983854937,50
118.599,1257.1925084366,-23.6135382854094,-23.6135382854094,16.3945136603593,55.5049222131496,50
118.699,1257.19250843661,-23.6135382854306,-23.6135382854306,16.3945136603622,55.5268590296604,50
118.799,1257.1925084366,-23.6135382854091,-23.6135382854091,16.3945136603592,55.5487901830068,50
118.899,1257.19250843661,-23.6135382854303,-23.6135382854303,16.3945136603621,55.5707156746509,50
118.99901,1257.16370051773,-23.6717190848886,-23.6717190848886,16.3381683751932,55.5926396269611,50
119.099,1257.19250843661,-23.6135382854299,-23.6135382854299,16.3945136603621,55.614549678678,50
119.199,1257.1925084366,-23.6135382854083,-23.6135382854083,16.394513660359,55.6364581939832,50
119.299,1257.19250843661,-23.6135382854295,-23.6135382854295,16.394513660362,55.6583610534301,50
119.399,1257.1925084366,-23.6135382854079,-23.6135382854079,16.3945136603589,55.6802582584791,50
119.49901,1257.16370051774,-23.6717190849091,-23.6717190849091,16.3381683751959,55.7021539294818,50
119.599,1257.19250843659,-23.6135382854075,-23.6135382854075,16.3945136603588,55.724035711221,50
119.699,1257.19250843661,-23.6135382854288,-23.6135382854288,16.3945136603619,55.7459159618328,50
119.799,1257.19250843659,-23.6135382854072,-23.6135382854072,16.3945136603588,55.7677905638828,50
119.899,1257.1925084366,-23.6135382854285,-23.6135382854285,16.3945136603619,55.7896595188296,50
119.99901,1257.16370051771,-23.6717190848867,-23.6717190848867,16.3381683751928,55.8115269450104,50
120.099,1257.1925084366,-23.6135382854282,-23.6135382854282,16.3945136603618,55.8333804932445,50
120.199,1257.19250843659,-23.6135382854064,-23.6135382854064,16.3945136603588,55.8552325156274,50
120.299,1257.1925084366,-23.6135382854278,-23.6135382854278,16.3945136603618,55.8770788967363,50
120.399,1257.19250843658,-23.6135382854062,-23.6135382854062,16.3945136603587,55.8989196380273,50
120.49901,1257.16370051773,-23.6717190849074,-23.6717190849074,16.3381683751956,55.9207588558261,50
120.599,1257.19250843658,-23.6135382854058,-23.6135382854058,16.3945136603587,55.9425842069796,50
120.699,1257.1925084366,-23.613538285427,-23.613538285427,16.3945136603616,55.9644080375517,50
120.799,1257.19250843658,-23.6135382854054,-23.6135382854054,16.3945136603586,55.9862262341278,50
120.899,1257.1925084366,-23.6135382854267,-23.6135382854267,16.3945136603616,56.0080387981624,50
120.99901,1257.16370051771,-23.671719084885,-23.671719084885,16.3381683751927,56.0298498439712,50
121.099,1257.19250843659,-23.6135382854265,-23.6135382854265,16.3945136603616,56.0516470344218,50
121.199,1257.19250843658,-23.6135382854049,-23.6135382854049,16.3945136603585,56.073442709554,50
121.299,1257.19250843659,-23.6135382854261,-23.6135382854261,16.3945136603616,56.0952327579586,50
121.399,1257.19250843658,-23.6135382854046,-23.6135382854046,16.3945136603585,56.117017181088,50
121.49901,1257.16370051772,-23.6717190849059,-23.6717190849059,16.3381683751955,56.1388000912523,50
121.599,1257.19250843657,-23.6135382854042,-23.6135382854042,16.3945136603584,56.1605691573312,50
121.699,1257.19250843659,-23.6135382854256,-23.6135382854256,16.3945136603615,56.1823367133476,50
121.799,1257.19250843657,-23.613538285404,-23.613538285404,16.3945136603585,56.2040986498956,50
121.899,1257.19250843659,-23.6135382854253,-23.6135382854253,16.3945136603614,56.2258549684262,50
121.99901,1257.1637005177,-23.6717190848836,-23.6717190848836,16.3381683751925,56.2476097792444,50
122.099,1257.19250843658,-23.6135382854249,-23.6135382854249,16.3945136603613,56.2693507572348,50
122.199,1257.19250843657,-23.6135382854033,-23.6135382854033,16.3945136603584,56.2910902304125,50
122.299,1257.19250843658,-23.6135382854245,-23.6135382854245,16.3945136603614,56.3128240913718,50
122.399,1257.19250843657,-23.6135382854031,-23.6135382854031,16.3945136603584,56.3345523415614,50
122.49901,1257.16370051771,-23.6717190849043,-23.6717190849043,16.3381683751954,56.3562790892854,50
122.599,1257.19250843656,-23.6135382854027,-23.6135382854027,16.3945136603584,56.3779920154247,50
122.699,1257.19250843658,-23.613538285424,-23.613538285424,16.3945136603613,56.3997034419942,50
122.799,1257.19250843656,-23.6135382854024,-23.6135382854024,16.3945136603583,56.4214092635857,50
122.899,1257.19250843658,-23.6135382854237,-23.6135382854237,16.3945136603613,56.4431094816459,50
122.99901,1257.16370051769,-23.6717190848821,-23.6717190848821,16.3381683751924,56.4648082024804,50
123.099,1257.19250843657,-23.6135382854235,-23.6135382854235,16.3945136603612,56.4864931129589,50
123.199,1257.19250843656,-23.6135382854019,-23.6135382854019,16.3945136603582,56.5081765291037,50
123.299,1257.19250843657,-23.6135382854232,-23.6135382854232,16.3945136603612,56.5298543475016,50
123.399,1257.19250843655,-23.6135382854017,-23.6135382854017,16.3945136603583,56.5515265695974,50
123.49901,1257.1637005177,-23.6717190849028,-23.6717190849028,16.3381683751953,56.5731972997005,50
123.599,1257.19250843655,-23.6135382854014,-23.6135382854014,16.3945136603583,56.5948542306618,50
123.69901,1257.16370051769,-23.6717190849025,-23.6717190849025,16.3381683751952,56.6165137745862,50
123.799,1257.19250843655,-23.6135382854011,-23.6135382854011,16.3945136603583,56.6381595238504,50
123.899,1257.19250843656,-23.6135382854223,-23.6135382854223,16.3945136603611,56.6598037861005,50
123.99901,1257.16370051767,-23.6717190848806,-23.6717190848806,16.3381683751923,56.6814465615834,50
124.099,1257.19250843656,-23.613538285422,-23.613538285422,16.3945136603611,56.7030755491247,50
124.19901,1257.16370051767,-23.6717190848803,-23.6717190848803,16.3381683751923,56.7247071528606,50
124.299,1257.19250843656,-23.6135382854216,-23.6135382854216,16.394513660361,56.7463249731303,50
124.399,1257.19250843654,-23.6135382854001,-23.6135382854001,16.3945136603582,56.7679413116051,50
124.49901,1257.16370051769,-23.6717190849013,-23.6717190849013,16.338168375195,56.7895561685328,50
124.599,1257.19250843654,-23.6135382853997,-23.6135382853997,16.3945136603581,56.8111572487043,50
124.69901,1257.16370051769,-23.671719084901,-23.671719084901,16.3381683751949,56.832760948298,50
124.799,1257.19250843654,-23.6135382853995,-23.6135382853995,16.3945136603581,56.8543508756057,50
124.899,1257.19250843656,-23.6135382854207,-23.6135382854207,16.3945136603608,56.8759393263316,50
124.99901,1257.16370051766,-23.671719084879,-23.671719084879,16.3381683751922,56.897526300723,50
125.099,1257.19250843655,-23.6135382854206,-23.6135382854206,16.3945136603608,56.9190995095291,50
125.19901,1257.16370051766,-23.6717190848788,-23.6717190848788,16.3381683751921,56.9406753409808,50
125.299,1257.19250843655,-23.6135382854202,-23.6135382854202,16.3945136603608,56.9622374113117,50
125.399,1257.19250843653,-23.6135382853986,-23.6135382853986,16.3945136603579,56.9837980102669,50
125.49901,1257.16370051768,-23.6717190848999,-23.6717190848999,16.3381683751948,57.0053571380934,50
125.599,1257.19250843653,-23.6135382853984,-23.6135382853984,16.394513660358,57.0269025114908,50
125.69901,1257.16370051768,-23.6717190848996,-23.6717190848996,16.3381683751947,57.0484505107538,50
125.799,1257.19250843653,-23.6135382853982,-23.6135382853982,16.394513660358,57.0699847600461,50
125.899,1257.19250843655,-23.6135382854193,-23.6135382854193,16.3945136603607,57.0915175431625,50
125.99901,1257.16370051765,-23.6717190848777,-23.6717190848777,16.338168375192,57.1130488603502,50
126.099,1257.19250843655,-23.613538285419,-23.613538285419,16.3945136603607,57.1345664342515,50
126.19901,1257.16370051765,-23.6717190848773,-23.6717190848773,16.338168375192,57.1560866372321,50
126.299,1257.19250843654,-23.6135382854187,-23.6135382854187,16.3945136603606,57.1775931013791,50
126.399,1257.19250843652,-23.6135382853971,-23.6135382853971,16.3945136603577,57.1990981045429,50
126.49901,1257.16370051767,-23.6717190848983,-23.6717190848983,16.3381683751945,57.2206016469702,50
126.599,1257.19250843652,-23.6135382853968,-23.6135382853968,16.3945136603577,57.2420914572387,50
126.69901,1257.16370051767,-23.6717190848979,-23.6717190848979,16.3381683751944,57.2635838997981,50
126.799,1257.19250843652,-23.6135382853965,-23.6135382853965,16.3945136603576,57.2850626146457,50
126.899,1257.19250843654,-23.6135382854176,-23.6135382854176,16.3945136603604,57.3065398736966,50
126.99901,1257.16370051765,-23.671719084876,-23.671719084876,16.3381683751917,57.328015677197,50
127.099,1257.19250843654,-23.6135382854173,-23.6135382854173,16.3945136603603,57.3494777596521,50
127.19901,1257.16370051764,-23.6717190848757,-23.6717190848757,16.3381683751917,57.3709424776049,50
127.299,1257.19250843654,-23.613538285417,-23.613538285417,16.3945136603602,57.3923934789535,50
127.399,1257.19250843652,-23.6135382853955,-23.6135382853955,16.3945136603575,57.4138430296848,50
127.49901,1257.16370051766,-23.6717190848968,-23.6717190848968,16.3381683751943,57.4352911300446,50
127.599,1257.19250843652,-23.6135382853951,-23.6135382853951,16.3945136603574,57.4567255204582,50
127.69901,1257.16370051766,-23.6717190848964,-23.6717190848964,16.3381683751942,57.4781625495725,50
127.799,1257.19250843651,-23.6135382853947,-23.6135382853947,16.3945136603573,57.4995858731757,50
127.899,1257.19250843653,-23.6135382854161,-23.6135382854161,16.39451366036,57.5210077513345,50
127.99901,1257.16370051764,-23.6717190848742,-23.6717190848742,16.3381683751914,57.5424281842946,50
128.09901,1257.16370051766,-23.6717190848959,-23.6717190848959,16.3381683751941,57.5638390030293,50
128.199,1257.19250843651,-23.6135382853941,-23.6135382853941,16.3945136603572,57.5852402101476,50
128.29901,1257.16370051766,-23.6717190848956,-23.6717190848956,16.338168375194,57.6066440598037,50
128.399,1257.19250843651,-23.6135382853939,-23.6135382853939,16.3945136603572,57.6280342172427,50
128.49901,1257.16370051765,-23.6717190848954,-23.6717190848954,16.3381683751942,57.6494270184969,50
128.59901,1257.16370051763,-23.6717190848737,-23.6717190848737,16.3381683751914,57.6708102146279,50
128.699,1257.19250843652,-23.6135382854151,-23.6135382854151,16.3945136603601,57.6921838082416,50
128.79901,1257.16370051763,-23.6717190848734,-23.6717190848734,16.3381683751913,57.7135600475866,50
128.899,1257.19250843652,-23.6135382854148,-23.6135382854148,16.39451366036,57.7349226057759,50
128.99901,1257.16370051763,-23.6717190848731,-23.6717190848731,16.3381683751913,57.7562878109726,50
129.09901,1257.16370051765,-23.6717190848945,-23.6717190848945,16.3381683751941,57.7776434201369,50
129.199,1257.1925084365,-23.6135382853929,-23.6135382853929,16.3945136603571,57.7989894358708,50
129.29901,1257.16370051765,-23.6717190848941,-23.6717190848941,16.338168375194,57.8203381005253,50
129.399,1257.1925084365,-23.6135382853926,-23.6135382853926,16.394513660357,57.8416730950717,50
129.49901,1257.16370051764,-23.6717190848938,-23.6717190848938,16.3381683751939,57.8630107398137,50
129.59901,1257.16370051762,-23.6717190848721,-23.6717190848721,16.3381683751912,57.8843387976015,50
129.699,1257.19250843651,-23.6135382854136,-23.6135382854136,16.3945136603598,57.9056572710342,50
129.79901,1257.16370051762,-23.6717190848718,-23.6717190848718,16.3381683751911,57.926978396573,50
129.899,1257.19250843651,-23.6135382854134,-23.6135382854134,16.3945136603598,57.9482858630372,50
129.99901,1257.16370051762,-23.6717190848715,-23.6717190848715,16.3381683751911,57.9695959828804,50
130.09901,1257.16370051764,-23.6717190848931,-23.6717190848931,16.3381683751938,57.9908965248365,50
130.199,1257.19250843649,-23.6135382853913,-23.6135382853913,16.3945136603569,58.0121874915015,50
130.29901,1257.16370051764,-23.6717190848927,-23.6717190848927,16.3381683751938,58.0334811134536,50
130.399,1257.19250843649,-23.613538285391,-23.613538285391,16.3945136603568,58.0547610873502,50
130.49901,1257.16370051763,-23.6717190848924,-23.6717190848924,16.3381683751938,58.0760437178053,50
130.59901,1257.16370051761,-23.6717190848706,-23.6717190848706,16.3381683751909,58.097316779429,50
130.699,1257.19250843651,-23.6135382854121,-23.6135382854121,16.3945136603597,58.1185802748132,50
130.79901,1257.16370051761,-23.6717190848702,-23.6717190848702,16.3381683751908,58.1398464286614,50
130.899,1257.1925084365,-23.6135382854118,-23.6135382854118,16.3945136603597,58.1610989454595,50
130.99901,1257.16370051761,-23.6717190848699,-23.6717190848699,16.3381683751908,58.1823541219913,50
131.09901,1257.16370051763,-23.6717190848914,-23.6717190848914,16.3381683751937,58.2035997387351,50
131.199,1257.19250843648,-23.6135382853899,-23.6135382853899,16.3945136603566,58.2248357982799,50
131.29901,1257.16370051763,-23.6717190848911,-23.6717190848911,16.3381683751937,58.2460745194618,50
131.399,1257.19250843648,-23.6135382853897,-23.6135382853897,16.3945136603567,58.267299614584,50
131.49901,1257.16370051762,-23.6717190848909,-23.6717190848909,16.3381683751936,58.2885273726114,50
131.59901,1257.1637005176,-23.6717190848693,-23.6717190848693,16.3381683751909,58.3097455798828,50
131.699,1257.19250843649,-23.6135382854106,-23.6135382854106,16.3945136603595,58.330954238984,50
131.79901,1257.1637005176,-23.671719084869,-23.671719084869,16.3381683751909,58.352165562891,50
131.899,1257.19250843649,-23.6135382854103,-23.6135382854103,16.3945136603596,58.3733632717149,50
131.99901,1257.1637005176,-23.6717190848688,-23.6717190848688,16.338168375191,58.3945636466112,50
132.09901,1257.16370051762,-23.6717190848901,-23.6717190848901,16.3381683751937,58.4157544797715,50
132.199,1257.19250843647,-23.6135382853886,-23.6135382853886,16.3945136603567,58.4369357737787,50
132.29901,1257.16370051761,-23.6717190848898,-23.6717190848898,16.3381683751937,58.4581197357563,50
132.399,1257.19250843647,-23.6135382853883,-23.6135382853883,16.3945136603566,58.479290093613,50
132.49901,1257.16370051761,-23.6717190848896,-23.6717190848896,16.3381683751936,58.5004631207061,50
132.59901,1257.16370051759,-23.6717190848679,-23.6717190848679,16.3381683751908,58.5216266150716,50
132.699,1257.19250843648,-23.6135382854093,-23.6135382854093,16.3945136603594,58.5427805792888,50
132.79901,1257.16370051759,-23.6717190848676,-23.6717190848676,16.3381683751907,58.5639372146379,50
132.899,1257.19250843648,-23.6135382854089,-23.6135382854089,16.3945136603594,58.5850802568142,50
132.99901,1257.16370051759,-23.6717190848672,-23.6717190848672,16.3381683751906,58.6062259713856,50
133.09901,1257.16370051761,-23.6717190848887,-23.6717190848887,16.3381683751934,58.6273621622264,50
133.199,1257.19250843646,-23.6135382853871,-23.6135382853871,16.3945136603564,58.6484888319127,50
133.29901,1257.1637005176,-23.6717190848884,-23.6717190848884,16.3381683751933,58.6696181758876,50
133.399,1257.19250843646,-23.6135382853868,-23.6135382853868,16.3945136603564,58.6907339376238,50
133.49901,1257.1637005176,-23.6717190848881,-23.6717190848881,16.3381683751933,58.7118523749105,50
133.59901,1257.16370051758,-23.6717190848664,-23.6717190848664,16.3381683751906,58.7329612974521,50
133.699,1257.19250843647,-23.6135382854079,-23.6135382854079,16.3945136603593,58.754060707821,50
133.79901,1257.16370051758,-23.6717190848662,-23.6717190848662,16.3381683751905,58.7751627956313,50
133.899,1257.19250843647,-23.6135382854076,-23.6135382854076,16.3945136603593,58.7962513121231,50
133.99901,1257.16370051758,-23.6717190848658,-23.6717190848658,16.3381683751904,58.8173425073154,50
134.09901,1257.16370051759,-23.6717190848872,-23.6717190848872,16.3381683751933,58.838424196737,50
134.199,1257.19250843645,-23.6135382853856,-23.6135382853856,16.3945136603561,58.8594963829563,50
134.29901,1257.16370051759,-23.671719084887,-23.671719084887,16.3381683751933,58.880571249765,50
134.399,1257.19250843645,-23.6135382853854,-23.6135382853854,16.394513660356,58.9016325561615,50
134.49901,1257.16370051759,-23.6717190848867,-23.6717190848867,16.3381683751933,58.9226965444058,50
134.59901,1257.16370051758,-23.6717190848649,-23.6717190848649,16.3381683751902,58.9437510358412,50
134.699,1257.19250843646,-23.6135382854064,-23.6135382854064,16.3945136603591,58.9647960330338,50
134.79901,1257.16370051757,-23.6717190848646,-23.6717190848646,16.3381683751902,58.98584371396,50
134.899,1257.19250843646,-23.6135382854061,-23.6135382854061,16.3945136603591,59.0068778453657,50
134.99901,1257.16370051757,-23.6717190848643,-23.6717190848643,16.3381683751901,59.0279146617621,50
135.09901,1257.16370051759,-23.6717190848858,-23.6717190848858,16.3381683751931,59.0489419903002,50
135.199,1257.19250843644,-23.6135382853842,-23.6135382853842,16.3945136603559,59.0699598335428,50
135.29901,1257.16370051758,-23.6717190848856,-23.6717190848856,16.338168375193,59.0909803636595,50
135.399,1257.19250843644,-23.6135382853839,-23.6135382853839,16.3945136603559,59.1119873551339,50
135.49901,1257.16370051758,-23.6717190848852,-23.6717190848852,16.338168375193,59.1329970347372,50
135.59901,1257.16370051757,-23.6717190848636,-23.6717190848636,16.3381683751902,59.1539972354216,50
135.699,1257.19250843645,-23.6135382854051,-23.6135382854051,16.3945136603589,59.174987959746,50
135.79901,1257.16370051756,-23.6717190848633,-23.6717190848633,16.3381683751902,59.1959813740815,50
135.899,1257.19250843645,-23.6135382854047,-23.6135382854047,16.3945136603589,59.216961260638,50
135.99901,1257.16370051756,-23.671719084863,-23.671719084863,16.3381683751901,59.2379438384585,50
136.09901,1257.16370051758,-23.6717190848843,-23.6717190848843,16.338168375193,59.2589169462879,50
136.199,1257.19250843643,-23.6135382853828,-23.6135382853828,16.3945136603557,59.2798805866816,50
136.29901,1257.16370051758,-23.6717190848841,-23.6717190848841,16.338168375193,59.3008469202183,50
136.39901,1257.16370051756,-23.6717190848624,-23.6717190848624,16.3381683751899,59.3218037891147,50
136.49901,1257.16370051757,-23.6717190848838,-23.6717190848838,16.3381683751929,59.3427552478282,50
136.59901,1257.16370051756,-23.6717190848621,-23.6717190848621,16.33816837519,59.3637012977551,50
136.699,1257.19250843644,-23.6135382854036,-23.6135382854036,16.3945136603588,59.3846378891595,50
136.79901,1257.16370051755,-23.6717190848618,-23.6717190848618,16.3381683751899,59.4055771768347,50
136.89901,1257.16370051757,-23.6717190848832,-23.6717190848832,16.3381683751928,59.4265070087788,50
136.99901,1257.16370051755,-23.6717190848615,-23.6717190848615,16.3381683751898,59.4474314375196,50
137.09901,1257.16370051757,-23.6717190848829,-23.6717190848829,16.3381683751926,59.4683504644523,50
137.199,1257.19250843642,-23.6135382853813,-23.6135382853813,16.3945136603554,59.4892600417634,50
137.29901,1257.16370051757,-23.6717190848826,-23.6717190848826,16.3381683751926,59.5101723184698,50
137.39901,1257.16370051755,-23.6717190848608,-23.6717190848608,16.3381683751896,59.5310751483431,50
137.49901,1257.16370051756,-23.6717190848822,-23.6717190848822,16.3381683751926,59.5519725819837,50
137.59901,1257.16370051755,-23.6717190848606,-23.6717190848606,16.3381683751897,59.572864620785,50
137.699,1257.19250843644,-23.6135382854019,-23.6135382854019,16.3945136603584,59.5937472188548,50
137.79901,1257.16370051755,-23.6717190848602,-23.6717190848602,16.3381683751897,59.6146325194401,50
137.89901,1257.16370051756,-23.6717190848815,-23.6717190848815,16.3381683751926,59.6355083820781,50
137.99901,1257.16370051754,-23.67171908486,-23.67171908486,16.3381683751897,59.6563788554454,50
138.09901,1257.16370051756,-23.6717190848812,-23.6717190848812,16.3381683751926,59.6772439409332,50
138.199,1257.19250843641,-23.6135382853798,-23.6135382853798,16.3945136603554,59.6980995945682,50
138.29901,1257.16370051756,-23.6717190848811,-23.6717190848811,16.3381683751925,59.7189579538349,50
138.39901,1257.16370051754,-23.6717190848594,-23.6717190848594,16.3381683751896,59.7398068840292,50
138.49901,1257.16370051756,-23.6717190848808,-23.6717190848808,16.3381683751925,59.7606504319055,50
138.59901,1257.16370051754,-23.6717190848591,-23.6717190848591,16.3381683751895,59.7814885988537,50
138.699,1257.19250843643,-23.6135382854006,-23.6135382854006,16.3945136603583,59.8023173428153,50
138.79901,1257.16370051754,-23.6717190848588,-23.6717190848588,16.3381683751896,59.823148795521,50
138.89901,1257.16370051755,-23.6717190848803,-23.6717190848803,16.3381683751924,59.8439708280176,50
138.99901,1257.16370051753,-23.6717190848586,-23.6717190848586,16.3381683751895,59.86478748514,50
139.09901,1257.16370051755,-23.67171908488,-23.67171908488,16.3381683751924,59.8855987682764,50
139.199,1257.1925084364,-23.6135382853784,-23.6135382853784,16.3945136603552,59.9064006372818,50
139.29901,1257.16370051755,-23.6717190848795,-23.6717190848795,16.3381683751924,59.9272052181391,50
139.39901,1257.16370051753,-23.6717190848579,-23.6717190848579,16.3381683751895,59.948000387639,50
139.49901,1257.16370051754,-23.6717190848793,-23.6717190848793,16.3381683751924,59.9687901886995,50
139.59901,1257.16370051753,-23.6717190848576,-23.6717190848576,16.3381683751895,59.9895746227071,50
139.699,1257.19250843642,-23.613538285399,-23.613538285399,16.3945136603583,60.0103496514277,50
139.79901,1257.16370051752,-23.6717190848573,-23.6717190848573,16.3381683751894,60.0311273951043,50
139.89901,1257.16370051754,-23.6717190848787,-23.6717190848787,16.3381683751923,60.0518957362646,50
139.99901,1257.16370051752,-23.671719084857,-23.671719084857,16.3381683751894,60.0726587159115,50
140.09901,1257.16370051754,-23.6717190848784,-23.6717190848784,16.3381683751922,60.0934163354298,50
140.199,1257.19250843639,-23.6135382853768,-23.6135382853768,16.394513660355,60.1141645584933,50
140.29901,1257.16370051754,-23.6717190848781,-23.6717190848781,16.3381683751921,60.1349154996131,50
140.39901,1257.16370051752,-23.6717190848564,-23.6717190848564,16.3381683751893,60.1556570470453,50
140.49901,1257.16370051753,-23.6717190848778,-23.6717190848778,16.3381683751921,60.1763932398813,50
140.59901,1257.16370051752,-23.671719084856,-23.671719084856,16.3381683751892,60.1971240795034,50
140.699,1257.19250843641,-23.6135382853975,-23.6135382853975,16.3945136603579,60.2178455314927,50
140.79901,1257.16370051752,-23.6717190848557,-23.6717190848557,16.3381683751891,60.2385697046344,50
140.89901,1257.16370051753,-23.6717190848771,-23.6717190848771,16.338168375192,60.2592844929057,50
140.99901,1257.16370051751,-23.6717190848554,-23.6717190848554,16.338168375189,60.2799939334892,50
141.09901,1257.16370051753,-23.6717190848769,-23.6717190848769,16.338168375192,60.3006980277649,50
141.199,1257.19250843639,-23.6135382853753,-23.6135382853753,16.3945136603547,60.3213927432174,50
141.29901,1257.16370051753,-23.6717190848765,-23.6717190848765,16.3381683751919,60.3420901829147,50
141.39901,1257.16370051751,-23.6717190848548,-23.6717190848548,16.338168375189,60.362778246548,50
141.49901,1257.16370051753,-23.6717190848763,-23.6717190848763,16.3381683751919,60.3834609693921,50
141.59901,1257.16370051751,-23.6717190848544,-23.6717190848544,16.338168375189,60.4041383528265,50
141.699,1257.1925084364,-23.6135382853959,-23.6135382853959,16.3945136603578,60.424806366236,50
141.79901,1257.16370051751,-23.6717190848541,-23.6717190848541,16.3381683751889,60.4454771069782,50
141.89901,1257.16370051752,-23.6717190848755,-23.6717190848755,16.3381683751918,60.4661384804515,50
141.99901,1257.1637005175,-23.6717190848538,-23.6717190848538,16.3381683751889,60.486794520026,50
142.09901,1257.16370051752,-23.6717190848752,-23.6717190848752,16.3381683751918,60.507445227079,50
142.199,1257.19250843637,-23.6135382853736,-23.6135382853736,16.3945136603547,60.5280865728945,50
142.29901,1257.16370051752,-23.671719084875,-23.671719084875,16.3381683751918,60.548730649127,50
142.39901,1257.1637005175,-23.6717190848533,-23.6717190848533,16.3381683751889,60.5693653668738,50
142.49901,1257.16370051751,-23.6717190848747,-23.6717190848747,16.3381683751918,60.5899947576037,50
142.59901,1257.1637005175,-23.6717190848529,-23.6717190848529,16.3381683751888,60.6106188226913,50
142.699,1257.19250843639,-23.6135382853944,-23.6135382853944,16.3945136603576,60.6312335353168,50
142.79901,1257.1637005175,-23.6717190848525,-23.6717190848525,16.3381683751888,60.6518509814396,50
142.89901,1257.16370051751,-23.6717190848739,-23.6717190848739,16.3381683751916,60.6724590778494,50
142.99901,1257.1637005175,-23.6717190848521,-23.6717190848521,16.3381683751887,60.6930618541142,50
143.09901,1257.16370051751,-23.6717190848735,-23.6717190848735,16.3381683751915,60.7136593116083,50
143.199,1257.19250843637,-23.6135382853719,-23.6135382853719,16.3945136603544,60.7342474254045,50
143.29901,1257.16370051751,-23.6717190848733,-23.6717190848733,16.3381683751915,60.7548382757739,50
143.39901,1257.16370051749,-23.6717190848515,-23.6717190848515,16.3381683751887,60.7754197851911,50
143.49901,1257.16370051751,-23.671719084873,-23.671719084873,16.3381683751915,60.7959959813269,50
143.59901,1257.16370051749,-23.6717190848512,-23.6717190848512,16.3381683751887,60.8165668655539,50
143.699,1257.19250843638,-23.6135382853926,-23.6135382853926,16.3945136603573,60.8371284148365,50
143.79901,1257.16370051749,-23.6717190848509,-23.6717190848509,16.3381683751886,60.857692703764,50
143.89901,1257.1637005175,-23.6717190848723,-23.6717190848723,16.3381683751914,60.8782476604893,50
143.99901,1257.16370051749,-23.6717190848506,-23.6717190848506,16.3381683751886,60.898797310788,50
144.09901,1257.1637005175,-23.671719084872,-23.671719084872,16.3381683751914,60.9193416560308,50
144.199,1257.19250843636,-23.6135382853704,-23.6135382853704,16.3945136603543,60.9398766750709,50
144.29901,1257.1637005175,-23.6717190848717,-23.6717190848717,16.3381683751913,60.9604144368246,50
144.39901,1257.16370051748,-23.67171908485,-23.67171908485,16.3381683751885,60.980942875114,50
144.49901,1257.1637005175,-23.6717190848715,-23.6717190848715,16.3381683751913,61.001466013823,50
144.59901,1257.16370051748,-23.6717190848497,-23.6717190848497,16.3381683751885,61.0219838543202,50
144.699,1257.19250843637,-23.6135382853913,-23.6135382853913,16.3945136603571,61.0424923773455,50
144.79901,1257.16370051748,-23.6717190848494,-23.6717190848494,16.3381683751885,61.0630036461489,50
144.89901,1257.16370051749,-23.6717190848709,-23.6717190848709,16.3381683751913,61.0835056002145,50
144.99901,1257.16370051748,-23.6717190848491,-23.6717190848491,16.3381683751884,61.1040022615369,50
145.09901,1257.16370051749,-23.6717190848705,-23.6717190848705,16.3381683751913,61.1244936314826,50
145.199,1257.19250843635,-23.6135382853691,-23.6135382853691,16.3945136603541,61.1449756926763,50
145.29901,1257.16370051749,-23.6717190848702,-23.6717190848702,16.3381683751912,61.1654605027082,50
145.39901,1257.16370051747,-23.6717190848486,-23.6717190848486,16.3381683751885,61.1859360067185,50
145.49901,1257.16370051749,-23.67171908487,-23.67171908487,16.3381683751913,61.2064062248135,50
145.59901,1257.16370051747,-23.6717190848484,-23.6717190848484,16.3381683751884,61.226871158359,50
145.699,1257.19250843636,-23.6135382853898,-23.6135382853898,16.394513660357,61.2473267918595,50
145.79901,1257.16370051747,-23.671719084848,-23.671719084848,16.3381683751883,61.2677851772547,50
145.89901,1257.16370051748,-23.6717190848695,-23.6717190848695,16.3381683751912,61.2882342653333,50
145.99901,1257.16370051747,-23.6717190848478,-23.6717190848478,16.3381683751883,61.3086780743159,50
146.09901,1257.16370051748,-23.671719084869,-23.671719084869,16.3381683751911,61.3291166055665,50
146.199,1257.19250843634,-23.6135382853676,-23.6135382853676,16.3945136603539,61.3495458454693,50
146.29901,1257.16370051748,-23.6717190848688,-23.6717190848688,16.3381683751911,61.3699778403194,50
146.39901,1257.16370051746,-23.6717190848471,-23.6717190848471,16.3381683751883,61.3904005465459,50
146.49901,1257.16370051747,-23.6717190848686,-23.6717190848686,16.3381683751911,61.4108179804875,50
146.59901,1257.16370051746,-23.6717190848469,-23.6717190848469,16.3381683751883,61.4312301435052,50
146.699,1257.19250843635,-23.6135382853884,-23.6135382853884,16.3945136603568,61.4516330238617,50
146.79901,1257.16370051745,-23.6717190848465,-23.6717190848465,16.3381683751884,61.4720386622135,50
146.89901,1257.16370051747,-23.6717190848679,-23.6717190848679,16.338168375191,61.4924350206237,50
146.99901,1257.16370051745,-23.6717190848462,-23.6717190848462,16.3381683751883,61.5128261135507,50
147.09901,1257.16370051747,-23.6717190848675,-23.6717190848675,16.338168375191,61.5332119423546,50
147.199,1257.19250843633,-23.6135382853661,-23.6135382853661,16.3945136603539,61.5535884971707,50
147.29901,1257.16370051747,-23.6717190848672,-23.6717190848672,16.338168375191,61.5739678130272,50
147.39901,1257.16370051745,-23.6717190848456,-23.6717190848456,16.3381683751881,61.5943378576132,50
147.49901,1257.16370051747,-23.6717190848668,-23.6717190848668,16.3381683751909,61.6147026435099,50
147.59901,1257.16370051745,-23.6717190848453,-23.6717190848453,16.338168375188,61.6350621720739,50
147.699,1257.19250843634,-23.6135382853866,-23.6135382853866,16.3945136603567,61.6554124353137,50
147.79901,1257.16370051745,-23.6717190848449,-23.6717190848449,16.3381683751879,61.6757654626344,50
147.89901,1257.16370051746,-23.6717190848663,-23.6717190848663,16.3381683751908,61.6961092273436,50
147.99901,1257.16370051745,-23.6717190848446,-23.6717190848446,16.3381683751879,61.716447740148,50
148.09901,1257.16370051746,-23.671719084866,-23.671719084866,16.3381683751907,61.736781002403,50
148.199,1257.19250843632,-23.6135382853645,-23.6135382853645,16.3945136603535,61.7571050079861,50
148.29901,1257.16370051746,-23.6717190848657,-23.6717190848657,16.3381683751906,61.7774317806867,50
148.39901,1257.16370051744,-23.671719084844,-23.671719084844,16.3381683751878,61.7977492994247,50
148.49901,1257.16370051746,-23.6717190848654,-23.6717190848654,16.3381683751905,61.818061573033,50
148.59901,1257.16370051744,-23.6717190848439,-23.6717190848439,16.3381683751878,61.8383686028655,50
148.699,1257.19250843633,-23.6135382853852,-23.6135382853852,16.3945136603563,61.8586663846666,50
148.79901,1257.16370051744,-23.6717190848435,-23.6717190848435,16.3381683751879,61.8789669366188,50
148.89901,1257.16370051745,-23.671719084865,-23.671719084865,16.3381683751906,61.8992582432454,50
148.99901,1257.16370051743,-23.6717190848433,-23.6717190848433,16.3381683751879,61.9195443115092,50
149.09901,1257.16370051745,-23.6717190848647,-23.6717190848647,16.3381683751906,61.9398251427625,50
149.199,1257.1925084363,-23.6135382853632,-23.6135382853632,16.3945136603535,61.9600967346141,50
149.29901,1257.16370051745,-23.6717190848645,-23.6717190848645,16.3381683751905,61.9803710996451,50
149.39901,1257.16370051743,-23.6717190848428,-23.6717190848428,16.3381683751878,62.0006362279775,50
149.49901,1257.16370051745,-23.6717190848642,-23.6717190848642,16.3381683751906,62.0208961247048,50
149.59901,1257.16370051743,-23.6717190848425,-23.6717190848425,16.3381683751878,62.0411507911779,50
149.699,1257.19250843632,-23.6135382853839,-23.6135382853839,16.3945136603562,62.0613962268684,50
149.79901,1257.16370051743,-23.6717190848421,-23.6717190848421,16.3381683751876,62.0816444387631,50
149.89901,1257.16370051744,-23.6717190848636,-23.6717190848636,16.3381683751905,62.1018834225739,50
149.99901,1257.16370051742,-23.6717190848418,-23.6717190848418,16.3381683751876,62.1221171815297,50
150.09901,1257.16370051744,-23.6717190848632,-23.6717190848632,16.3381683751904,62.1423457169786,50
150.199,1257.1925084363,-23.6135382853618,-23.6135382853618,16.3945136603532,62.1625650302524,50
150.29901,1257.16370051744,-23.6717190848629,-23.6717190848629,16.3381683751903,62.1827871227517,50
150.39901,1257.16370051742,-23.6717190848413,-23.6717190848413,16.3381683751875,62.2029999957709,50
150.49901,1257.16370051744,-23.6717190848625,-23.6717190848625,16.3381683751902,62.2232076506758,50
150.59901,1257.16370051742,-23.6717190848411,-23.6717190848411,16.3381683751875,62.2434100888131,50
150.699,1257.19250843631,-23.6135382853823,-23.6135382853823,16.3945136603559,62.263603313371,50
150.79901,1257.16370051742,-23.6717190848406,-23.6717190848406,16.3381683751875,62.2837993201717,50
150.89901,1257.16370051743,-23.6717190848621,-23.6717190848621,16.3381683751902,62.3039861160857,50
150.99901,1257.16370051741,-23.6717190848404,-23.6717190848404,16.3381683751874,62.3241677006171,50
151.09901,1257.16370051743,-23.6717190848617,-23.6717190848617,16.3381683751903,62.3443440751107,50
151.199,1257.19250843628,-23.6135382853603,-23.6135382853603,16.3945136603531,62.364511244611,50
151.29901,1257.16370051743,-23.6717190848615,-23.6717190848615,16.3381683751903,62.3846811993672,50
151.39901,1257.16370051741,-23.6717190848398,-23.6717190848398,16.3381683751875,62.4048419518189,50
151.49901,1257.16370051743,-23.6717190848613,-23.6717190848613,16.3381683751902,62.4249974996113,50
151.59901,1257.16370051741,-23.6717190848395,-23.6717190848395,16.3381683751874,62.445147844088,50
151.699,1257.1925084363,-23.6135382853811,-23.6135382853811,16.3945136603559,62.4652889921447,50
151.79901,1257.16370051741,-23.6717190848392,-23.6717190848392,16.3381683751874,62.4854329284672,50
151.89901,1257.16370051742,-23.6717190848607,-23.6717190848607,16.3381683751901,62.5055676710552,50
151.99901,1257.16370051741,-23.6717190848389,-23.6717190848389,16.3381683751873,62.5256972156987,50
152.09901,1257.16370051742,-23.6717190848603,-23.6717190848603,16.33816837519,62.5458215637392,50
152.199,1257.19250843628,-23.6135382853588,-23.6135382853588,16.3945136603528,62.5659367239232,50
152.29901,1257.16370051742,-23.6717190848601,-23.6717190848601,16.33816837519,62.5860546753781,50
152.39901,1257.1637005174,-23.6717190848384,-23.6717190848384,16.3381683751872,62.6061634416584,50
152.49901,1257.16370051742,-23.6717190848598,-23.6717190848598,16.33816837519,62.6262670167001,50
152.59901,1257.1637005174,-23.6717190848381,-23.6717190848381,16.3381683751873,62.6463654018433,50
152.699,1257.19250843629,-23.6135382853795,-23.6135382853795,16.3945136603557,62.6664546076822,50
152.79901,1257.1637005174,-23.6717190848378,-23.6717190848378,16.3381683751872,62.6865466077935,50
152.89901,1257.16370051741,-23.6717190848592,-23.6717190848592,16.33816837519,62.706629431279,50
152.99901,1257.1637005174,-23.6717190848375,-23.6717190848375,16.3381683751871,62.7267070702239,50
153.09901,1257.16370051741,-23.6717190848589,-23.6717190848589,16.3381683751899,62.7467795259653,50
153.199,1257.19250843627,-23.6135382853573,-23.6135382853573,16.3945136603526,62.7668428109434,50
153.29901,1257.16370051741,-23.6717190848585,-23.6717190848585,16.3381683751898,62.7869088931919,50
153.39901,1257.16370051739,-23.6717190848367,-23.6717190848367,16.338168375187,62.8069658073516,50
153.49901,1257.16370051741,-23.6717190848582,-23.6717190848582,16.3381683751897,62.8270175436592,50
153.59901,1257.16370051739,-23.6717190848364,-23.6717190848364,16.338168375187,62.8470641034509,50
153.699,1257.19250843628,-23.6135382853778,-23.6135382853778,16.3945136603554,62.8671015010094,50
153.79901,1257.16370051739,-23.6717190848361,-23.6717190848361,16.3381683751869,62.8871416988322,50
153.89901,1257.16370051741,-23.6717190848574,-23.6717190848574,16.3381683751896,62.9071727370933,50
153.99901,1257.16370051739,-23.6717190848357,-23.6717190848357,16.3381683751867,62.927198604182,50
154.09901,1257.16370051741,-23.671719084857,-23.671719084857,16.3381683751896,62.9472193014335,50
154.199,1257.19250843626,-23.6135382853556,-23.6135382853556,16.3945136603522,62.9672308449702,50
154.29901,1257.1637005174,-23.6717190848567,-23.6717190848567,16.3381683751895,62.9872451917616,50
154.39901,1257.16370051739,-23.6717190848351,-23.6717190848351,16.3381683751867,63.0072503875062,50
154.49901,1257.1637005174,-23.6717190848565,-23.6717190848565,16.3381683751894,63.0272504187502,50
154.59901,1257.16370051738,-23.6717190848348,-23.6717190848348,16.3381683751867,63.0472452868265,50
154.699,1257.19250843627,-23.6135382853763,-23.6135382853763,16.3945136603551,63.0672310096964,50
154.79901,1257.16370051738,-23.6717190848345,-23.6717190848345,16.3381683751867,63.0872195388067,50
154.89901,1257.1637005174,-23.6717190848559,-23.6717190848559,16.3381683751894,63.1071989253749,50
154.99901,1257.16370051738,-23.6717190848343,-23.6717190848343,16.3381683751867,63.1271731541053,50
155.09901,1257.1637005174,-23.6717190848556,-23.6717190848556,16.3381683751894,63.1471422263291,50
155.199,1257.19250843625,-23.6135382853542,-23.6135382853542,16.3945136603522,63.1671021618441,50
155.29901,1257.16370051739,-23.6717190848554,-23.6717190848554,16.3381683751894,63.187064906582,50
155.39901,1257.16370051738,-23.6717190848337,-23.6717190848337,16.3381683751865,63.2070185172718,50
155.49901,1257.16370051739,-23.6717190848552,-23.6717190848552,16.3381683751894,63.2269669767779,50
155.59901,1257.16370051737,-23.6717190848334,-23.6717190848334,16.3381683751864,63.2469102864299,50
155.699,1257.19250843626,-23.6135382853749,-23.6135382853749,16.3945136603551,63.2668444678587,50
155.79901,1257.16370051737,-23.6717190848332,-23.6717190848332,16.3381683751864,63.2867814614888,50
155.89901,1257.16370051739,-23.6717190848545,-23.6717190848545,16.3381683751893,63.3067093295534,50
155.99901,1257.16370051737,-23.6717190848329,-23.6717190848329,16.3381683751863,63.3266320530799,50
156.09901,1257.16370051738,-23.6717190848542,-23.6717190848542,16.3381683751893,63.3465496333967,50
156.199,1257.19250843624,-23.6135382853528,-23.6135382853528,16.3945136603518,63.3664580939652,50
156.29901,1257.16370051738,-23.6717190848539,-23.6717190848539,16.3381683751893,63.3863693697096,50
156.39901,1257.16370051737,-23.6717190848323,-23.6717190848323,16.3381683751862,63.4062715283608,50
156.49901,1257.16370051738,-23.6717190848536,-23.6717190848536,16.3381683751893,63.4261685491111,50
156.59901,1257.16370051737,-23.671719084832,-23.671719084832,16.3381683751862,63.4460604332863,50
156.699,1257.19250843625,-23.6135382853734,-23.6135382853734,16.394513660355,63.465943206178,50
156.79901,1257.16370051736,-23.6717190848318,-23.6717190848318,16.3381683751862,63.4858287972168,50
156.89901,1257.16370051738,-23.6717190848529,-23.6717190848529,16.3381683751893,63.5057052796225,50
156.99901,1257.16370051736,-23.6717190848314,-23.6717190848314,16.3381683751862,63.5255766307559,50
157.09901,1257.16370051737,-23.6717190848527,-23.6717190848527,16.3381683751892,63.5454428519411,50
157.199,1257.19250843623,-23.6135382853513,-23.6135382853513,16.3945136603517,63.565299970296,50
157.29901,1257.16370051737,-23.6717190848524,-23.6717190848524,16.3381683751891,63.5851599097642,50
157.39901,1257.16370051736,-23.6717190848308,-23.6717190848308,16.3381683751861,63.6050107490502,50
157.49901,1257.16370051737,-23.6717190848522,-23.6717190848522,16.3381683751891,63.6248564636836,50
157.59901,1257.16370051736,-23.6717190848305,-23.6717190848305,16.338168375186,63.6446970549873,50
157.699,1257.19250843624,-23.6135382853719,-23.6135382853719,16.3945136603547,63.6645285519028,50
157.79901,1257.16370051735,-23.6717190848302,-23.6717190848302,16.338168375186,63.6843628728955,50
157.89901,1257.16370051737,-23.6717190848515,-23.6717190848515,16.338168375189,63.7041881021443,50
157.99901,1257.16370051735,-23.6717190848301,-23.6717190848301,16.338168375186,63.7240082133522,50
158.09901,1257.16370051736,-23.6717190848514,-23.6717190848514,16.338168375189,63.7438232078403,50
158.199,1257.19250843622,-23.61353828535,-23.61353828535,16.3945136603515,63.7636291163717,50
158.29901,1257.16370051736,-23.6717190848511,-23.6717190848511,16.338168375189,63.7834378519389,50
158.39901,1257.16370051735,-23.6717190848296,-23.6717190848296,16.338168375186,63.8032375041911,50
158.49901,1257.16370051736,-23.6717190848508,-23.6717190848508,16.338168375189,63.8230320450049,50
158.59901,1257.16370051734,-23.6717190848293,-23.6717190848293,16.3381683751861,63.8428214756996,50
158.699,1257.19250843623,-23.6135382853707,-23.6135382853707,16.3945136603547,63.862601828858,50
158.79901,1257.16370051734,-23.671719084829,-23.671719084829,16.338168375186,63.8823850120089,50
158.89901,1257.16370051736,-23.6717190848503,-23.6717190848503,16.338168375189,63.9021591202612,50
158.99901,1257.16370051734,-23.6717190848287,-23.6717190848287,16.338168375186,63.9219281236697,50
159.09901,1257.16370051735,-23.6717190848501,-23.6717190848501,16.338168375189,63.9416920235519,50
159.199,1257.19250843621,-23.6135382853486,-23.6135382853486,16.3945136603515,63.9614468543082,50
159.29901,1257.16370051735,-23.6717190848499,-23.6717190848499,16.3381683751889,63.9812045180077,50
159.39901,1257.16370051734,-23.6717190848281,-23.6717190848281,16.3381683751859,64.0009531152155,50
159.49901,1257.16370051735,-23.6717190848495,-23.6717190848495,16.3381683751888,64.0206966141648,50
159.59901,1257.16370051733,-23.6717190848277,-23.6717190848277,16.3381683751859,64.0404350161734,50
159.699,1257.19250843622,-23.6135382853693,-23.6135382853693,16.3945136603544,64.060164357454,50
159.79901,1257.16370051733,-23.6717190848275,-23.6717190848275,16.3381683751859,64.0798965346255,50
159.89901,1257.16370051735,-23.6717190848489,-23.6717190848489,16.3381683751888,64.0996196537016,50
159.99901,1257.16370051733,-23.6717190848272,-23.6717190848272,16.3381683751858,64.1193376810965,50
160.09901,1257.16370051734,-23.6717190848485,-23.6717190848485,16.3381683751887,64.139050618125,50
160.199,1257.1925084362,-23.613538285347,-23.613538285347,16.3945136603513,64.1587545028142,50
160.29901,1257.16370051734,-23.6717190848482,-23.6717190848482,16.3381683751887,64.1784612263395,50
160.39901,1257.16370051733,-23.6717190848266,-23.6717190848266,16.3381683751858,64.1981589001525,50
160.49901,1257.16370051734,-23.671719084848,-23.671719084848,16.3381683751887,64.2178514888542,50
160.59901,1257.16370051732,-23.6717190848262,-23.6717190848262,16.3381683751858,64.2375389937561,50
160.699,1257.19250843621,-23.6135382853678,-23.6135382853678,16.3945136603543,64.2572174546969,50
160.79901,1257.16370051732,-23.6717190848259,-23.6717190848259,16.3381683751857,64.2768987574128,50
160.89901,1257.16370051734,-23.6717190848474,-23.6717190848474,16.3381683751886,64.296571018791,50
160.99901,1257.16370051732,-23.6717190848255,-23.6717190848255,16.3381683751858,64.3162382016191,50
161.09901,1257.16370051733,-23.6717190848471,-23.6717190848471,16.3381683751885,64.3359003072065,50
161.199,1257.19250843619,-23.6135382853455,-23.6135382853455,16.3945136603512,64.3555533771983,50
161.29901,1257.16370051733,-23.6717190848468,-23.6717190848468,16.3381683751885,64.3752092919031,50
161.39901,1257.16370051732,-23.671719084825,-23.671719084825,16.3381683751856,64.3948561736323,50
161.49901,1257.16370051733,-23.6717190848464,-23.6717190848464,16.3381683751884,64.4144979833615,50
161.59901,1257.16370051731,-23.6717190848247,-23.6717190848247,16.3381683751855,64.4341347224008,50
161.699,1257.1925084362,-23.6135382853662,-23.6135382853662,16.394513660354,64.4537624342011,50
161.79901,1257.16370051731,-23.6717190848243,-23.6717190848243,16.3381683751855,64.4733929936462,50
161.89901,1257.16370051733,-23.6717190848458,-23.6717190848458,16.3381683751883,64.4930145284685,50
161.99901,1257.16370051731,-23.671719084824,-23.671719084824,16.3381683751854,64.5126309978347,50
162.09901,1257.16370051733,-23.6717190848455,-23.6717190848455,16.3381683751883,64.532242403053,50
162.199,1257.19250843618,-23.6135382853439,-23.6135382853439,16.3945136603509,64.5518447893762,50
162.29901,1257.16370051732,-23.6717190848453,-23.6717190848453,16.3381683751883,64.5714500262732,50
162.39901,1257.16370051731,-23.6717190848234,-23.6717190848234,16.3381683751853,64.5910462468896,50
162.49901,1257.16370051732,-23.6717190848449,-23.6717190848449,16.3381683751882,64.6106374085849,50
162.59901,1257.16370051731,-23.6717190848231,-23.6717190848231,16.3381683751854,64.6302235126665,50
162.699,1257.19250843619,-23.6135382853647,-23.6135382853647,16.3945136603539,64.6498006061865,50
162.79901,1257.1637005173,-23.6717190848228,-23.6717190848228,16.3381683751853,64.6693805532062,50
162.89901,1257.16370051732,-23.6717190848443,-23.6717190848443,16.3381683751882,64.6889514922751,50
162.99901,1257.1637005173,-23.6717190848224,-23.6717190848224,16.3381683751852,64.7085173789494,50
163.09901,1257.16370051732,-23.6717190848439,-23.6717190848439,16.3381683751881,64.7280782145347,50
163.199,1257.19250843617,-23.6135382853423,-23.6135382853423,16.3945136603506,64.7476300478829,50
163.29901,1257.16370051732,-23.6717190848436,-23.6717190848436,16.3381683751881,64.7671847376503,50
163.39901,1257.1637005173,-23.6717190848218,-23.6717190848218,16.3381683751851,64.7867304277879,50
163.49901,1257.16370051731,-23.6717190848433,-23.6717190848433,16.338168375188,64.8062710720493,50
163.59901,1257.1637005173,-23.6717190848215,-23.6717190848215,16.338168375185,64.8258066717382,50
163.699,1257.19250843618,-23.613538285363,-23.613538285363,16.3945136603536,64.845333277502,50
163.79901,1257.16370051729,-23.6717190848212,-23.6717190848212,16.338168375185,64.864862742604,50
163.89901,1257.16370051731,-23.6717190848426,-23.6717190848426,16.338168375188,64.8843832163849,50
163.99901,1257.16370051729,-23.6717190848209,-23.6717190848209,16.3381683751851,64.9038986507996,50
164.09901,1257.16370051731,-23.6717190848423,-23.6717190848423,16.3381683751879,64.9234090471491,50
164.199,1257.19250843616,-23.6135382853408,-23.6135382853408,16.3945136603505,64.9429104578754,50
164.29901,1257.16370051731,-23.671719084842,-23.671719084842,16.3381683751878,64.9624147308546,50
164.39901,1257.16370051729,-23.6717190848203,-23.6717190848203,16.338168375185,64.9819100208103,50
164.49901,1257.1637005173,-23.6717190848416,-23.6717190848416,16.3381683751878,65.0014002779009,50
164.59901,1257.16370051729,-23.67171908482,-23.67171908482,16.3381683751849,65.0208855034272,50
164.699,1257.19250843618,-23.6135382853614,-23.6135382853614,16.3945136603533,65.0403617516213,50
164.79901,1257.16370051728,-23.6717190848197,-23.6717190848197,16.3381683751849,65.0598408649763,50
164.89901,1257.1637005173,-23.6717190848411,-23.6717190848411,16.3381683751877,65.0793110035978,50
164.99901,1257.16370051728,-23.6717190848194,-23.6717190848194,16.3381683751849,65.0987761158478,50
165.09901,1257.1637005173,-23.6717190848408,-23.6717190848408,16.3381683751877,65.1182362030233,50
165.199,1257.19250843615,-23.6135382853393,-23.6135382853393,16.3945136603503,65.1376873211481,50
165.29901,1257.1637005173,-23.6717190848406,-23.6717190848406,16.3381683751877,65.1571413073407,50
165.39901,1257.16370051728,-23.671719084819,-23.671719084819,16.3381683751848,65.1765863270757,50
165.49901,1257.16370051729,-23.6717190848402,-23.6717190848402,16.3381683751876,65.1960263269241,50
165.59901,1257.16370051728,-23.6717190848186,-23.6717190848186,16.3381683751848,65.2154613081811,50
165.699,1257.19250843617,-23.6135382853601,-23.6135382853601,16.3945136603531,65.2348873286568,50
165.79901,1257.16370051728,-23.6717190848182,-23.6717190848182,16.3381683751847,65.2543162201038,50
165.89901,1257.16370051729,-23.6717190848396,-23.6717190848396,16.3381683751875,65.273736153359,50
165.99901,1257.16370051727,-23.6717190848179,-23.6717190848179,16.3381683751847,65.2931510732039,50
166.09901,1257.16370051729,-23.6717190848393,-23.6717190848393,16.3381683751875,65.3125609809321,50
166.199,1257.19250843615,-23.6135382853378,-23.6135382853378,16.3945136603501,65.331961936138,50
166.29901,1257.16370051729,-23.671719084839,-23.671719084839,16.3381683751874,65.3513657652132,50
166.39901,1257.16370051727,-23.6717190848173,-23.6717190848173,16.3381683751847,65.370760644353,50
166.49901,1257.16370051729,-23.6717190848387,-23.6717190848387,16.3381683751874,65.3901505165505,50
166.59901,1257.16370051727,-23.6717190848169,-23.6717190848169,16.3381683751846,65.4095353830977,50
166.699,1257.19250843616,-23.6135382853584,-23.6135382853584,16.394513660353,65.4289113053716,50
166.79901,1257.16370051727,-23.6717190848167,-23.6717190848167,16.3381683751845,65.4482901044096,50
166.89901,1257.16370051728,-23.671719084838,-23.671719084838,16.3381683751874,65.4676599617583,50
166.99901,1257.16370051727,-23.6717190848163,-23.6717190848163,16.3381683751844,65.4870248186235,50
167.09901,1257.16370051728,-23.6717190848377,-23.6717190848377,16.3381683751874,65.5063846762958,50
167.199,1257.19250843614,-23.6135382853362,-23.6135382853362,16.3945136603497,65.5257355979325,50
167.29901,1257.16370051728,-23.6717190848374,-23.6717190848374,16.3381683751873,65.5450893992253,50
167.39901,1257.16370051726,-23.6717190848157,-23.6717190848157,16.3381683751843,65.5644342670633,50
167.49901,1257.16370051728,-23.6717190848371,-23.6717190848371,16.3381683751871,65.5837741408693,50
167.59901,1257.16370051726,-23.6717190848155,-23.6717190848155,16.3381683751843,65.6031090219318,50
167.699,1257.19250843615,-23.6135382853569,-23.6135382853569,16.3945136603526,65.622434975186,50
167.79901,1257.16370051726,-23.6717190848151,-23.6717190848151,16.3381683751843,65.6417638109826,50
167.89901,1257.16370051727,-23.6717190848366,-23.6717190848366,16.338168375187,65.6610837215493,50
167.99901,1257.16370051726,-23.6717190848148,-23.6717190848148,16.3381683751843,65.6803986445264,50
168.09901,1257.16370051727,-23.6717190848362,-23.6717190848362,16.3381683751869,65.6997085812016,50
168.199,1257.19250843613,-23.6135382853346,-23.6135382853346,16.3945136603497,65.7190095982847,50
168.29901,1257.16370051727,-23.671719084836,-23.671719084836,16.338168375187,65.7383135007954,50
168.39901,1257.16370051725,-23.6717190848142,-23.6717190848142,16.3381683751842,65.7576084862883,50
168.49901,1257.16370051727,-23.6717190848356,-23.6717190848356,16.338168375187,65.7768984906269,50
168.59901,1257.16370051725,-23.6717190848138,-23.6717190848138,16.3381683751841,65.7961835150959,50
168.699,1257.19250843614,-23.6135382853554,-23.6135382853554,16.3945136603525,65.8154596281791,50
168.79901,1257.16370051725,-23.6717190848136,-23.6717190848136,16.3381683751841,65.8347386295701,50
168.89901,1257.16370051726,-23.6717190848349,-23.6717190848349,16.3381683751869,65.8540087221447,50
168.99901,1257.16370051725,-23.6717190848132,-23.6717190848132,16.338168375184,65.873273839992,50
169.09901,1257.16370051726,-23.6717190848347,-23.6717190848347,16.3381683751869,65.8925339843954,50
169.199,1257.19250843612,-23.6135382853331,-23.6135382853331,16.3945136603494,65.9117852256083,50
169.29901,1257.16370051726,-23.6717190848344,-23.6717190848344,16.3381683751868,65.9310393580056,50
169.39901,1257.16370051724,-23.6717190848126,-23.6717190848126,16.3381683751839,65.9502845897785,50
169.49901,1257.16370051726,-23.6717190848342,-23.6717190848342,16.3381683751868,65.9695248532415,50
169.59901,1257.16370051724,-23.6717190848123,-23.6717190848123,16.3381683751839,65.9887601496774,50
169.699,1257.19250843613,-23.613538285354,-23.613538285354,16.3945136603523,66.0079865511075,50
169.79901,1257.16370051724,-23.6717190848121,-23.6717190848121,16.3381683751838,66.0272158465947,50
169.89901,1257.16370051725,-23.6717190848336,-23.6717190848336,16.3381683751867,66.04643624964,50
169.99901,1257.16370051724,-23.6717190848117,-23.6717190848117,16.3381683751838,66.0656516907844,50
170.09901,1257.16370051725,-23.6717190848333,-23.6717190848333,16.3381683751867,66.0848621713095,50
170.199,1257.19250843611,-23.6135382853317,-23.6135382853317,16.3945136603492,66.1040637650033,50
170.29901,1257.16370051725,-23.671719084833,-23.671719084833,16.3381683751867,66.1232682556224,50
170.39901,1257.16370051724,-23.6717190848113,-23.6717190848113,16.3381683751838,66.1424638619712,50
170.49901,1257.16370051725,-23.6717190848328,-23.6717190848328,16.3381683751867,66.1616545128209,50
170.59901,1257.16370051723,-23.671719084811,-23.671719084811,16.3381683751837,66.1808402094513,50
170.699,1257.19250843612,-23.6135382853526,-23.6135382853526,16.3945136603522,66.2000170274137,50
170.79901,1257.16370051723,-23.6717190848108,-23.6717190848108,16.3381683751837,66.219196745168,50
170.89901,1257.16370051724,-23.6717190848322,-23.6717190848322,16.3381683751867,66.2383675868113,50
170.99901,1257.16370051723,-23.6717190848106,-23.6717190848106,16.3381683751838,66.2575334793482,50
171.09901,1257.16370051724,-23.6717190848319,-23.6717190848319,16.3381683751866,66.2766944240574,50
171.199,1257.1925084361,-23.6135382853305,-23.6135382853305,16.3945136603492,66.2958464982517,50
171.29901,1257.16370051724,-23.6717190848316,-23.6717190848316,16.3381683751866,66.3150014750995,50
171.39901,1257.16370051722,-23.67171908481,-23.67171908481,16.3381683751837,66.3341475839871,50
171.49901,1257.16370051724,-23.6717190848313,-23.6717190848313,16.3381683751865,66.3532887501534,50
171.59901,1257.16370051722,-23.6717190848096,-23.6717190848096,16.3381683751836,66.3724249748745,50
171.699,1257.19250843611,-23.6135382853512,-23.6135382853512,16.394513660352,66.3915523372243,50
171.79901,1257.16370051722,-23.6717190848094,-23.6717190848094,16.3381683751836,66.4106826050854,50
171.89901,1257.16370051724,-23.6717190848307,-23.6717190848307,16.3381683751865,66.4298040131252,50
171.99901,1257.16370051722,-23.6717190848091,-23.6717190848091,16.3381683751836,66.4489204848197,50
172.09901,1257.16370051723,-23.6717190848304,-23.6717190848304,16.3381683751864,66.4680320214446,50
172.199,1257.19250843609,-23.613538285329,-23.613538285329,16.394513660349,66.48713470383,50
172.29901,1257.16370051723,-23.6717190848302,-23.6717190848302,16.3381683751863,66.5062402945805,50
172.39901,1257.16370051722,-23.6717190848085,-23.6717190848085,16.3381683751835,66.5253370336389,50
172.49901,1257.16370051723,-23.67171908483,-23.67171908483,16.3381683751864,66.5444288427224,50
172.59901,1257.16370051721,-23.6717190848081,-23.6717190848081,16.3381683751835,66.5635157231018,50
172.699,1257.1925084361,-23.6135382853497,-23.6135382853497,16.3945136603518,66.5825937573632,50
172.79901,1257.16370051721,-23.6717190848078,-23.6717190848078,16.3381683751834,66.6016747028415,50
172.89901,1257.16370051723,-23.6717190848293,-23.6717190848293,16.3381683751862,66.6207468047455,50
172.99901,1257.16370051721,-23.6717190848076,-23.6717190848076,16.3381683751834,66.639813983034,50
173.09901,1257.16370051722,-23.671719084829,-23.671719084829,16.3381683751862,66.6588762389778,50
173.199,1257.19250843608,-23.6135382853275,-23.6135382853275,16.3945136603487,66.6779296569154,50
173.29901,1257.16370051722,-23.6717190848287,-23.6717190848287,16.3381683751862,66.6969859889162,50
173.39901,1257.1637005172,-23.6717190848071,-23.6717190848071,16.3381683751833,66.7160334854503,50
173.49901,1257.16370051722,-23.6717190848284,-23.6717190848284,16.3381683751862,66.7350760647218,50
173.59901,1257.1637005172,-23.6717190848068,-23.6717190848068,16.3381683751833,66.7541137279986,50
173.699,1257.19250843609,-23.6135382853482,-23.6135382853482,16.3945136603516,66.7731425613697,50
173.79901,1257.1637005172,-23.6717190848065,-23.6717190848065,16.3381683751833,66.7921743116476,50
173.89901,1257.16370051722,-23.6717190848279,-23.6717190848279,16.3381683751862,66.8111972345566,50
173.99901,1257.1637005172,-23.6717190848062,-23.6717190848062,16.3381683751832,66.8302152465465,50
174.09901,1257.16370051721,-23.6717190848274,-23.6717190848274,16.3381683751861,66.8492283488836,50
174.199,1257.19250843607,-23.613538285326,-23.613538285326,16.3945136603486,66.8682326294052,50
174.29901,1257.16370051721,-23.6717190848272,-23.6717190848272,16.338168375186,66.887239829673,50
174.39901,1257.16370051719,-23.6717190848055,-23.6717190848055,16.3381683751832,66.906238210659,50
174.49901,1257.16370051721,-23.6717190848268,-23.6717190848268,16.338168375186,66.9252316870615,50
174.59901,1257.16370051719,-23.6717190848053,-23.6717190848053,16.3381683751831,66.9442202601466,50
174.699,1257.19250843608,-23.6135382853467,-23.6135382853467,16.3945136603515,66.9632000194958,50
174.79901,1257.16370051719,-23.671719084805,-23.671719084805,16.3381683751831,66.9821827014266,50
174.89901,1257.16370051721,-23.6717190848264,-23.6717190848264,16.3381683751859,67.0011565721518,50
174.99901,1257.16370051719,-23.6717190848047,-23.6717190848047,16.3381683751831,67.0201255446213,50
175.09901,1257.1637005172,-23.671719084826,-23.671719084826,16.3381683751859,67.0390896200993,50
175.199,1257.19250843606,-23.6135382853247,-23.6135382853247,16.3945136603485,67.058044889911,50
175.29901,1257.1637005172,-23.6717190848257,-23.6717190848257,16.3381683751858,67.0770030851368,50
175.39901,1257.16370051718,-23.6717190848041,-23.6717190848041,16.338168375183,67.0959524772232,50
175.49901,1257.1637005172,-23.6717190848255,-23.6717190848255,16.3381683751857,67.1148969773727,50
175.59901,1257.16370051718,-23.6717190848038,-23.6717190848038,16.338168375183,67.1338365868481,50
175.699,1257.19250843607,-23.6135382853452,-23.6135382853452,16.3945136603511,67.1527673987161,50
175.79901,1257.16370051718,-23.6717190848034,-23.6717190848034,16.3381683751829,67.171701138827,50
175.89901,1257.1637005172,-23.6717190848249,-23.6717190848249,16.3381683751856,67.1906260838546,50
175.99901,1257.16370051718,-23.6717190848031,-23.6717190848031,16.3381683751829,67.2095461432576,50
176.09901,1257.1637005172,-23.6717190848247,-23.6717190848247,16.3381683751856,67.2284613182949,50
176.199,1257.19250843605,-23.613538285323,-23.613538285323,16.3945136603482,67.2473677037736,50
176.29901,1257.1637005172,-23.6717190848243,-23.6717190848243,16.3381683751855,67.2662770203197,50
176.39901,1257.16370051718,-23.6717190848024,-23.6717190848024,16.3381683751828,67.285177549828,50
176.49901,1257.16370051719,-23.6717190848239,-23.6717190848239,16.3381683751854,67.3040732000142,50
176.59901,1257.16370051718,-23.6717190848021,-23.6717190848021,16.3381683751827,67.3229639721375,50
176.699,1257.19250843607,-23.6135382853438,-23.6135382853438,16.3945136603509,67.3418459627407,50
176.79901,1257.16370051717,-23.6717190848019,-23.6717190848019,16.3381683751827,67.3607308872326,50
176.89901,1257.16370051719,-23.6717190848234,-23.6717190848234,16.3381683751854,67.3796070327215,50
176.99901,1257.16370051717,-23.6717190848016,-23.6717190848016,16.3381683751827,67.3984783051825,50
177.09901,1257.16370051719,-23.6717190848231,-23.6717190848231,16.3381683751854,67.4173447058728,50
177.199,1257.19250843604,-23.6135382853215,-23.6135382853215,16.3945136603479,67.4362023330712,50
177.29901,1257.16370051718,-23.6717190848229,-23.6717190848229,16.3381683751854,67.4550628969763,50
177.39901,1257.16370051717,-23.6717190848011,-23.6717190848011,16.3381683751826,67.4739146899028,50
177.49901,1257.16370051718,-23.6717190848225,-23.6717190848225,16.3381683751853,67.4927616160892,50
177.59901,1257.16370051716,-23.6717190848008,-23.6717190848008,16.3381683751826,67.5116036767904,50
177.699,1257.19250843605,-23.6135382853423,-23.6135382853423,16.3945136603508,67.5304369720174,50
177.79901,1257.16370051716,-23.6717190848005,-23.6717190848005,16.3381683751825,67.5492732067647,50
177.89901,1257.16370051718,-23.6717190848219,-23.6717190848219,16.3381683751855,67.568100678548,50
177.99901,1257.16370051716,-23.6717190848002,-23.6717190848002,16.3381683751825,67.5869232898691,50
178.09901,1257.16370051718,-23.6717190848217,-23.6717190848217,16.3381683751854,67.6057410419825,50
178.199,1257.19250843603,-23.6135382853202,-23.6135382853202,16.3945136603479,67.624550036628,50
178.29901,1257.16370051717,-23.6717190848214,-23.6717190848214,16.3381683751854,67.6433619736045,50
178.39901,1257.16370051716,-23.6717190847998,-23.6717190847998,16.3381683751825,67.6621651556211,50
178.49901,1257.16370051717,-23.6717190848212,-23.6717190848212,16.3381683751854,67.6809634834463,50
178.59901,1257.16370051715,-23.6717190847994,-23.6717190847994,16.3381683751825,67.6997569583328,50
178.699,1257.19250843604,-23.613538285341,-23.613538285341,16.3945136603507,67.7185416837487,50
178.79901,1257.16370051715,-23.6717190847992,-23.6717190847992,16.3381683751825,67.7373293543018,50
178.89901,1257.16370051717,-23.6717190848206,-23.6717190848206,16.3381683751853,67.7561082778891,50
178.99901,1257.16370051715,-23.6717190847988,-23.6717190847988,16.3381683751824,67.7748823535469,50
179.09901,1257.16370051717,-23.6717190848203,-23.6717190848203,16.3381683751852,67.7936515825272,50
179.199,1257.19250843602,-23.6135382853188,-23.6135382853188,16.3945136603477,67.8124120700229,50
179.29901,1257.16370051716,-23.6717190848198,-23.6717190848198,16.3381683751851,67.8311755054596,50
179.39901,1257.16370051715,-23.6717190847982,-23.6717190847982,16.3381683751823,67.8499302019138,50
179.49901,1257.16370051716,-23.6717190848196,-23.6717190848196,16.3381683751851,67.8686800566932,50
179.59901,1257.16370051714,-23.671719084798,-23.671719084798,16.3381683751823,67.887425071047,50
179.699,1257.19250843603,-23.6135382853394,-23.6135382853394,16.3945136603506,67.9061613518933,50
179.79901,1257.16370051714,-23.6717190847977,-23.6717190847977,16.3381683751823,67.9249005834793,50
179.89901,1257.16370051716,-23.671719084819,-23.671719084819,16.338168375185,67.9436310840556,50
179.99901,1257.16370051714,-23.6717190847974,-23.6717190847974,16.3381683751823,67.9623567492038,50
180.09901,1257.16370051716,-23.6717190848187,-23.6717190848187,16.338168375185,67.9810775801722,50
180.199,1257.19250843601,-23.6135382853172,-23.6135382853172,16.3945136603475,67.9997896855985,50
180.29901,1257.16370051715,-23.6717190848183,-23.6717190848183,16.338168375185,68.0185047445601,50
180.39901,1257.16370051714,-23.6717190847968,-23.6717190847968,16.3381683751822,68.0372110804745,50
180.49901,1257.16370051715,-23.671719084818,-23.671719084818,16.3381683751849,68.0559125871997,50
180.59901,1257.16370051714,-23.6717190847966,-23.6717190847966,16.338168375182,68.0746092659821,50
180.699,1257.19250843602,-23.6135382853378,-23.6135382853378,16.3945136603503,68.0932972271771,50
180.79901,1257.16370051714,-23.6717190847962,-23.6717190847962,16.3381683751819,68.1119881447005,50
180.89901,1257.16370051715,-23.6717190848175,-23.6717190848175,16.3381683751848,68.1306703471293,50
180.99901,1257.16370051713,-23.6717190847958,-23.6717190847958,16.3381683751819,68.1493477265977,50
181.09901,1257.16370051715,-23.6717190848171,-23.6717190848171,16.3381683751848,68.1680202843513,50
181.199,1257.192508436,-23.6135382853157,-23.6135382853157,16.3945136603472,68.1866841324644,50
181.29901,1257.16370051715,-23.6717190848168,-23.6717190848168,16.3381683751848,68.205350939694,50
181.39901,1257.16370051713,-23.6717190847953,-23.6717190847953,16.3381683751819,68.2240090397711,50
181.49901,1257.16370051714,-23.6717190848166,-23.6717190848166,16.3381683751847,68.2426623231114,50
181.59901,1257.16370051713,-23.671719084795,-23.671719084795,16.3381683751819,68.261310790958,50
181.699,1257.19250843602,-23.6135382853363,-23.6135382853363,16.3945136603501,68.2799505570977,50
181.79901,1257.16370051712,-23.6717190847947,-23.6717190847947,16.3381683751818,68.2985932851397,50
181.89901,1257.16370051714,-23.6717190848159,-23.6717190848159,16.3381683751847,68.3172273139615,50
181.99901,1257.16370051712,-23.6717190847943,-23.6717190847943,16.3381683751817,68.3358565322599,50
182.09901,1257.16370051714,-23.6717190848156,-23.6717190848156,16.3381683751846,68.3544809412762,50
182.199,1257.19250843599,-23.6135382853143,-23.6135382853143,16.3945136603471,68.3730966565114,50
182.29901,1257.16370051714,-23.6717190848152,-23.6717190848152,16.3381683751846,68.3917153364308,50
182.39901,1257.16370051712,-23.6717190847938,-23.6717190847938,16.3381683751817,68.4103253250518,50
182.49901,1257.16370051713,-23.671719084815,-23.671719084815,16.3381683751845,68.4289305093543,50
182.59901,1257.16370051712,-23.6717190847933,-23.6717190847933,16.3381683751816,68.44753089058,50
182.699,1257.19250843601,-23.6135382853348,-23.6135382853348,16.3945136603498,68.46612258594,50
182.79901,1257.16370051712,-23.6717190847929,-23.6717190847929,16.3381683751815,68.4847172487616,50
182.89901,1257.16370051713,-23.6717190848144,-23.6717190848144,16.3381683751844,68.5033032281963,50
182.99901,1257.16370051711,-23.6717190847925,-23.6717190847925,16.3381683751815,68.5218844095116,50
183.09901,1257.16370051713,-23.671719084814,-23.671719084814,16.3381683751843,68.5404607939463,50
183.199,1257.19250843598,-23.6135382853125,-23.6135382853125,16.3945136603468,68.5590285004184,50
183.29901,1257.16370051713,-23.6717190848138,-23.6717190848138,16.3381683751844,68.5775991771276,50
183.39901,1257.16370051711,-23.671719084792,-23.671719084792,16.3381683751815,68.5961611783499,50
183.49901,1257.16370051712,-23.6717190848135,-23.6717190848135,16.3381683751843,68.6147183876436,50
183.59901,1257.16370051711,-23.6717190847917,-23.6717190847917,16.3381683751814,68.633270806245,50
183.699,1257.192508436,-23.6135382853333,-23.6135382853333,16.3945136603498,68.651814554779,50
183.79901,1257.1637005171,-23.6717190847913,-23.6717190847913,16.3381683751813,68.6703612763189,50
183.89901,1257.16370051712,-23.6717190848129,-23.6717190848129,16.3381683751843,68.6888993302644,50
183.99901,1257.1637005171,-23.671719084791,-23.671719084791,16.3381683751813,68.7074325984632,50
184.09901,1257.16370051712,-23.6717190848126,-23.6717190848126,16.3381683751843,68.7259610821512,50
184.199,1257.19250843597,-23.6135382853108,-23.6135382853108,16.3945136603466,68.744480903655,50
184.29901,1257.16370051712,-23.6717190848123,-23.6717190848123,16.3381683751843,68.7630037009332,50
184.39901,1257.1637005171,-23.6717190847902,-23.6717190847902,16.3381683751812,68.7815178384976,50
184.49901,1257.16370051711,-23.6717190848119,-23.6717190848119,16.3381683751842,68.8000271964886,50
184.59901,1257.1637005171,-23.67171908479,-23.67171908479,16.3381683751812,68.8185317761407,50
184.699,1257.19250843599,-23.6135382853318,-23.6135382853318,16.3945136603496,68.8370277014845,50
184.79901,1257.1637005171,-23.6717190847898,-23.6717190847898,16.3381683751811,68.8555266053656,50
184.89901,1257.16370051711,-23.6717190848114,-23.6717190848114,16.3381683751842,68.8740168574033,50
184.99901,1257.16370051709,-23.6717190847895,-23.6717190847895,16.3381683751811,68.892502336036,50
185.09901,1257.16370051711,-23.671719084811,-23.671719084811,16.3381683751841,68.9109830424937,50
185.199,1257.19250843597,-23.6135382853094,-23.6135382853094,16.3945136603464,68.929455102505,50
185.29901,1257.16370051711,-23.6717190848106,-23.6717190848106,16.3381683751841,68.9479301438138,50
185.39901,1257.16370051709,-23.6717190847889,-23.6717190847889,16.3381683751811,68.96639654114,50
185.49901,1257.16370051711,-23.6717190848103,-23.6717190848103,16.3381683751841,68.9848581712183,50
185.59901,1257.16370051709,-23.6717190847886,-23.6717190847886,16.3381683751811,69.0033150352789,50
185.699,1257.19250843598,-23.6135382853301,-23.6135382853301,16.3945136603495,69.0217632607472,50
185.79901,1257.16370051709,-23.6717190847882,-23.6717190847882,16.338168375181,69.0402144702701,50
185.89901,1257.1637005171,-23.6717190848097,-23.6717190848097,16.3381683751841,69.0586570436595,50
185.99901,1257.16370051708,-23.6717190847879,-23.6717190847879,16.338168375181,69.0770948559529,50
186.09901,1257.1637005171,-23.6717190848094,-23.6717190848094,16.338168375184,69.0955279083769,50
186.199,1257.19250843596,-23.6135382853078,-23.6135382853078,16.3945136603462,69.1139523300515,50
186.29901,1257.1637005171,-23.6717190848091,-23.6717190848091,16.3381683751839,69.1323797385345,50
186.39901,1257.16370051708,-23.6717190847873,-23.6717190847873,16.3381683751809,69.1507985187241,50
186.49901,1257.1637005171,-23.6717190848088,-23.6717190848088,16.3381683751838,69.1692125439597,50
186.59901,1257.16370051708,-23.671719084787,-23.671719084787,16.3381683751809,69.1876218154673,50
186.699,1257.19250843597,-23.6135382853287,-23.6135382853287,16.3945136603491,69.2060224640599,50
186.79901,1257.16370051708,-23.6717190847867,-23.6717190847867,16.3381683751809,69.224426102208,50
186.89901,1257.16370051709,-23.6717190848083,-23.6717190848083,16.3381683751837,69.2428211198941,50
186.99901,1257.16370051707,-23.6717190847865,-23.6717190847865,16.3381683751808,69.2612113887604,50
187.09901,1257.16370051709,-23.671719084808,-23.671719084808,16.3381683751838,69.2795969100317,50
187.199,1257.19250843595,-23.6135382853065,-23.6135382853065,16.394513660346,69.2979738162103,50
187.29901,1257.16370051709,-23.6717190848078,-23.6717190848078,16.3381683751837,69.3163537146916,50
187.39901,1257.16370051707,-23.671719084786,-23.671719084786,16.3381683751808,69.3347250005309,50
187.49901,1257.16370051708,-23.6717190848075,-23.6717190848075,16.3381683751837,69.3530915436765,50
187.59901,1257.16370051707,-23.6717190847858,-23.6717190847858,16.3381683751808,69.3714533453518,50
187.699,1257.19250843596,-23.6135382853271,-23.6135382853271,16.394513660349,69.3898065397484,50
187.79901,1257.16370051707,-23.6717190847854,-23.6717190847854,16.3381683751808,69.4081627291891,50
187.89901,1257.16370051708,-23.6717190848067,-23.6717190848067,16.3381683751835,69.4265103137984,50
187.99901,1257.16370051706,-23.6717190847852,-23.6717190847852,16.3381683751807,69.4448531618322,50
188.09901,1257.16370051708,-23.6717190848065,-23.6717190848065,16.3381683751835,69.463191274513,50
188.199,1257.19250843593,-23.6135382853051,-23.6135382853051,16.3945136603459,69.4815207877171,50
188.29901,1257.16370051708,-23.6717190848062,-23.6717190848062,16.3381683751836,69.4998532987057,50
188.39901,1257.16370051706,-23.6717190847846,-23.6717190847846,16.3381683751806,69.5181772126628,50
188.49901,1257.16370051708,-23.6717190848059,-23.6717190848059,16.3381683751835,69.5364963961536,50
188.59901,1257.16370051706,-23.6717190847843,-23.6717190847843,16.3381683751805,69.5548108504011,50
188.699,1257.19250843595,-23.6135382853257,-23.6135382853257,16.3945136603489,69.5731167129667,50
188.79901,1257.16370051706,-23.671719084784,-23.671719084784,16.3381683751806,69.5914255760498,50
188.89901,1257.16370051707,-23.6717190848052,-23.6717190848052,16.3381683751835,69.6097258498908,50
188.99901,1257.16370051705,-23.6717190847837,-23.6717190847837,16.3381683751806,69.6280213993709,50
189.09901,1257.16370051707,-23.6717190848049,-23.6717190848049,16.3381683751835,69.6463122257082,50
189.199,1257.19250843592,-23.6135382853037,-23.6135382853037,16.3945136603458,69.6645944681455,50
189.29901,1257.16370051707,-23.6717190848046,-23.6717190848046,16.3381683751833,69.6828797138334,50
189.39901,1257.16370051705,-23.6717190847831,-23.6717190847831,16.3381683751806,69.7011563780585,50
189.49901,1257.16370051706,-23.6717190848041,-23.6717190848041,16.3381683751833,69.7194283240171,50
189.59901,1257.16370051705,-23.6717190847827,-23.6717190847827,16.3381683751805,69.7376955529277,50
189.699,1257.19250843594,-23.613538285324,-23.613538285324,16.3945136603487,69.7559542057102,50
189.79901,1257.16370051705,-23.6717190847824,-23.6717190847824,16.3381683751804,69.7742158644714,50
189.89901,1257.16370051706,-23.6717190848037,-23.6717190848037,16.3381683751832,69.792468949541,50
189.99901,1257.16370051704,-23.671719084782,-23.671719084782,16.3381683751804,69.8107173224307,50
190.09901,1257.16370051706,-23.6717190848033,-23.6717190848033,16.3381683751831,69.8289609843572,50
190.199,1257.19250843592,-23.6135382853019,-23.6135382853019,16.3945136603455,69.8471960779184,50
190.29901,1257.16370051706,-23.671719084803,-23.671719084803,16.338168375183,69.8654341801834,50
190.39901,1257.16370051704,-23.6717190847813,-23.6717190847813,16.3381683751802,69.8836637165155,50
190.49901,1257.16370051706,-23.6717190848028,-23.6717190848028,16.3381683751831,69.9018885467485,50
190.59901,1257.16370051704,-23.671719084781,-23.671719084781,16.3381683751801,69.9201086720948,50
190.699,1257.19250843593,-23.6135382853226,-23.6135382853226,16.3945136603483,69.9383202368294,50
190.79901,1257.16370051704,-23.6717190847806,-23.6717190847806,16.3381683751801,69.9565348129885,50
190.89901,1257.16370051705,-23.6717190848022,-23.6717190848022,16.338168375183,69.974740830965,50
190.99901,1257.16370051704,-23.6717190847805,-23.6717190847805,16.3381683751801,69.9929421489126,50
191.09901,1257.16370051705,-23.671719084802,-23.671719084802,16.338168375183,70.0111387680451,50
191.199,1257.19250843591,-23.6135382853004,-23.6135382853004,16.3945136603453,70.0293268343085,50
191.29901,1257.16370051705,-23.6717190848017,-23.6717190848017,16.3381683751829,70.0475179147141,50
191.39901,1257.16370051703,-23.6717190847799,-23.6717190847799,16.3381683751801,70.0657004446764,50
191.49901,1257.16370051705,-23.6717190848016,-23.6717190848016,16.3381683751829,70.0838782806726,50
191.59901,1257.16370051703,-23.6717190847795,-23.6717190847795,16.33816837518,70.1020514239162,50
191.699,1257.19250843592,-23.6135382853214,-23.6135382853214,16.3945136603482,70.1202160220244,50
191.79901,1257.16370051703,-23.6717190847794,-23.6717190847794,16.3381683751799,70.1383836369892,50
191.89901,1257.16370051704,-23.6717190848009,-23.6717190848009,16.3381683751828,70.1565427092401,50
191.99901,1257.16370051703,-23.6717190847791,-23.6717190847791,16.3381683751799,70.174697093582,50
192.09901,1257.16370051704,-23.6717190848006,-23.6717190848006,16.3381683751827,70.1928467912235,50
192.199,1257.1925084359,-23.6135382852992,-23.6135382852992,16.3945136603451,70.2109879514529,50
192.29901,1257.16370051704,-23.6717190848003,-23.6717190848003,16.3381683751827,70.2291321312491,50
192.39901,1257.16370051702,-23.6717190847786,-23.6717190847786,16.3381683751798,70.2472677760518,50
192.49901,1257.16370051704,-23.6717190848001,-23.6717190848001,16.3381683751826,70.2653987389929,50
192.59901,1257.16370051702,-23.6717190847785,-23.6717190847785,16.3381683751798,70.2835250212801,50
192.699,1257.19250843591,-23.61353828532,-23.61353828532,16.3945136603479,70.3016427738687,50
192.79901,1257.16370051702,-23.6717190847782,-23.6717190847782,16.3381683751798,70.3197635487307,50
192.89901,1257.16370051704,-23.6717190847996,-23.6717190847996,16.3381683751826,70.337875796309,50
192.99901,1257.16370051702,-23.6717190847777,-23.6717190847777,16.3381683751797,70.3559833680654,50
193.09901,1257.16370051703,-23.6717190847993,-23.6717190847993,16.3381683751825,70.3740862652077,50
193.199,1257.19250843589,-23.6135382852978,-23.6135382852978,16.394513660345,70.3921806403535,50
193.29901,1257.16370051703,-23.6717190847991,-23.6717190847991,16.3381683751826,70.4102780404773,50
193.39901,1257.16370051701,-23.6717190847773,-23.6717190847773,16.3381683751798,70.4283669210163,50
193.49901,1257.16370051703,-23.6717190847989,-23.6717190847989,16.3381683751827,70.4464511317672,50
193.59901,1257.16370051701,-23.671719084777,-23.671719084777,16.3381683751798,70.4645306739338,50
193.699,1257.1925084359,-23.6135382853185,-23.6135382853185,16.3945136603479,70.4826017017971,50
193.79901,1257.16370051701,-23.6717190847767,-23.6717190847767,16.3381683751797,70.5006757573385,50
193.89901,1257.16370051702,-23.6717190847982,-23.6717190847982,16.3381683751826,70.5187413009849,50
193.99901,1257.163700517,-23.6717190847763,-23.6717190847763,16.3381683751797,70.5368021808669,50
194.09901,1257.16370051702,-23.671719084798,-23.671719084798,16.3381683751825,70.5548583981897,50
194.199,1257.19250843588,-23.6135382852964,-23.6135382852964,16.3945136603449,70.5729061088909,50
194.29901,1257.16370051702,-23.6717190847977,-23.6717190847977,16.3381683751825,70.5909568499665,50
194.39901,1257.163700517,-23.6717190847759,-23.6717190847759,16.3381683751797,70.6089990868277,50
194.49901,1257.16370051702,-23.6717190847974,-23.6717190847974,16.3381683751824,70.627036665942,50
194.59901,1257.163700517,-23.6717190847756,-23.6717190847756,16.3381683751796,70.645069588511,50
194.699,1257.19250843589,-23.6135382853172,-23.6135382853172,16.3945136603477,70.6630940121332,50
194.79901,1257.163700517,-23.6717190847755,-23.6717190847755,16.3381683751796,70.6811214688227,50
194.89901,1257.16370051701,-23.6717190847968,-23.6717190847968,16.3381683751824,70.6991404289678,50
194.99901,1257.163700517,-23.6717190847751,-23.6717190847751,16.3381683751796,70.7171547373752,50
195.09901,1257.16370051701,-23.6717190847966,-23.6717190847966,16.3381683751824,70.735164395245,50
195.199,1257.19250843587,-23.6135382852951,-23.6135382852951,16.3945136603447,70.7531655618301,50
195.29901,1257.16370051701,-23.6717190847963,-23.6717190847963,16.3381683751823,70.7711697641724,50
195.39901,1257.16370051699,-23.6717190847746,-23.6717190847746,16.3381683751794,70.7891654776311,50
195.49901,1257.16370051701,-23.6717190847959,-23.6717190847959,16.3381683751823,70.8071565453524,50
195.59901,1257.16370051699,-23.6717190847743,-23.6717190847743,16.3381683751795,70.8251429685365,50
195.699,1257.19250843588,-23.6135382853157,-23.6135382853157,16.3945136603475,70.8431209080901,50
195.79901,1257.16370051699,-23.671719084774,-23.671719084774,16.3381683751794,70.8611018860872,50
195.89901,1257.163700517,-23.6717190847953,-23.6717190847953,16.3381683751822,70.8790743828507,50
195.99901,1257.16370051699,-23.6717190847736,-23.6717190847736,16.3381683751793,70.8970422398704,50
196.09901,1257.163700517,-23.671719084795,-23.671719084795,16.3381683751822,70.9150054583439,50
196.199,1257.19250843586,-23.6135382852936,-23.6135382852936,16.3945136603444,70.9329602008308,50
196.29901,1257.163700517,-23.6717190847946,-23.6717190847946,16.3381683751822,70.9509179844445,50
196.39901,1257.16370051698,-23.6717190847732,-23.6717190847732,16.3381683751793,70.968867294465,50
196.49901,1257.163700517,-23.6717190847943,-23.6717190847943,16.3381683751821,70.9868119707277,50
196.59901,1257.16370051698,-23.6717190847727,-23.6717190847727,16.3381683751791,71.004752014428,50
196.699,1257.19250843587,-23.6135382853141,-23.6135382853141,16.3945136603474,71.0226835897763,50
196.79901,1257.16370051698,-23.6717190847725,-23.6717190847725,16.3381683751791,71.0406182089295,50
196.89901,1257.163700517,-23.6717190847936,-23.6717190847936,16.338168375182,71.0585443621209,50
196.99901,1257.16370051698,-23.6717190847721,-23.6717190847721,16.3381683751791,71.0764658875325,50
197.09901,1257.16370051699,-23.6717190847933,-23.6717190847933,16.338168375182,71.0943827863591,50
197.199,1257.19250843585,-23.6135382852919,-23.6135382852919,16.3945136603442,71.1122912244564,50
197.29901,1257.16370051699,-23.6717190847932,-23.6717190847932,16.338168375182,71.1302027090345,50
197.39901,1257.16370051697,-23.6717190847715,-23.6717190847715,16.338168375179,71.1481057352719,50
197.49901,1257.16370051699,-23.6717190847929,-23.6717190847929,16.3381683751819,71.1660041396996,50
197.59901,1257.16370051697,-23.6717190847711,-23.6717190847711,16.338168375179,71.1838979235119,50
197.699,1257.19250843586,-23.6135382853128,-23.6135382853128,16.3945136603471,71.2017832542081,50
197.79901,1257.16370051697,-23.6717190847708,-23.6717190847708,16.3381683751789,71.2196716340586,50
197.89901,1257.16370051699,-23.6717190847923,-23.6717190847923,16.3381683751818,71.2375515631785,50
197.99901,1257.16370051697,-23.6717190847705,-23.6717190847705,16.3381683751789,71.2554268764514,50
198.09901,1257.16370051699,-23.6717190847921,-23.6717190847921,16.3381683751818,71.27329757507,50
198.199,1257.19250843584,-23.6135382852904,-23.6135382852904,16.394513660344,71.2911598281767,50
198.29901,1257.16370051698,-23.6717190847918,-23.6717190847918,16.3381683751817,71.3090251331064,50
198.39901,1257.16370051696,-23.6717190847699,-23.6717190847699,16.3381683751788,71.3268819949062,50
198.49901,1257.16370051698,-23.6717190847915,-23.6717190847915,16.3381683751817,71.3447342468152,50
198.59901,1257.16370051696,-23.6717190847696,-23.6717190847696,16.3381683751788,71.3625818900231,50
198.699,1257.19250843585,-23.6135382853114,-23.6135382853114,16.3945136603469,71.3804210953134,50
198.79901,1257.16370051696,-23.6717190847694,-23.6717190847694,16.3381683751789,71.3982633550929,50
198.89901,1257.16370051698,-23.6717190847909,-23.6717190847909,16.3381683751816,71.4160971793341,50
198.99901,1257.16370051696,-23.6717190847692,-23.6717190847692,16.3381683751789,71.4339263996303,50
199.09901,1257.16370051698,-23.6717190847907,-23.6717190847907,16.3381683751816,71.4517510171709,50
199.199,1257.19250843583,-23.6135382852891,-23.6135382852891,16.394513660344,71.4695672043799,50
199.29901,1257.16370051697,-23.6717190847904,-23.6717190847904,16.3381683751815,71.4873864487394,50
199.39901,1257.16370051695,-23.6717190847687,-23.6717190847687,16.3381683751788,71.5051972651422,50
199.49901,1257.16370051697,-23.6717190847901,-23.6717190847901,16.3381683751815,71.5230034835398,50
199.59901,1257.16370051695,-23.6717190847685,-23.6717190847685,16.3381683751788,71.5408051051201,50
199.699,1257.19250843584,-23.61353828531,-23.61353828531,16.3945136603468,71.5585983039432,50
199.79901,1257.16370051695,-23.6717190847681,-23.6717190847681,16.3381683751787,71.5763945625761,50
199.89901,1257.16370051697,-23.6717190847895,-23.6717190847895,16.3381683751814,71.5941824008225,50
199.99901,1257.16370051695,-23.6717190847678,-23.6717190847678,16.3381683751787,71.6119656469973,50
