time,speed_rpm,current_main,current_aux,torque,temperature,ambient
0,0,0,0,-0,25,25
0.09901,1174.56335018093,-28.5650031774339,-28.5650031774339,24.7667171564781,25.085417406798,25
0.19901,1254.8855795217,-23.7898874934698,-23.7898874934698,16.4257168615934,25.1203189725528,25
0.29901,1257.13546312887,-23.6736707531757,-23.6736707531757,16.3393553199569,25.1501640414438,25
0.39901,1257.16333100865,-23.671743323563,-23.671743323563,16.3381837610987,25.1799380155303,25
0.49901,1257.16369574014,-23.6717194017315,-23.6717194017315,16.3381685743299,25.2097034803535,25
0.59901,1257.16370045693,-23.6717190891622,-23.6717190891622,16.3381683777949,25.2394612503008,25
0.69901,1257.16370051808,-23.6717190851403,-23.6717190851403,16.3381683752505,25.2692113379036,25
0.79901,1257.16370051885,-23.6717190850664,-23.6717190850664,16.3381683752148,25.2989537452822,25
0.89901,1257.16370051888,-23.6717190850869,-23.6717190850869,16.338168375217,25.3286884744209,25
0.99901,1257.16370051886,-23.6717190850655,-23.6717190850655,16.3381683752142,25.3584155273017,25
1.09901,1257.16370051888,-23.6717190850867,-23.6717190850867,16.338168375217,25.3881349059062,25
1.19901,1257.16370051886,-23.6717190850651,-23.6717190850651,16.3381683752143,25.417846612216,25
1.29901,1257.16370051887,-23.6717190850864,-23.6717190850864,16.3381683752169,25.4475506482116,25
1.39901,1257.16370051886,-23.6717190850649,-23.6717190850649,16.3381683752142,25.477247015873,25
1.499,1257.19250843774,-23.6135382856059,-23.6135382856059,16.3945136603842,25.5069310426835,25
1.59901,1257.16370051886,-23.6717190850645,-23.6717190850645,16.3381683752142,25.5366167541115,25
1.69901,1257.16370051887,-23.6717190850858,-23.6717190850858,16.3381683752169,25.5662901286462,25
1.79901,1257.16370051885,-23.6717190850641,-23.6717190850641,16.3381683752141,25.5959558427626,25
1.89901,1257.16370051887,-23.6717190850855,-23.6717190850855,16.3381683752168,25.6256138984379,25
1.999,1257.19250843772,-23.6135382855838,-23.6135382855838,16.3945136603811,25.6552596258823,25
2.099,1257.19250843774,-23.613538285605,-23.613538285605,16.394513660384,25.6849023711517,25
2.19901,1257.16370051885,-23.6717190850635,-23.6717190850635,16.3381683752139,25.714542134586,25
2.29901,1257.16370051886,-23.6717190850849,-23.6717190850849,16.3381683752168,25.7441695762632,25
2.39901,1257.16370051885,-23.6717190850632,-23.6717190850632,16.3381683752139,25.7737893693796,25
2.499,1257.19250843773,-23.6135382856044,-23.6135382856044,16.3945136603839,25.8033968468686,25
2.599,1257.19250843772,-23.6135382855828,-23.6135382855828,16.3945136603808,25.8330013493315,25
2.69901,1257.16370051886,-23.6717190850842,-23.6717190850842,16.3381683752167,25.8626028771078,25
2.79901,1257.16370051884,-23.6717190850627,-23.6717190850627,16.3381683752138,25.892192095722,25
2.89901,1257.16370051886,-23.671719085084,-23.671719085084,16.3381683752167,25.9217736756433,25
2.999,1257.19250843772,-23.6135382855822,-23.6135382855822,16.3945136603808,25.9513429525242,25
3.099,1257.19250843773,-23.6135382856035,-23.6135382856035,16.3945136603838,25.9809092615188,25
3.19901,1257.16370051884,-23.671719085062,-23.671719085062,16.3381683752137,26.0104726029656,25
3.29901,1257.16370051885,-23.6717190850833,-23.6717190850833,16.3381683752167,26.0400236478292,25
3.39901,1257.16370051884,-23.6717190850616,-23.6717190850616,16.3381683752138,26.0695670638547,25
3.499,1257.19250843773,-23.6135382856028,-23.6135382856028,16.3945136603838,26.0990981894111,25
3.599,1257.19250843771,-23.6135382855811,-23.6135382855811,16.3945136603806,26.1286263542113,25
3.69901,1257.16370051885,-23.6717190850826,-23.6717190850826,16.3381683752165,26.1581515585935,25
3.79901,1257.16370051883,-23.6717190850609,-23.6717190850609,16.3381683752136,26.1876644789555,25
3.89901,1257.16370051885,-23.6717190850823,-23.6717190850823,16.3381683752165,26.2171697803214,25
3.999,1257.19250843771,-23.6135382855805,-23.6135382855805,16.3945136603805,26.2466628037731,25
4.09901,1257.16370051885,-23.671719085082,-23.671719085082,16.3381683752164,26.276157533932,25
4.19901,1257.16370051883,-23.6717190850603,-23.6717190850603,16.3381683752135,26.3056399901093,25
4.299,1257.19250843772,-23.6135382856016,-23.6135382856016,16.3945136603836,26.3351101758973,25
4.39901,1257.16370051883,-23.6717190850602,-23.6717190850602,16.3381683752135,26.3645820710338,25
4.49901,1257.16370051884,-23.6717190850815,-23.6717190850815,16.3381683752164,26.3940416997106,25
4.59901,1257.16370051883,-23.6717190850599,-23.6717190850599,16.3381683752134,26.4234937231491,25
4.69901,1257.16370051884,-23.6717190850813,-23.6717190850813,16.3381683752164,26.4529381433124,25
4.79901,1257.16370051883,-23.6717190850596,-23.6717190850596,16.3381683752134,26.4823749621634,25
4.89901,1257.16370051884,-23.671719085081,-23.671719085081,16.3381683752164,26.5118041816646,25
4.99901,1257.16370051882,-23.6717190850592,-23.6717190850592,16.3381683752133,26.5412258037779,25
5.09901,1257.16370051884,-23.6717190850806,-23.6717190850806,16.3381683752164,26.5706398304643,25
5.19901,1257.16370051882,-23.6717190850589,-23.6717190850589,16.3381683752133,26.6000462636851,25
5.29901,1257.16370051884,-23.6717190850804,-23.6717190850804,16.3381683752163,26.6294451054002,25
5.39901,1257.16370051882,-23.6717190850586,-23.6717190850586,16.3381683752133,26.6588363575696,25
5.49901,1257.16370051884,-23.6717190850801,-23.6717190850801,16.3381683752162,26.6882200221524,25
5.59901,1257.16370051882,-23.6717190850583,-23.6717190850583,16.3381683752133,26.7175961011077,25
5.69901,1257.16370051883,-23.6717190850797,-23.6717190850797,16.3381683752161,26.7469645963937,25
5.79901,1257.16370051882,-23.671719085058,-23.671719085058,16.3381683752132,26.776325509968,25
5.89901,1257.16370051883,-23.6717190850794,-23.6717190850794,16.3381683752162,26.8056788437882,25
5.99901,1257.16370051881,-23.6717190850579,-23.6717190850579,16.3381683752132,26.8350245998104,25
6.09901,1257.16370051883,-23.6717190850792,-23.6717190850792,16.3381683752161,26.8643627799917,25
6.19901,1257.16370051881,-23.6717190850576,-23.6717190850576,16.3381683752133,26.8936933862875,25
6.29901,1257.16370051883,-23.671719085079,-23.671719085079,16.338168375216,26.9230164206532,25
6.39901,1257.16370051881,-23.6717190850573,-23.6717190850573,16.3381683752133,26.9523318850433,25
6.49901,1257.16370051883,-23.6717190850787,-23.6717190850787,16.338168375216,26.9816397814122,25
6.59901,1257.16370051881,-23.671719085057,-23.671719085057,16.3381683752133,27.0109401117134,25
6.69901,1257.16370051882,-23.6717190850784,-23.6717190850784,16.338168375216,27.0402328779004,25
6.79901,1257.1637005188,-23.6717190850568,-23.6717190850568,16.3381683752133,27.0695180819259,25
6.89901,1257.16370051882,-23.6717190850782,-23.6717190850782,16.3381683752159,27.0987957257421,25
6.99901,1257.1637005188,-23.6717190850565,-23.6717190850565,16.3381683752133,27.1280658113008,25
7.09901,1257.16370051882,-23.6717190850779,-23.6717190850779,16.3381683752159,27.1573283405531,25
7.19901,1257.1637005188,-23.6717190850561,-23.6717190850561,16.3381683752133,27.18658331545,25
7.29901,1257.16370051882,-23.6717190850776,-23.6717190850776,16.3381683752159,27.2158307379416,25
7.39901,1257.1637005188,-23.6717190850559,-23.6717190850559,16.3381683752132,27.2450706099773,25
7.49901,1257.16370051881,-23.6717190850773,-23.6717190850773,16.3381683752159,27.2743029335066,25
7.59901,1257.16370051879,-23.6717190850557,-23.6717190850557,16.3381683752131,27.3035277104783,25
7.69901,1257.16370051881,-23.671719085077,-23.671719085077,16.3381683752159,27.3327449428403,25
7.79901,1257.16370051879,-23.6717190850553,-23.6717190850553,16.3381683752131,27.3619546325406,25
7.89901,1257.16370051881,-23.6717190850768,-23.6717190850768,16.3381683752159,27.3911567815263,25
7.99901,1257.16370051879,-23.671719085055,-23.671719085055,16.3381683752131,27.4203513917439,25
8.099,1257.19250843768,-23.6135382855963,-23.6135382855963,16.3945136603829,27.4495338263882,25
8.19901,1257.16370051879,-23.6717190850548,-23.6717190850548,16.3381683752131,27.4787180036596,25
8.29901,1257.16370051881,-23.6717190850762,-23.6717190850762,16.3381683752157,27.5078900092484,25
8.39901,1257.16370051879,-23.6717190850545,-23.6717190850545,16.338168375213,27.5370544838509,25
8.499,1257.19250843768,-23.6135382855957,-23.6135382855957,16.3945136603828,27.5662067928069,25
8.599,1257.19250843766,-23.6135382855741,-23.6135382855741,16.39451366038,27.5953562118056,25
8.69901,1257.1637005188,-23.6717190850756,-23.6717190850756,16.3381683752157,27.6245027411813,25
8.79901,1257.16370051878,-23.6717190850538,-23.6717190850538,16.338168375213,27.6536371112759,25
8.89901,1257.1637005188,-23.6717190850752,-23.6717190850752,16.3381683752157,27.6827639601004,25
8.999,1257.19250843765,-23.6135382855734,-23.6135382855734,16.3945136603799,27.7118786556717,25
9.099,1257.19250843767,-23.6135382855947,-23.6135382855947,16.3945136603827,27.7409904683157,25
9.19901,1257.16370051878,-23.6717190850531,-23.6717190850531,16.3381683752128,27.7700993983662,25
9.29901,1257.1637005188,-23.6717190850746,-23.6717190850746,16.3381683752155,27.7991961815214,25
9.39901,1257.16370051878,-23.6717190850528,-23.6717190850528,16.3381683752128,27.8282854531095,25
9.499,1257.19250843767,-23.6135382855941,-23.6135382855941,16.3945136603826,27.8573625838224,25
9.59901,1257.16370051878,-23.6717190850526,-23.6717190850526,16.3381683752127,27.8864414693411,25
9.69901,1257.16370051879,-23.6717190850739,-23.6717190850739,16.3381683752154,27.9155082178616,25
9.79901,1257.16370051877,-23.6717190850523,-23.6717190850523,16.3381683752126,27.9445674625685,25
9.89901,1257.16370051879,-23.6717190850736,-23.6717190850736,16.3381683752154,27.9736192053997,25
9.999,1257.19250843765,-23.6135382855719,-23.6135382855719,16.3945136603796,28.0026588197175,25
10.09901,1257.16370051879,-23.6717190850733,-23.6717190850733,16.3381683752153,28.0317001931797,25
10.19901,1257.16370051877,-23.6717190850517,-23.6717190850517,16.3381683752125,28.0607294420006,25
10.29901,1257.16370051879,-23.671719085073,-23.671719085073,16.3381683752152,28.0897511966891,25
10.39901,1257.16370051877,-23.6717190850514,-23.6717190850514,16.3381683752124,28.1187654591797,25
10.499,1257.19250843766,-23.6135382855924,-23.6135382855924,16.3945136603823,28.1477676055031,25
10.59901,1257.16370051877,-23.6717190850511,-23.6717190850511,16.3381683752125,28.1767715153043,25
10.69901,1257.16370051878,-23.6717190850723,-23.6717190850723,16.3381683752153,28.2057633128049,25
10.79901,1257.16370051877,-23.6717190850508,-23.6717190850508,16.3381683752125,28.2347476258414,25
10.89901,1257.16370051878,-23.6717190850721,-23.6717190850721,16.3381683752152,28.263724456346,25
10.999,1257.19250843764,-23.6135382855704,-23.6135382855704,16.3945136603794,28.2926891830131,25
11.09901,1257.16370051878,-23.6717190850718,-23.6717190850718,16.3381683752152,28.3216556774858,25
11.19901,1257.16370051876,-23.6717190850501,-23.6717190850501,16.3381683752123,28.3506100719831,25
11.29901,1257.16370051878,-23.6717190850714,-23.6717190850714,16.3381683752151,28.379556991672,25
11.39901,1257.16370051876,-23.6717190850497,-23.6717190850497,16.3381683752123,28.4084964384824,25
11.499,1257.19250843765,-23.6135382855911,-23.6135382855911,16.3945136603822,28.4374237937695,25
11.59901,1257.16370051876,-23.6717190850494,-23.6717190850494,16.3381683752122,28.4663529211843,25
11.69901,1257.16370051878,-23.6717190850709,-23.6717190850709,16.338168375215,28.4952699609324,25
11.79901,1257.16370051876,-23.6717190850492,-23.6717190850492,16.3381683752122,28.524179535516,25
11.89901,1257.16370051877,-23.6717190850706,-23.6717190850706,16.3381683752151,28.5530816468619,25
11.999,1257.19250843763,-23.6135382855687,-23.6135382855687,16.3945136603791,28.5819716789827,25
12.09901,1257.16370051877,-23.6717190850703,-23.6717190850703,16.3381683752149,28.6108634875475,25
12.19901,1257.16370051875,-23.6717190850485,-23.6717190850485,16.3381683752121,28.639743220739,25
12.29901,1257.16370051877,-23.67171908507,-23.67171908507,16.3381683752149,28.6686154983968,25
12.39901,1257.16370051875,-23.6717190850483,-23.6717190850483,16.3381683752121,28.6974803224456,25
12.499,1257.19250843764,-23.6135382855895,-23.6135382855895,16.394513660382,28.7263330795517,25
12.59901,1257.16370051875,-23.671719085048,-23.671719085048,16.3381683752121,28.7551876174123,25
12.69901,1257.16370051877,-23.6717190850693,-23.6717190850693,16.3381683752149,28.7840300921772,25
12.79901,1257.16370051875,-23.6717190850477,-23.6717190850477,16.3381683752121,28.812865121027,25
12.89901,1257.16370051876,-23.6717190850692,-23.6717190850692,16.3381683752149,28.841692705884,25
12.999,1257.19250843762,-23.6135382855674,-23.6135382855674,16.394513660379,28.8705082360645,25
13.09901,1257.16370051876,-23.6717190850689,-23.6717190850689,16.3381683752149,28.8993255513052,25
13.19901,1257.16370051874,-23.6717190850471,-23.6717190850471,16.338168375212,28.9281308157114,25
13.29901,1257.16370051876,-23.6717190850685,-23.6717190850685,16.3381683752149,28.9569286438086,25
13.39901,1257.16370051874,-23.6717190850469,-23.6717190850469,16.338168375212,28.9857190375166,25
13.499,1257.19250843763,-23.6135382855881,-23.6135382855881,16.394513660382,29.0144973887987,25
13.59901,1257.16370051874,-23.6717190850467,-23.6717190850467,16.338168375212,29.043277529441,25
13.69901,1257.16370051875,-23.671719085068,-23.671719085068,16.3381683752148,29.0720456314946,25
13.79901,1257.16370051874,-23.6717190850463,-23.6717190850463,16.3381683752119,29.1008063068331,25
13.89901,1257.16370051875,-23.6717190850678,-23.6717190850678,16.3381683752147,29.1295595573733,25
13.999,1257.19250843761,-23.613538285566,-23.613538285566,16.3945136603789,29.1583007777228,25
14.09901,1257.16370051875,-23.6717190850675,-23.6717190850675,16.3381683752147,29.1870437917267,25
14.19901,1257.16370051873,-23.6717190850457,-23.6717190850457,16.338168375212,29.2157747793718,25
14.29901,1257.16370051875,-23.6717190850672,-23.6717190850672,16.3381683752146,29.2444983498828,25
14.39901,1257.16370051873,-23.6717190850454,-23.6717190850454,16.338168375212,29.2732145051749,25
14.499,1257.19250843762,-23.6135382855867,-23.6135382855867,16.3945136603817,29.3019186424952,25
14.59901,1257.16370051873,-23.6717190850451,-23.6717190850451,16.338168375212,29.3306245777584,25
14.69901,1257.16370051874,-23.6717190850666,-23.6717190850666,16.3381683752147,29.3593184988769,25
14.79901,1257.16370051872,-23.6717190850449,-23.6717190850449,16.3381683752119,29.3880050124306,25
14.89901,1257.16370051874,-23.6717190850662,-23.6717190850662,16.3381683752146,29.4166841203317,25
14.999,1257.1925084376,-23.6135382855646,-23.6135382855646,16.3945136603788,29.4453512224643,25
15.09901,1257.16370051874,-23.6717190850659,-23.6717190850659,16.3381683752147,29.4740201268231,25
15.19901,1257.16370051872,-23.6717190850444,-23.6717190850444,16.3381683752118,29.5026770292356,25
15.29901,1257.16370051874,-23.6717190850655,-23.6717190850655,16.3381683752147,29.5313265336397,25
15.39901,1257.16370051872,-23.6717190850441,-23.6717190850441,16.3381683752117,29.5599686419457,25
15.499,1257.19250843761,-23.6135382855852,-23.6135382855852,16.3945136603816,29.5885987566706,25
15.59901,1257.16370051872,-23.6717190850438,-23.6717190850438,16.3381683752117,29.6172306778994,25
15.69901,1257.16370051873,-23.671719085065,-23.671719085065,16.3381683752146,29.6458506093645,25
15.79901,1257.16370051871,-23.6717190850435,-23.6717190850435,16.3381683752116,29.6744631523659,25
15.89901,1257.16370051873,-23.6717190850646,-23.6717190850646,16.3381683752145,29.7030683088107,25
15.999,1257.19250843759,-23.6135382855631,-23.6135382855631,16.3945136603786,29.7316614838463,25
16.09901,1257.16370051873,-23.6717190850644,-23.6717190850644,16.3381683752145,29.7602564696579,25
16.199,1257.19250843759,-23.6135382855629,-23.6135382855629,16.3945136603785,29.7888348821652,25
16.29901,1257.16370051873,-23.6717190850641,-23.6717190850641,16.3381683752145,29.8174151071556,25
16.39901,1257.16370051871,-23.6717190850426,-23.6717190850426,16.3381683752115,29.8459833594117,25
16.49901,1257.16370051872,-23.6717190850637,-23.6717190850637,16.3381683752144,29.8745442365455,25
16.59901,1257.16370051871,-23.6717190850422,-23.6717190850422,16.3381683752114,29.9030977404606,25
16.699,1257.1925084376,-23.6135382855832,-23.6135382855832,16.3945136603813,29.9316392799808,25
16.79901,1257.16370051871,-23.6717190850418,-23.6717190850418,16.3381683752113,29.9601826362488,25
16.89901,1257.16370051872,-23.6717190850632,-23.6717190850632,16.3381683752143,29.9887140319273,25
16.99901,1257.16370051871,-23.6717190850415,-23.6717190850415,16.3381683752113,30.0172380619981,25
17.09901,1257.16370051872,-23.671719085063,-23.671719085063,16.3381683752143,30.0457547283628,25
17.199,1257.19250843758,-23.6135382855612,-23.6135382855612,16.3945136603781,30.0742594424665,25
17.29901,1257.16370051872,-23.6717190850627,-23.6717190850627,16.3381683752142,30.1027659775771,25
17.39901,1257.1637005187,-23.6717190850408,-23.6717190850408,16.3381683752112,30.1312605642274,25
17.49901,1257.16370051872,-23.6717190850624,-23.6717190850624,16.3381683752141,30.1597477947727,25
17.59901,1257.1637005187,-23.6717190850405,-23.6717190850405,16.3381683752112,30.188227671112,25
17.699,1257.19250843759,-23.613538285582,-23.613538285582,16.3945136603812,30.2166956073089,25
17.79901,1257.1637005187,-23.6717190850403,-23.6717190850403,16.3381683752112,30.2451653687659,25
17.89901,1257.16370051871,-23.6717190850618,-23.6717190850618,16.3381683752141,30.2736231938762,25
17.99901,1257.1637005187,-23.67171908504,-23.67171908504,16.3381683752112,30.3020736723718,25
18.09901,1257.16370051871,-23.6717190850615,-23.6717190850615,16.3381683752141,30.3305168061492,25
18.199,1257.19250843757,-23.6135382855596,-23.6135382855596,16.394513660378,30.3589480118869,25
18.29901,1257.16370051871,-23.6717190850613,-23.6717190850613,16.3381683752141,30.387381047133,25
18.39901,1257.16370051869,-23.6717190850393,-23.6717190850393,16.3381683752111,30.4158021581304,25
18.49901,1257.16370051871,-23.6717190850609,-23.6717190850609,16.3381683752141,30.444215931991,25
18.59901,1257.16370051869,-23.671719085039,-23.671719085039,16.3381683752111,30.4726223706089,25
18.699,1257.19250843758,-23.6135382855805,-23.6135382855805,16.3945136603811,30.5010168932747,25
18.79901,1257.16370051869,-23.6717190850388,-23.6717190850388,16.3381683752111,30.5294132496911,25
18.89901,1257.1637005187,-23.6717190850603,-23.6717190850603,16.338168375214,30.5577976939411,25
18.99901,1257.16370051868,-23.6717190850385,-23.6717190850385,16.3381683752111,30.5861748105203,25
19.09901,1257.1637005187,-23.67171908506,-23.67171908506,16.3381683752139,30.6145446013202,25
19.19901,1257.16370051868,-23.6717190850382,-23.6717190850382,16.338168375211,30.6429070682319,25
19.29901,1257.1637005187,-23.6717190850596,-23.6717190850596,16.3381683752139,30.6712622131464,25
19.39901,1257.16370051868,-23.6717190850379,-23.6717190850379,16.3381683752109,30.6996100379539,25
19.49901,1257.1637005187,-23.6717190850593,-23.6717190850593,16.3381683752138,30.727950544544,25
19.59901,1257.16370051868,-23.6717190850376,-23.6717190850376,16.338168375211,30.7562837348059,25
19.69901,1257.16370051869,-23.6717190850591,-23.6717190850591,16.3381683752138,30.7846096106285,25
19.79901,1257.16370051868,-23.6717190850373,-23.6717190850373,16.338168375211,30.8129281738999,25
19.89901,1257.16370051869,-23.6717190850587,-23.6717190850587,16.3381683752137,30.8412394265084,25
19.99901,1257.16370051868,-23.6717190850369,-23.6717190850369,16.3381683752109,30.8695433703409,25
20.09901,1257.16370051869,-23.6717190850585,-23.6717190850585,16.3381683752137,30.8978400072842,25
20.19901,1257.16370051867,-23.6717190850367,-23.6717190850367,16.3381683752109,30.9261293392247,25
20.29901,1257.16370051869,-23.6717190850582,-23.6717190850582,16.3381683752137,30.9544113680483,25
20.39901,1257.16370051867,-23.6717190850364,-23.6717190850364,16.3381683752108,30.9826860956403,25
20.49901,1257.16370051869,-23.6717190850579,-23.6717190850579,16.3381683752137,31.0109535238858,25
20.59901,1257.16370051867,-23.6717190850361,-23.6717190850361,16.3381683752108,31.0392136546687,25
20.69901,1257.16370051869,-23.6717190850576,-23.6717190850576,16.3381683752136,31.0674664898732,25
20.79901,1257.16370051867,-23.6717190850358,-23.6717190850358,16.3381683752108,31.0957120313828,25
20.89901,1257.16370051868,-23.6717190850572,-23.6717190850572,16.3381683752135,31.1239502810805,25
20.99901,1257.16370051867,-23.6717190850354,-23.6717190850354,16.3381683752107,31.1521812408485,25
21.09901,1257.16370051868,-23.6717190850569,-23.6717190850569,16.3381683752135,31.1804049125685,25
21.19901,1257.16370051866,-23.6717190850352,-23.6717190850352,16.3381683752106,31.2086212981226,25
21.29901,1257.16370051868,-23.6717190850565,-23.6717190850565,16.3381683752134,31.2368303993913,25
21.39901,1257.16370051866,-23.6717190850349,-23.6717190850349,16.3381683752105,31.2650322182551,25
21.49901,1257.16370051868,-23.6717190850561,-23.6717190850561,16.3381683752133,31.2932267565943,25
21.59901,1257.16370051866,-23.6717190850345,-23.6717190850345,16.3381683752105,31.3214140162882,25
21.69901,1257.16370051868,-23.6717190850558,-23.6717190850558,16.3381683752134,31.3495939992159,25
21.79901,1257.16370051866,-23.6717190850343,-23.6717190850343,16.3381683752105,31.377766707256,25
21.89901,1257.16370051868,-23.6717190850556,-23.6717190850556,16.3381683752133,31.4059321422863,25
21.99901,1257.16370051866,-23.6717190850339,-23.6717190850339,16.3381683752104,31.4340903061849,25
22.09901,1257.16370051867,-23.6717190850553,-23.6717190850553,16.3381683752133,31.4622412008285,25
22.19901,1257.16370051866,-23.6717190850337,-23.6717190850337,16.3381683752104,31.4903848280938,25
22.29901,1257.16370051867,-23.671719085055,-23.671719085055,16.3381683752131,31.5185211898571,25
22.39901,1257.16370051865,-23.6717190850334,-23.6717190850334,16.3381683752104,31.546650287994,25
22.49901,1257.16370051867,-23.6717190850548,-23.6717190850548,16.3381683752132,31.5747721243797,25
22.59901,1257.16370051865,-23.6717190850331,-23.6717190850331,16.3381683752104,31.6028867008886,25
22.69901,1257.16370051867,-23.6717190850545,-23.6717190850545,16.3381683752132,31.630994019395,25
22.79901,1257.16370051865,-23.6717190850327,-23.6717190850327,16.3381683752103,31.6590940817727,25
22.89901,1257.16370051867,-23.6717190850541,-23.6717190850541,16.3381683752131,31.6871868898949,25
22.99901,1257.16370051865,-23.6717190850324,-23.6717190850324,16.3381683752103,31.7152724456344,25
23.09901,1257.16370051866,-23.6717190850538,-23.6717190850538,16.3381683752131,31.7433507508634,25
23.19901,1257.16370051865,-23.6717190850322,-23.6717190850322,16.3381683752102,31.7714218074536,25
23.29901,1257.16370051866,-23.6717190850535,-23.6717190850535,16.3381683752131,31.7994856172766,25
23.39901,1257.16370051864,-23.6717190850318,-23.6717190850318,16.3381683752101,31.827542182203,25
23.49901,1257.16370051866,-23.6717190850532,-23.6717190850532,16.338168375213,31.8555915041029,25
23.59901,1257.16370051864,-23.6717190850315,-23.6717190850315,16.3381683752101,31.8836335848463,25
23.69901,1257.16370051866,-23.6717190850529,-23.6717190850529,16.338168375213,31.9116684263027,25
23.79901,1257.16370051864,-23.6717190850312,-23.6717190850312,16.3381683752101,31.939696030341,25
23.89901,1257.16370051866,-23.6717190850526,-23.6717190850526,16.338168375213,31.9677163988294,25
23.99901,1257.16370051864,-23.6717190850309,-23.6717190850309,16.33816837521,31.995729533636,25
24.09901,1257.16370051865,-23.6717190850523,-23.6717190850523,16.3381683752129,32.0237354366283,25
24.19901,1257.16370051864,-23.6717190850305,-23.6717190850305,16.33816837521,32.0517341096732,25
24.29901,1257.16370051865,-23.6717190850521,-23.6717190850521,16.3381683752128,32.0797255546365,25
24.39901,1257.16370051863,-23.6717190850302,-23.6717190850302,16.3381683752101,32.107709773385,25
24.49901,1257.16370051865,-23.6717190850517,-23.6717190850517,16.3381683752128,32.1356867677838,25
24.59901,1257.16370051863,-23.67171908503,-23.67171908503,16.3381683752101,32.163656539698,25
24.69901,1257.16370051865,-23.6717190850514,-23.6717190850514,16.3381683752128,32.1916190909925,25
24.79901,1257.16370051863,-23.6717190850298,-23.6717190850298,16.3381683752101,32.2195744235315,25
24.89901,1257.16370051865,-23.6717190850511,-23.6717190850511,16.3381683752128,32.2475225391776,25
24.99901,1257.16370051863,-23.6717190850294,-23.6717190850294,16.33816837521,32.2754634397949,25
25.09901,1257.16370051865,-23.6717190850508,-23.6717190850508,16.3381683752127,32.3033971272455,25
25.19901,1257.16370051863,-23.6717190850292,-23.6717190850292,16.3381683752099,32.3313236033917,25
25.29901,1257.16370051864,-23.6717190850505,-23.6717190850505,16.3381683752127,32.3592428700946,25
25.39901,1257.16370051862,-23.6717190850288,-23.6717190850288,16.3381683752098,32.387154929216,25
25.49901,1257.16370051864,-23.6717190850503,-23.6717190850503,16.3381683752127,32.4150597826167,25
25.59901,1257.16370051862,-23.6717190850285,-23.6717190850285,16.3381683752098,32.4429574321564,25
25.69901,1257.16370051864,-23.67171908505,-23.67171908505,16.3381683752126,32.4708478796953,25
25.79901,1257.16370051862,-23.6717190850282,-23.6717190850282,16.3381683752097,32.4987311270927,25
25.89901,1257.16370051864,-23.6717190850496,-23.6717190850496,16.3381683752125,32.5266071762071,25
25.99901,1257.16370051862,-23.671719085028,-23.671719085028,16.3381683752097,32.5544760288965,25
26.09901,1257.16370051864,-23.6717190850494,-23.6717190850494,16.3381683752125,32.5823376870195,25
26.19901,1257.16370051862,-23.6717190850278,-23.6717190850278,16.3381683752097,32.6101921524327,25
26.29901,1257.16370051864,-23.6717190850491,-23.6717190850491,16.3381683752125,32.6380394269931,25
26.39901,1257.16370051862,-23.6717190850274,-23.6717190850274,16.3381683752096,32.6658795125574,25
26.49901,1257.16370051863,-23.6717190850488,-23.6717190850488,16.3381683752124,32.6937124109812,25
26.59901,1257.16370051861,-23.671719085027,-23.671719085027,16.3381683752096,32.7215381241198,25
26.69901,1257.16370051863,-23.6717190850484,-23.6717190850484,16.3381683752123,32.7493566538284,25
26.79901,1257.16370051861,-23.6717190850268,-23.6717190850268,16.3381683752095,32.7771680019619,25
26.89901,1257.16370051863,-23.6717190850483,-23.6717190850483,16.3381683752123,32.8049721703732,25
26.99901,1257.16370051861,-23.6717190850265,-23.6717190850265,16.3381683752095,32.8327691609165,25
27.09901,1257.16370051863,-23.671719085048,-23.671719085048,16.3381683752123,32.8605589754449,25
27.19901,1257.16370051861,-23.6717190850261,-23.6717190850261,16.3381683752095,32.8883416158106,25
27.29901,1257.16370051863,-23.6717190850477,-23.6717190850477,16.3381683752123,32.9161170838661,25
27.39901,1257.16370051861,-23.6717190850258,-23.6717190850258,16.3381683752094,32.9438853814626,25
27.49901,1257.16370051862,-23.6717190850474,-23.6717190850474,16.3381683752123,32.9716465104514,25
27.59901,1257.1637005186,-23.6717190850256,-23.6717190850256,16.3381683752094,32.9994004726831,25
27.69901,1257.16370051862,-23.6717190850471,-23.6717190850471,16.3381683752123,33.0271472700076,25
27.79901,1257.1637005186,-23.6717190850254,-23.6717190850254,16.3381683752093,33.0548869042748,25
27.89901,1257.16370051862,-23.6717190850467,-23.6717190850467,16.3381683752122,33.0826193773339,25
27.99901,1257.1637005186,-23.671719085025,-23.671719085025,16.3381683752093,33.1103446910332,25
28.09901,1257.16370051862,-23.6717190850465,-23.6717190850465,16.3381683752121,33.1380628472217,25
28.19901,1257.1637005186,-23.6717190850247,-23.6717190850247,16.3381683752093,33.1657738477472,25
28.29901,1257.16370051861,-23.6717190850462,-23.6717190850462,16.3381683752122,33.1934776944564,25
28.39901,1257.1637005186,-23.6717190850245,-23.6717190850245,16.3381683752093,33.2211743891965,25
28.49901,1257.16370051861,-23.6717190850459,-23.6717190850459,16.3381683752122,33.2488639338134,25
28.59901,1257.16370051859,-23.6717190850243,-23.6717190850243,16.3381683752093,33.2765463301531,25
28.69901,1257.16370051861,-23.6717190850455,-23.6717190850455,16.3381683752121,33.3042215800614,25
28.79901,1257.16370051859,-23.671719085024,-23.671719085024,16.3381683752092,33.3318896853829,25
28.89901,1257.16370051861,-23.6717190850452,-23.6717190850452,16.3381683752121,33.3595506479619,25
28.99901,1257.16370051859,-23.6717190850237,-23.6717190850237,16.3381683752092,33.3872044696427,25
29.09901,1257.16370051861,-23.671719085045,-23.671719085045,16.338168375212,33.4148511522688,25
29.19901,1257.16370051859,-23.6717190850234,-23.6717190850234,16.3381683752092,33.4424906976829,25
29.29901,1257.1637005186,-23.6717190850446,-23.6717190850446,16.338168375212,33.4701231077275,25
29.39901,1257.16370051858,-23.6717190850231,-23.6717190850231,16.3381683752091,33.4977483842446,25
29.49901,1257.1637005186,-23.6717190850443,-23.6717190850443,16.338168375212,33.5253665290764,25
29.59901,1257.16370051858,-23.6717190850227,-23.6717190850227,16.3381683752091,33.5529775440635,25
29.69901,1257.1637005186,-23.6717190850441,-23.6717190850441,16.338168375212,33.5805814310468,25
29.79901,1257.16370051858,-23.6717190850225,-23.6717190850225,16.3381683752091,33.608178191866,25
29.89901,1257.1637005186,-23.6717190850437,-23.6717190850437,16.338168375212,33.6357678283608,25
29.99901,1257.16370051858,-23.6717190850221,-23.6717190850221,16.3381683752091,33.6633503423708,25
30.09901,1257.16370051859,-23.6717190850434,-23.6717190850434,16.338168375212,33.6909257357346,25
30.19901,1257.16370051858,-23.6717190850219,-23.6717190850219,16.3381683752091,33.7184940102906,25
30.29901,1257.16370051859,-23.6717190850432,-23.6717190850432,16.3381683752119,33.7460551678759,25
30.39901,1257.16370051857,-23.6717190850216,-23.6717190850216,16.3381683752091,33.7736092103283,25
30.49901,1257.16370051859,-23.6717190850429,-23.6717190850429,16.3381683752119,33.8011561394848,25
30.59901,1257.16370051857,-23.6717190850214,-23.6717190850214,16.3381683752091,33.8286959571815,25
30.69901,1257.16370051859,-23.6717190850426,-23.6717190850426,16.3381683752119,33.8562286652548,25
30.79901,1257.16370051857,-23.6717190850211,-23.6717190850211,16.338168375209,33.883754265539,25
30.89901,1257.16370051858,-23.6717190850423,-23.6717190850423,16.3381683752118,33.9112727598699,25
30.99901,1257.16370051857,-23.6717190850208,-23.6717190850208,16.3381683752089,33.9387841500818,25
31.09901,1257.16370051858,-23.671719085042,-23.671719085042,16.3381683752118,33.9662884380085,25
31.19901,1257.16370051857,-23.6717190850205,-23.6717190850205,16.3381683752089,33.9937856254837,25
31.29901,1257.16370051858,-23.6717190850418,-23.6717190850418,16.3381683752118,34.0212757143403,25
31.39901,1257.16370051856,-23.6717190850203,-23.6717190850203,16.338168375209,34.0487587064109,25
31.49901,1257.16370051858,-23.6717190850415,-23.6717190850415,16.3381683752119,34.0762346035277,25
31.59901,1257.16370051856,-23.67171908502,-23.67171908502,16.338168375209,34.1037034075225,25
31.69901,1257.16370051857,-23.6717190850412,-23.6717190850412,16.3381683752119,34.1311651202261,25
31.79901,1257.16370051856,-23.6717190850197,-23.6717190850197,16.3381683752089,34.1586197434693,25
31.89901,1257.16370051857,-23.6717190850409,-23.6717190850409,16.3381683752118,34.1860672790819,25
31.99901,1257.16370051856,-23.6717190850193,-23.6717190850193,16.3381683752088,34.2135077288944,25
32.09901,1257.16370051857,-23.6717190850405,-23.6717190850405,16.3381683752117,34.2409410947356,25
32.19901,1257.16370051856,-23.671719085019,-23.671719085019,16.3381683752087,34.2683673784344,25
32.29901,1257.16370051857,-23.6717190850402,-23.6717190850402,16.3381683752117,34.2957865818191,25
32.399,1257.19250843743,-23.6135382855387,-23.6135382855387,16.3945136603755,34.3231941944437,25
32.499,1257.19250843744,-23.6135382855599,-23.6135382855599,16.3945136603785,34.3505992431872,25
32.59901,1257.16370051855,-23.6717190850184,-23.6717190850184,16.3381683752087,34.3780017283634,25
32.69901,1257.16370051857,-23.6717190850398,-23.6717190850398,16.3381683752116,34.4053926287652,25
32.79901,1257.16370051855,-23.6717190850181,-23.6717190850181,16.3381683752086,34.4327764579871,25
32.899,1257.19250843744,-23.6135382855593,-23.6135382855593,16.3945136603784,34.460148708101,25
32.999,1257.19250843742,-23.6135382855377,-23.6135382855377,16.3945136603754,34.4875184009436,25
33.09901,1257.16370051856,-23.6717190850391,-23.6717190850391,16.3381683752114,34.5148855368275,25
33.19901,1257.16370051855,-23.6717190850174,-23.6717190850174,16.3381683752086,34.5422410995809,25
33.29901,1257.16370051856,-23.6717190850389,-23.6717190850389,16.3381683752114,34.569589600277,25
33.399,1257.19250843742,-23.6135382855371,-23.6135382855371,16.3945136603754,34.5969265335029,25
33.499,1257.19250843743,-23.6135382855583,-23.6135382855583,16.3945136603783,34.6242609160574,25
33.59901,1257.16370051854,-23.6717190850168,-23.6717190850168,16.3381683752086,34.6515927482537,25
33.69901,1257.16370051856,-23.6717190850383,-23.6717190850383,16.3381683752114,34.6789130189489,25
33.79901,1257.16370051854,-23.6717190850165,-23.6717190850165,16.3381683752085,34.7062262366977,25
33.899,1257.19250843743,-23.6135382855578,-23.6135382855578,16.3945136603782,34.7335278985983,25
33.999,1257.19250843741,-23.6135382855361,-23.6135382855361,16.3945136603752,34.7608270164192,25
34.09901,1257.16370051856,-23.6717190850376,-23.6717190850376,16.3381683752113,34.7881235904744,25
34.19901,1257.16370051854,-23.6717190850158,-23.6717190850158,16.3381683752084,34.8154086146424,25
34.29901,1257.16370051855,-23.6717190850373,-23.6717190850373,16.3381683752112,34.8426865949641,25
34.399,1257.19250843741,-23.6135382855354,-23.6135382855354,16.3945136603751,34.8699530310439,25
34.499,1257.19250843743,-23.6135382855569,-23.6135382855569,16.394513660378,34.897216929628,25
34.59901,1257.16370051854,-23.6717190850152,-23.6717190850152,16.3381683752082,34.9244782910287,25
34.69901,1257.16370051855,-23.6717190850367,-23.6717190850367,16.3381683752111,34.9517281141419,25
34.79901,1257.16370051853,-23.6717190850149,-23.6717190850149,16.3381683752083,34.9789709024957,25
34.899,1257.19250843742,-23.6135382855562,-23.6135382855562,16.3945136603779,35.0062021582004,25
34.999,1257.1925084374,-23.6135382855345,-23.6135382855345,16.3945136603749,35.0334308829841,25
35.09901,1257.16370051855,-23.671719085036,-23.671719085036,16.338168375211,35.0606570771587,25
35.19901,1257.16370051853,-23.6717190850142,-23.6717190850142,16.3381683752081,35.0878717446312,25
35.29901,1257.16370051855,-23.6717190850356,-23.6717190850356,16.3381683752109,35.1150793864198,25
35.399,1257.1925084374,-23.6135382855338,-23.6135382855338,16.3945136603748,35.1422755071362,25
35.499,1257.19250843742,-23.6135382855551,-23.6135382855551,16.3945136603777,35.1694691034983,25
35.59901,1257.16370051853,-23.6717190850136,-23.6717190850136,16.3381683752081,35.1966601758174,25
35.69901,1257.16370051854,-23.6717190850349,-23.6717190850349,16.3381683752108,35.2238397330034,25
35.79901,1257.16370051852,-23.6717190850133,-23.6717190850133,16.3381683752081,35.2510122735697,25
35.899,1257.19250843741,-23.6135382855546,-23.6135382855546,16.3945136603777,35.2781733046264,25
35.999,1257.19250843739,-23.613538285533,-23.613538285533,16.3945136603748,35.3053318178871,25
36.09901,1257.16370051854,-23.6717190850344,-23.6717190850344,16.3381683752108,35.3324878136628,25
36.19901,1257.16370051852,-23.6717190850127,-23.6717190850127,16.338168375208,35.3596323058598,25
36.29901,1257.16370051853,-23.6717190850341,-23.6717190850341,16.3381683752108,35.3867697904893,25
36.399,1257.19250843739,-23.6135382855324,-23.6135382855324,16.3945136603747,35.4138957771562,25
36.499,1257.19250843741,-23.6135382855537,-23.6135382855537,16.3945136603776,35.4410192525765,25
36.59901,1257.16370051851,-23.671719085012,-23.671719085012,16.3381683752079,35.4681402170615,25
36.69901,1257.16370051853,-23.6717190850334,-23.6717190850334,16.3381683752107,35.4952496895076,25
36.79901,1257.16370051851,-23.6717190850117,-23.6717190850117,16.3381683752079,35.5223521634266,25
36.899,1257.1925084374,-23.6135382855531,-23.6135382855531,16.3945136603776,35.5494431509159,25
36.999,1257.19250843738,-23.6135382855313,-23.6135382855313,16.3945136603745,35.5765316336994,25
37.09901,1257.16370051853,-23.671719085033,-23.671719085033,16.3381683752107,35.6036176120882,25
37.19901,1257.16370051851,-23.671719085011,-23.671719085011,16.3381683752078,35.6306921099626,25
37.29901,1257.16370051852,-23.6717190850326,-23.6717190850326,16.3381683752107,35.6577596183388,25
37.399,1257.19250843738,-23.6135382855307,-23.6135382855307,16.3945136603745,35.6848156518027,25
37.499,1257.19250843739,-23.613538285552,-23.613538285552,16.3945136603775,35.7118691870943,25
37.59901,1257.1637005185,-23.6717190850104,-23.6717190850104,16.3381683752078,35.7389202245227,25
37.69901,1257.16370051852,-23.6717190850318,-23.6717190850318,16.3381683752106,35.7659597929472,25
37.79901,1257.1637005185,-23.6717190850101,-23.6717190850101,16.3381683752078,35.7929923808915,25
37.899,1257.19250843739,-23.6135382855514,-23.6135382855514,16.3945136603774,35.8200135054258,25
37.999,1257.19250843737,-23.6135382855299,-23.6135382855299,16.3945136603744,35.847032138312,25
38.09901,1257.16370051852,-23.6717190850312,-23.6717190850312,16.3381683752105,35.8740482798592,25
38.19901,1257.1637005185,-23.6717190850095,-23.6717190850095,16.3381683752077,35.9010529638975,25
38.29901,1257.16370051851,-23.671719085031,-23.671719085031,16.3381683752105,35.9280506764602,25
38.39901,1257.1637005185,-23.6717190850093,-23.6717190850093,16.3381683752076,35.9550414193483,25
38.499,1257.19250843739,-23.6135382855506,-23.6135382855506,16.3945136603774,35.9820207126095,25
38.59901,1257.16370051849,-23.6717190850089,-23.6717190850089,16.3381683752076,36.0090020032953,25
38.69901,1257.16370051851,-23.6717190850304,-23.6717190850304,16.3381683752105,36.0359718479517,25
38.79901,1257.16370051849,-23.6717190850087,-23.6717190850087,16.3381683752076,36.0629347301277,25
38.89901,1257.16370051851,-23.6717190850302,-23.6717190850302,16.3381683752104,36.08989065162,25
38.999,1257.19250843736,-23.6135382855283,-23.6135382855283,16.3945136603743,36.1168351349559,25
39.09901,1257.16370051851,-23.6717190850298,-23.6717190850298,16.3381683752104,36.143781619742,25
39.19901,1257.16370051849,-23.6717190850081,-23.6717190850081,16.3381683752076,36.1707166699644,25
39.29901,1257.16370051851,-23.6717190850295,-23.6717190850295,16.3381683752103,36.1976447666885,25
39.39901,1257.16370051849,-23.6717190850077,-23.6717190850077,16.3381683752074,36.2245659117094,25
39.499,1257.19250843738,-23.613538285549,-23.613538285549,16.3945136603771,36.2514756300292,25
39.59901,1257.16370051849,-23.6717190850073,-23.6717190850073,16.3381683752074,36.2783873538197,25
39.69901,1257.1637005185,-23.6717190850287,-23.6717190850287,16.3381683752102,36.3052876544967,25
39.79901,1257.16370051848,-23.671719085007,-23.671719085007,16.3381683752073,36.3321810106464,25
39.89901,1257.1637005185,-23.6717190850284,-23.6717190850284,16.3381683752101,36.3590674240612,25
39.999,1257.19250843736,-23.6135382855266,-23.6135382855266,16.3945136603739,36.385942422216,25
40.09901,1257.1637005185,-23.6717190850282,-23.6717190850282,16.33816837521,36.4128194298568,25
40.19901,1257.16370051848,-23.6717190850063,-23.6717190850063,16.3381683752072,36.4396850258196,25
40.29901,1257.1637005185,-23.6717190850279,-23.6717190850279,16.3381683752101,36.466543686215,25
40.39901,1257.16370051848,-23.671719085006,-23.671719085006,16.3381683752072,36.4933954128324,25
40.499,1257.19250843737,-23.6135382855475,-23.6135382855475,16.3945136603768,36.5202357356154,25
40.59901,1257.16370051848,-23.6717190850057,-23.6717190850057,16.3381683752072,36.5470780718942,25
40.69901,1257.16370051849,-23.6717190850272,-23.6717190850272,16.3381683752099,36.5739090079163,25
40.79901,1257.16370051847,-23.6717190850054,-23.6717190850054,16.3381683752071,36.6007330173186,25
40.89901,1257.16370051849,-23.6717190850269,-23.6717190850269,16.3381683752098,36.6275501018888,25
40.999,1257.19250843735,-23.613538285525,-23.613538285525,16.3945136603738,36.6543557940351,25
41.09901,1257.16370051849,-23.6717190850267,-23.6717190850267,16.3381683752098,36.6811635036819,25
41.19901,1257.16370051847,-23.6717190850049,-23.6717190850049,16.3381683752071,36.7079598244794,25
41.29901,1257.16370051849,-23.6717190850264,-23.6717190850264,16.3381683752098,36.7347492275931,25
41.39901,1257.16370051847,-23.6717190850046,-23.6717190850046,16.3381683752071,36.7615317148084,25
41.499,1257.19250843736,-23.613538285546,-23.613538285546,16.3945136603766,36.788302820996,25
41.59901,1257.16370051847,-23.6717190850042,-23.6717190850042,16.3381683752071,36.8150759486843,25
41.69901,1257.16370051848,-23.6717190850258,-23.6717190850258,16.3381683752098,36.8418376989149,25
41.79901,1257.16370051846,-23.671719085004,-23.671719085004,16.338168375207,36.8685925403863,25
41.89901,1257.16370051848,-23.6717190850255,-23.6717190850255,16.3381683752097,36.8953404748815,25
41.999,1257.19250843734,-23.6135382855237,-23.6135382855237,16.3945136603737,36.9220770397305,25
42.09901,1257.16370051848,-23.6717190850251,-23.6717190850251,16.3381683752096,36.9488156300756,25
42.19901,1257.16370051846,-23.6717190850034,-23.6717190850034,16.3381683752069,36.9755428543395,25
42.29901,1257.16370051848,-23.6717190850247,-23.6717190850247,16.3381683752095,37.0022631787573,25
42.39901,1257.16370051846,-23.671719085003,-23.671719085003,16.3381683752068,37.0289766051097,25
42.499,1257.19250843735,-23.6135382855444,-23.6135382855444,16.3945136603763,37.0556786731832,25
42.59901,1257.16370051846,-23.6717190850027,-23.6717190850027,16.3381683752068,37.0823827707421,25
42.69901,1257.16370051847,-23.6717190850242,-23.6717190850242,16.3381683752095,37.1090755135823,25
42.79901,1257.16370051846,-23.6717190850024,-23.6717190850024,16.3381683752067,37.1357613654777,25
42.89901,1257.16370051847,-23.671719085024,-23.671719085024,16.3381683752095,37.162440328207,25
42.999,1257.19250843733,-23.6135382855222,-23.6135382855222,16.3945136603734,37.1891079440103,25
43.09901,1257.16370051847,-23.6717190850237,-23.6717190850237,16.3381683752095,37.215777593283,25
43.19901,1257.16370051845,-23.6717190850019,-23.6717190850019,16.3381683752067,37.2424358991844,25
43.29901,1257.16370051847,-23.6717190850234,-23.6717190850234,16.3381683752094,37.2690873230314,25
43.39901,1257.16370051845,-23.6717190850017,-23.6717190850017,16.3381683752067,37.2957318666002,25
43.499,1257.19250843734,-23.6135382855431,-23.6135382855431,16.3945136603762,37.3223650745798,25
43.59901,1257.16370051845,-23.6717190850013,-23.6717190850013,16.3381683752065,37.3490003200082,25
43.69901,1257.16370051846,-23.6717190850229,-23.6717190850229,16.3381683752095,37.3756242333993,25
43.79901,1257.16370051845,-23.6717190850011,-23.6717190850011,16.3381683752065,37.4022412736139,25
43.89901,1257.16370051846,-23.6717190850226,-23.6717190850226,16.3381683752094,37.4288514424272,25
43.999,1257.19250843732,-23.6135382855208,-23.6135382855208,16.3945136603731,37.455450286974,25
44.09901,1257.16370051846,-23.6717190850223,-23.6717190850223,16.3381683752093,37.4820511729443,25
44.19901,1257.16370051844,-23.6717190850005,-23.6717190850005,16.3381683752064,37.5086407381949,25
44.29901,1257.16370051846,-23.671719085022,-23.671719085022,16.3381683752093,37.5352234391368,25
44.39901,1257.16370051844,-23.6717190850001,-23.6717190850001,16.3381683752064,37.5617992775421,25
44.499,1257.19250843733,-23.6135382855416,-23.6135382855416,16.3945136603759,37.5883638029894,25
44.59901,1257.16370051844,-23.671719085,-23.671719085,16.3381683752064,37.6149303738289,25
44.69901,1257.16370051846,-23.6717190850214,-23.6717190850214,16.3381683752092,37.6414856352525,25
44.79901,1257.16370051844,-23.6717190849997,-23.6717190849997,16.3381683752063,37.6680340412235,25
44.89901,1257.16370051845,-23.6717190850211,-23.6717190850211,16.3381683752092,37.6945755935113,25
44.999,1257.19250843731,-23.6135382855194,-23.6135382855194,16.3945136603729,37.7211058441352,25
45.09901,1257.16370051845,-23.6717190850207,-23.6717190850207,16.3381683752091,37.7476381441151,25
45.19901,1257.16370051843,-23.6717190849991,-23.6717190849991,16.3381683752062,37.7741591459687,25
45.29901,1257.16370051845,-23.6717190850205,-23.6717190850205,16.3381683752091,37.8006733012133,25
45.39901,1257.16370051843,-23.6717190849988,-23.6717190849988,16.3381683752062,37.8271806116168,25
45.499,1257.19250843732,-23.61353828554,-23.61353828554,16.3945136603759,37.8536766316356,25
45.59901,1257.16370051843,-23.6717190849986,-23.6717190849986,16.3381683752063,37.8801747049692,25
45.69901,1257.16370051845,-23.67171908502,-23.67171908502,16.3381683752091,37.9066614914506,25
45.79901,1257.16370051843,-23.6717190849983,-23.6717190849983,16.3381683752063,37.9331414401567,25
45.89901,1257.16370051844,-23.6717190850197,-23.6717190850197,16.3381683752091,37.9596145528527,25
45.999,1257.1925084373,-23.613538285518,-23.613538285518,16.3945136603728,37.986076386428,25
46.09901,1257.16370051844,-23.6717190850195,-23.6717190850195,16.3381683752091,38.0125402772722,25
46.19901,1257.16370051842,-23.6717190849978,-23.6717190849978,16.3381683752062,38.0389928925244,25
46.29901,1257.16370051844,-23.6717190850193,-23.6717190850193,16.3381683752091,38.0654386788225,25
46.39901,1257.16370051842,-23.6717190849975,-23.6717190849975,16.3381683752061,38.0918776379298,25
46.499,1257.19250843731,-23.6135382855388,-23.6135382855388,16.3945136603758,38.1183053291669,25
46.59901,1257.16370051842,-23.6717190849972,-23.6717190849972,16.3381683752061,38.1447350816213,25
46.69901,1257.16370051843,-23.6717190850187,-23.6717190850187,16.338168375209,38.1711535697292,25
46.79901,1257.16370051842,-23.671719084997,-23.671719084997,16.3381683752061,38.1975652376932,25
46.89901,1257.16370051843,-23.6717190850185,-23.6717190850185,16.3381683752091,38.2239700872743,25
46.999,1257.19250843729,-23.6135382855167,-23.6135382855167,16.3945136603727,38.2503636802207,25
47.09901,1257.16370051843,-23.6717190850182,-23.6717190850182,16.338168375209,38.2767593383277,25
47.19901,1257.16370051841,-23.6717190849965,-23.6717190849965,16.3381683752061,38.3031437433193,25
47.29901,1257.16370051843,-23.6717190850179,-23.6717190850179,16.3381683752089,38.329521336966,25
47.39901,1257.16370051841,-23.6717190849962,-23.6717190849962,16.3381683752061,38.3558921210262,25
47.499,1257.1925084373,-23.6135382855375,-23.6135382855375,16.3945136603756,38.3822516596726,25
47.59901,1257.16370051841,-23.6717190849959,-23.6717190849959,16.3381683752061,38.4086132674187,25
47.69901,1257.16370051842,-23.6717190850173,-23.6717190850173,16.3381683752088,38.4349636332656,25
47.79901,1257.1637005184,-23.6717190849957,-23.6717190849957,16.3381683752061,38.4613071965552,25
47.89901,1257.16370051842,-23.6717190850171,-23.6717190850171,16.3381683752088,38.4876439590434,25
47.999,1257.19250843728,-23.6135382855153,-23.6135382855153,16.3945136603726,38.5139694873243,25
48.09901,1257.16370051842,-23.6717190850167,-23.6717190850167,16.3381683752088,38.5402970886382,25
48.19901,1257.1637005184,-23.6717190849951,-23.6717190849951,16.3381683752059,38.5666134592546,25
48.29901,1257.16370051842,-23.6717190850165,-23.6717190850165,16.3381683752087,38.5929230360905,25
48.39901,1257.1637005184,-23.6717190849948,-23.6717190849948,16.3381683752059,38.6192258208988,25
48.499,1257.19250843729,-23.6135382855361,-23.6135382855361,16.3945136603754,38.6455173826922,25
48.59901,1257.1637005184,-23.6717190849945,-23.6717190849945,16.3381683752059,38.6718110214465,25
48.69901,1257.16370051841,-23.6717190850158,-23.6717190850158,16.3381683752086,38.6980934406915,25
48.79901,1257.1637005184,-23.6717190849941,-23.6717190849941,16.3381683752058,38.7243690749197,25
48.89901,1257.16370051841,-23.6717190850155,-23.6717190850155,16.3381683752086,38.7506379258835,25
48.999,1257.19250843727,-23.6135382855138,-23.6135382855138,16.3945136603723,38.7768955650099,25
49.09901,1257.16370051841,-23.6717190850151,-23.6717190850151,16.3381683752085,38.8031552850205,25
49.19901,1257.16370051839,-23.6717190849935,-23.6717190849935,16.3381683752057,38.8294037966951,25
49.29901,1257.16370051841,-23.6717190850149,-23.6717190850149,16.3381683752085,38.8556455321065,25
49.39901,1257.16370051839,-23.6717190849931,-23.6717190849931,16.3381683752056,38.8818804930044,25
49.499,1257.19250843728,-23.6135382855344,-23.6135382855344,16.3945136603751,38.9081042532286,25
49.59901,1257.16370051839,-23.6717190849927,-23.6717190849927,16.3381683752055,38.9343300982548,25
49.69901,1257.16370051841,-23.6717190850142,-23.6717190850142,16.3381683752083,38.9605447461037,25
49.79901,1257.16370051839,-23.6717190849924,-23.6717190849924,16.3381683752055,38.9867526264315,25
49.89901,1257.16370051841,-23.6717190850139,-23.6717190850139,16.3381683752083,39.0129537409855,25
49.999,1257.19250843726,-23.6135382855121,-23.6135382855121,16.394513660372,39.0391436660148,25
50.09901,1257.1637005184,-23.6717190850135,-23.6717190850135,16.3381683752082,39.06533567976,25
50.19901,1257.16370051839,-23.6717190849918,-23.6717190849918,16.3381683752053,39.0915165074716,25
50.29901,1257.1637005184,-23.6717190850132,-23.6717190850132,16.3381683752082,39.1176905763934,25
50.39901,1257.16370051838,-23.6717190849914,-23.6717190849914,16.3381683752052,39.1438578882708,25
50.499,1257.19250843727,-23.6135382855329,-23.6135382855329,16.3945136603749,39.1700140217568,25
50.59901,1257.16370051838,-23.6717190849912,-23.6717190849912,16.3381683752052,39.1961722478669,25
50.69901,1257.1637005184,-23.6717190850127,-23.6717190850127,16.3381683752081,39.2223192990744,25
50.79901,1257.16370051838,-23.6717190849909,-23.6717190849909,16.3381683752052,39.2484596002116,25
50.89901,1257.1637005184,-23.6717190850124,-23.6717190850124,16.3381683752081,39.2745931530209,25
50.999,1257.19250843725,-23.6135382855106,-23.6135382855106,16.3945136603718,39.30071553856,25
51.09901,1257.16370051839,-23.6717190850121,-23.6717190850121,16.3381683752081,39.3268400206258,25
51.19901,1257.16370051838,-23.6717190849904,-23.6717190849904,16.3381683752052,39.3529533389038,25
51.29901,1257.16370051839,-23.6717190850119,-23.6717190850119,16.338168375208,39.3790599158202,25
51.39901,1257.16370051837,-23.6717190849901,-23.6717190849901,16.3381683752052,39.405159753115,25
51.499,1257.19250843726,-23.6135382855315,-23.6135382855315,16.3945136603747,39.4312484342458,25
51.59901,1257.16370051837,-23.6717190849898,-23.6717190849898,16.3381683752052,39.4573392158008,25
51.69901,1257.16370051839,-23.6717190850113,-23.6717190850113,16.338168375208,39.4834188446698,25
51.79901,1257.16370051837,-23.6717190849895,-23.6717190849895,16.3381683752052,39.5094917408743,25
51.89901,1257.16370051838,-23.671719085011,-23.671719085011,16.338168375208,39.5355579061522,25
51.999,1257.19250843724,-23.6135382855093,-23.6135382855093,16.3945136603717,39.5616129263569,25
52.09901,1257.16370051838,-23.6717190850107,-23.6717190850107,16.3381683752079,39.5876700508792,25
52.19901,1257.16370051836,-23.6717190849889,-23.6717190849889,16.3381683752051,39.613716033802,25
52.29901,1257.16370051838,-23.6717190850104,-23.6717190850104,16.3381683752079,39.6397552927463,25
52.39901,1257.16370051836,-23.6717190849886,-23.6717190849886,16.3381683752052,39.665787829448,25
52.499,1257.19250843725,-23.61353828553,-23.61353828553,16.3945136603746,39.6918092321543,25
52.59901,1257.16370051836,-23.6717190849882,-23.6717190849882,16.338168375205,39.7178327430653,25
52.69901,1257.16370051838,-23.6717190850098,-23.6717190850098,16.3381683752079,39.74384512345,25
52.79901,1257.16370051836,-23.671719084988,-23.671719084988,16.338168375205,39.7698507885307,25
52.89901,1257.16370051837,-23.6717190850095,-23.6717190850095,16.3381683752079,39.7958497400416,25
52.999,1257.19250843723,-23.6135382855077,-23.6135382855077,16.3945136603715,39.8218375686191,25
53.09901,1257.16370051837,-23.671719085009,-23.671719085009,16.3381683752078,39.8478275092848,25
53.19901,1257.16370051836,-23.6717190849874,-23.6717190849874,16.3381683752048,39.8738063304824,25
53.29901,1257.16370051837,-23.6717190850088,-23.6717190850088,16.3381683752077,39.8997784450397,25
53.39901,1257.16370051836,-23.671719084987,-23.671719084987,16.3381683752048,39.9257438546883,25
53.499,1257.19250843724,-23.6135382855284,-23.6135382855284,16.3945136603744,39.9516981524524,25
53.59901,1257.16370051835,-23.6717190849867,-23.6717190849867,16.3381683752048,39.9776545661825,25
53.69901,1257.16370051837,-23.6717190850082,-23.6717190850082,16.3381683752076,40.0035998714887,25
53.79901,1257.16370051835,-23.6717190849865,-23.6717190849865,16.3381683752047,40.029538478807,25
53.89901,1257.16370051837,-23.6717190850079,-23.6717190850079,16.3381683752076,40.0554703898668,25
53.999,1257.19250843722,-23.6135382855062,-23.6135382855062,16.3945136603713,40.0813912000764,25
54.09901,1257.16370051836,-23.6717190850076,-23.6717190850076,16.3381683752076,40.107314130125,25
54.19901,1257.16370051835,-23.6717190849859,-23.6717190849859,16.3381683752047,40.1332259627791,25
54.29901,1257.16370051836,-23.6717190850072,-23.6717190850072,16.3381683752076,40.1591311060868,25
54.39901,1257.16370051835,-23.6717190849856,-23.6717190849856,16.3381683752047,40.185029561775,25
54.499,1257.19250843723,-23.6135382855269,-23.6135382855269,16.3945136603742,40.210916927633,25
54.59901,1257.16370051834,-23.6717190849853,-23.6717190849853,16.3381683752046,40.2368064171982,25
54.69901,1257.16370051836,-23.6717190850066,-23.6717190850066,16.3381683752075,40.2626848203848,25
54.79901,1257.16370051834,-23.6717190849851,-23.6717190849851,16.3381683752046,40.2885565428547,25
54.89901,1257.16370051836,-23.6717190850063,-23.6717190850063,16.3381683752076,40.3144215863325,25
54.999,1257.19250843721,-23.6135382855047,-23.6135382855047,16.3945136603711,40.3402755509862,25
55.09901,1257.16370051835,-23.671719085006,-23.671719085006,16.3381683752075,40.36613164321,25
55.19901,1257.16370051834,-23.6717190849844,-23.6717190849844,16.3381683752045,40.3919766600562,25
55.29901,1257.16370051835,-23.6717190850056,-23.6717190850056,16.3381683752074,40.4178150048055,25
55.39901,1257.16370051834,-23.6717190849841,-23.6717190849841,16.3381683752044,40.4436466791795,25
55.499,1257.19250843722,-23.6135382855253,-23.6135382855253,16.394513660374,40.4694672857211,25
55.59901,1257.16370051834,-23.6717190849838,-23.6717190849838,16.3381683752044,40.4952900236904,25
55.69901,1257.16370051835,-23.671719085005,-23.671719085005,16.3381683752072,40.5211016972693,25
55.79901,1257.16370051833,-23.6717190849835,-23.6717190849835,16.3381683752044,40.5469067073588,25
55.89901,1257.16370051835,-23.6717190850047,-23.6717190850047,16.3381683752071,40.5727050556791,25
55.999,1257.1925084372,-23.6135382855032,-23.6135382855032,16.3945136603709,40.5984923471442,25
56.09901,1257.16370051835,-23.6717190850044,-23.6717190850044,16.3381683752071,40.6242817738903,25
56.19901,1257.16370051833,-23.6717190849828,-23.6717190849828,16.3381683752043,40.650060147219,25
56.29901,1257.16370051834,-23.6717190850041,-23.6717190850041,16.338168375207,40.6758318656548,25
56.39901,1257.16370051833,-23.6717190849825,-23.6717190849825,16.3381683752043,40.7015969309159,25
56.499,1257.19250843722,-23.6135382855237,-23.6135382855237,16.3945136603737,40.7273509502852,25
56.59901,1257.16370051833,-23.6717190849822,-23.6717190849822,16.3381683752042,40.753107108783,25
56.69901,1257.16370051834,-23.6717190850035,-23.6717190850035,16.338168375207,40.7788522248227,25
56.79901,1257.16370051832,-23.6717190849818,-23.6717190849818,16.3381683752042,40.8045906945551,25
56.89901,1257.16370051834,-23.6717190850032,-23.6717190850032,16.338168375207,40.8303225196964,25
56.999,1257.19250843719,-23.6135382855015,-23.6135382855015,16.3945136603707,40.856043309895,25
57.09901,1257.16370051834,-23.6717190850029,-23.6717190850029,16.3381683752069,40.8817662430651,25
57.19901,1257.16370051832,-23.6717190849812,-23.6717190849812,16.3381683752041,40.9074781447226,25
57.29901,1257.16370051833,-23.6717190850026,-23.6717190850026,16.3381683752069,40.9331834086469,25
57.39901,1257.16370051832,-23.6717190849808,-23.6717190849808,16.3381683752041,40.9588820365521,25
57.499,1257.1925084372,-23.6135382855222,-23.6135382855222,16.3945136603736,40.9845696404497,25
57.59901,1257.16370051831,-23.6717190849806,-23.6717190849806,16.3381683752041,41.0102593911571,25
57.69901,1257.16370051833,-23.671719085002,-23.671719085002,16.338168375207,41.035938121282,25
57.79901,1257.16370051831,-23.6717190849804,-23.6717190849804,16.338168375204,41.0616102222376,25
57.89901,1257.16370051833,-23.6717190850017,-23.6717190850017,16.3381683752069,41.087275695735,25
57.999,1257.19250843718,-23.6135382855002,-23.6135382855002,16.3945136603705,41.1129301561458,25
58.09901,1257.16370051832,-23.6717190850015,-23.6717190850015,16.3381683752068,41.1385867672,25
58.19901,1257.16370051831,-23.6717190849799,-23.6717190849799,16.338168375204,41.1642323685879,25
58.29901,1257.16370051832,-23.6717190850011,-23.6717190850011,16.3381683752068,41.1898713493588,25
58.39901,1257.16370051831,-23.6717190849796,-23.6717190849796,16.338168375204,41.2155037112227,25
58.499,1257.1925084372,-23.6135382855208,-23.6135382855208,16.3945136603734,41.2411250709065,25
58.59901,1257.16370051831,-23.6717190849792,-23.6717190849792,16.3381683752039,41.2667485850616,25
58.69901,1257.16370051832,-23.6717190850006,-23.6717190850006,16.3381683752067,41.292361100453,25
58.79901,1257.1637005183,-23.6717190849789,-23.6717190849789,16.3381683752038,41.3179670037687,25
58.89901,1257.16370051832,-23.6717190850003,-23.6717190850003,16.3381683752067,41.3435662967162,25
58.999,1257.19250843717,-23.6135382854985,-23.6135382854985,16.3945136603704,41.3691545983766,25
59.09901,1257.16370051832,-23.671719085,-23.671719085,16.3381683752066,41.3947450583315,25
59.19901,1257.1637005183,-23.6717190849782,-23.6717190849782,16.3381683752039,41.4203245304106,25
59.29901,1257.16370051832,-23.6717190849996,-23.6717190849996,16.3381683752065,41.445897398945,25
59.39901,1257.1637005183,-23.6717190849778,-23.6717190849778,16.3381683752038,41.4714636656394,25
59.499,1257.19250843719,-23.6135382855191,-23.6135382855191,16.3945136603731,41.4970189519254,25
59.59901,1257.1637005183,-23.6717190849775,-23.6717190849775,16.3381683752037,41.5225764003237,25
59.69901,1257.16370051831,-23.671719084999,-23.671719084999,16.3381683752066,41.5481228717212,25
59.79901,1257.16370051829,-23.6717190849773,-23.6717190849773,16.3381683752037,41.5736627480933,25
59.89901,1257.16370051831,-23.6717190849987,-23.6717190849987,16.3381683752065,41.5991960311422,25
59.999,1257.19250843717,-23.613538285497,-23.613538285497,16.3945136603701,41.6247183446481,25
60.09901,1257.16370051831,-23.6717190849984,-23.6717190849984,16.3381683752065,41.6502428240794,25
60.19901,1257.16370051829,-23.6717190849768,-23.6717190849768,16.3381683752036,41.6757563373704,25
60.29901,1257.1637005183,-23.6717190849981,-23.6717190849981,16.3381683752065,41.7012632641442,25
60.39901,1257.16370051829,-23.6717190849765,-23.6717190849765,16.3381683752036,41.7267636061009,25
60.499,1257.19250843717,-23.6135382855178,-23.6135382855178,16.3945136603732,41.752252989365,25
60.59901,1257.16370051828,-23.6717190849762,-23.6717190849762,16.3381683752036,41.7777445423632,25
60.69901,1257.1637005183,-23.6717190849976,-23.6717190849976,16.3381683752065,41.8032251400673,25
60.79901,1257.16370051828,-23.671719084976,-23.671719084976,16.3381683752036,41.8286991597517,25
60.89901,1257.1637005183,-23.6717190849972,-23.6717190849972,16.3381683752064,41.8541666031145,25
60.999,1257.19250843715,-23.6135382854956,-23.6135382854956,16.3945136603701,41.879623098621,25
61.09901,1257.16370051829,-23.6717190849968,-23.6717190849968,16.3381683752064,41.9050817676653,25
61.19901,1257.16370051828,-23.6717190849753,-23.6717190849753,16.3381683752036,41.930529492248,25
61.29901,1257.16370051829,-23.6717190849966,-23.6717190849966,16.3381683752063,41.9559706472974,25
61.39901,1257.16370051828,-23.671719084975,-23.671719084975,16.3381683752035,41.9814052345098,25
61.499,1257.19250843716,-23.6135382855161,-23.6135382855161,16.3945136603729,42.0068288846887,25
61.59901,1257.16370051828,-23.6717190849747,-23.6717190849747,16.3381683752034,42.0322547122035,25
61.69901,1257.16370051829,-23.6717190849959,-23.6717190849959,16.3381683752063,42.0576696060749,25
61.79901,1257.16370051827,-23.6717190849744,-23.6717190849744,16.3381683752034,42.0830779388885,25
61.89901,1257.16370051829,-23.6717190849956,-23.6717190849956,16.3381683752062,42.108479712338,25
61.999,1257.19250843715,-23.6135382854941,-23.6135382854941,16.3945136603698,42.133870559563,25
62.09901,1257.16370051829,-23.6717190849954,-23.6717190849954,16.3381683752062,42.1592635879182,25
62.19901,1257.16370051827,-23.6717190849738,-23.6717190849738,16.3381683752033,42.1846456934344,25
62.29901,1257.16370051828,-23.6717190849951,-23.6717190849951,16.3381683752062,42.2100212463577,25
62.39901,1257.16370051827,-23.6717190849734,-23.6717190849734,16.3381683752032,42.2353902483792,25
62.499,1257.19250843715,-23.6135382855147,-23.6135382855147,16.3945136603727,42.2607483349708,25
62.59901,1257.16370051827,-23.6717190849731,-23.6717190849731,16.3381683752032,42.2861086064812,25
62.69901,1257.16370051828,-23.6717190849945,-23.6717190849945,16.338168375206,42.3114579659427,25
62.79901,1257.16370051826,-23.6717190849729,-23.6717190849729,16.3381683752031,42.3368007812652,25
62.89901,1257.16370051828,-23.6717190849941,-23.6717190849941,16.338168375206,42.3621370541371,25
62.999,1257.19250843714,-23.6135382854926,-23.6135382854926,16.3945136603696,42.3874624223605,25
63.09901,1257.16370051828,-23.6717190849938,-23.6717190849938,16.3381683752059,42.4127899792864,25
63.19901,1257.16370051826,-23.6717190849722,-23.6717190849722,16.3381683752031,42.43810663494,25
63.29901,1257.16370051827,-23.6717190849934,-23.6717190849934,16.338168375206,42.4634167548966,25
63.39901,1257.16370051826,-23.6717190849719,-23.6717190849719,16.338168375203,42.4887203408437,25
63.499,1257.19250843715,-23.6135382855131,-23.6135382855131,16.3945136603725,42.5140130329092,25
63.59901,1257.16370051826,-23.6717190849716,-23.6717190849716,16.3381683752029,42.539307917456,25
63.69901,1257.16370051827,-23.6717190849929,-23.6717190849929,16.3381683752059,42.5645919114935,25
63.79901,1257.16370051826,-23.6717190849713,-23.6717190849713,16.3381683752028,42.5898693782661,25
63.89901,1257.16370051827,-23.6717190849925,-23.6717190849925,16.3381683752058,42.6151403194588,25
63.999,1257.19250843713,-23.613538285491,-23.613538285491,16.3945136603693,42.6404003775226,25
64.09901,1257.16370051827,-23.6717190849922,-23.6717190849922,16.3381683752058,42.6656626318424,25
64.19901,1257.16370051825,-23.6717190849707,-23.6717190849707,16.3381683752027,42.6909140064012,25
64.299,1257.19250843714,-23.6135382855119,-23.6135382855119,16.3945136603723,42.7161545042767,25
64.39901,1257.16370051825,-23.6717190849704,-23.6717190849704,16.3381683752027,42.7413972006701,25
64.49901,1257.16370051826,-23.6717190849916,-23.6717190849916,16.3381683752058,42.7666290237454,25
64.59901,1257.16370051825,-23.6717190849701,-23.6717190849701,16.3381683752027,42.791854333024,25
64.69901,1257.16370051826,-23.6717190849914,-23.6717190849914,16.3381683752057,42.8170731301877,25
64.799,1257.19250843712,-23.6135382854899,-23.6135382854899,16.3945136603691,42.8422810613988,25
64.89901,1257.16370051826,-23.6717190849911,-23.6717190849911,16.3381683752056,42.867491194894,25
64.99901,1257.16370051824,-23.6717190849696,-23.6717190849696,16.3381683752027,42.892690465798,25
65.09901,1257.16370051826,-23.6717190849908,-23.6717190849908,16.3381683752055,42.9178832313088,25
65.19901,1257.16370051824,-23.6717190849692,-23.6717190849692,16.3381683752027,42.9430694931057,25
65.299,1257.19250843713,-23.6135382855104,-23.6135382855104,16.3945136603721,42.9682448996673,25
65.39901,1257.16370051824,-23.6717190849691,-23.6717190849691,16.3381683752027,42.993422512275,25
65.49901,1257.16370051826,-23.6717190849904,-23.6717190849904,16.3381683752056,43.0185892730037,25
65.59901,1257.16370051824,-23.6717190849687,-23.6717190849687,16.3381683752027,43.0437495367323,25
65.69901,1257.16370051825,-23.67171908499,-23.67171908499,16.3381683752055,43.0689033051377,25
65.799,1257.19250843711,-23.6135382854884,-23.6135382854884,16.394513660369,43.094046229011,25
65.89901,1257.16370051825,-23.6717190849898,-23.6717190849898,16.3381683752054,43.119191362687,25
65.99901,1257.16370051824,-23.6717190849681,-23.6717190849681,16.3381683752025,43.1443256551824,25
66.09901,1257.16370051825,-23.6717190849895,-23.6717190849895,16.3381683752054,43.1694534590596,25
66.19901,1257.16370051823,-23.6717190849678,-23.6717190849678,16.3381683752026,43.1945747759936,25
66.299,1257.19250843712,-23.6135382855091,-23.6135382855091,16.3945136603719,43.2196852590849,25
66.39901,1257.16370051823,-23.6717190849676,-23.6717190849676,16.3381683752026,43.2447979557306,25
66.49901,1257.16370051824,-23.6717190849889,-23.6717190849889,16.3381683752054,43.2698998218808,25
66.59901,1257.16370051823,-23.6717190849673,-23.6717190849673,16.3381683752025,43.2949952077845,25
66.69901,1257.16370051824,-23.6717190849885,-23.6717190849885,16.3381683752053,43.3200841151136,25
66.799,1257.1925084371,-23.6135382854869,-23.6135382854869,16.3945136603689,43.3451621992753,25
66.89901,1257.16370051824,-23.6717190849883,-23.6717190849883,16.3381683752053,43.3702425007387,25
66.99901,1257.16370051822,-23.6717190849666,-23.6717190849666,16.3381683752025,43.3953119823782,25
67.09901,1257.16370051824,-23.6717190849881,-23.6717190849881,16.3381683752052,43.4203749921307,25
67.19901,1257.16370051822,-23.6717190849664,-23.6717190849664,16.3381683752025,43.4454315316671,25
67.299,1257.19250843711,-23.6135382855077,-23.6135382855077,16.3945136603718,43.4704772586983,25
67.39901,1257.16370051822,-23.6717190849661,-23.6717190849661,16.3381683752024,43.495525206773,25
67.49901,1257.16370051824,-23.6717190849874,-23.6717190849874,16.3381683752052,43.5205623456815,25
67.59901,1257.16370051822,-23.6717190849658,-23.6717190849658,16.3381683752024,43.5455930210528,25
67.69901,1257.16370051823,-23.6717190849872,-23.6717190849872,16.3381683752051,43.5706172345552,25
67.799,1257.19250843709,-23.6135382854855,-23.6135382854855,16.3945136603687,43.5956306462,25
67.89901,1257.16370051823,-23.6717190849869,-23.6717190849869,16.3381683752051,43.6206462826264,25
67.99901,1257.16370051822,-23.6717190849652,-23.6717190849652,16.3381683752022,43.6456511205302,25
68.09901,1257.16370051823,-23.6717190849866,-23.6717190849866,16.338168375205,43.6706495032354,25
68.19901,1257.16370051821,-23.6717190849648,-23.6717190849648,16.3381683752023,43.6956414324085,25
68.299,1257.1925084371,-23.6135382855062,-23.6135382855062,16.3945136603716,43.7206225703585,25
68.39901,1257.16370051821,-23.6717190849645,-23.6717190849645,16.3381683752022,43.7456059368224,25
68.49901,1257.16370051823,-23.671719084986,-23.671719084986,16.3381683752049,43.7705785153935,25
68.59901,1257.16370051821,-23.6717190849644,-23.6717190849644,16.3381683752022,43.7955446470941,25
68.69901,1257.16370051823,-23.6717190849858,-23.6717190849858,16.3381683752049,43.8205043335883,25
68.799,1257.19250843708,-23.6135382854841,-23.6135382854841,16.3945136603685,43.8454532394801,25
68.89901,1257.16370051822,-23.6717190849855,-23.6717190849855,16.3381683752048,43.8704043776133,25
68.99901,1257.16370051821,-23.6717190849637,-23.6717190849637,16.3381683752021,43.8953447384701,25
69.09901,1257.16370051822,-23.6717190849852,-23.6717190849852,16.3381683752048,43.9202786607739,25
69.19901,1257.16370051821,-23.6717190849634,-23.6717190849634,16.338168375202,43.9452061461863,25
69.299,1257.19250843709,-23.6135382855048,-23.6135382855048,16.3945136603714,43.9701228616034,25
69.39901,1257.1637005182,-23.6717190849632,-23.6717190849632,16.338168375202,43.9950418129841,25
69.49901,1257.16370051822,-23.6717190849846,-23.6717190849846,16.3381683752047,44.019949997692,25
69.59901,1257.1637005182,-23.6717190849629,-23.6717190849629,16.3381683752019,44.0448517521533,25
69.69901,1257.16370051822,-23.6717190849843,-23.6717190849843,16.3381683752047,44.0697470780275,25
69.799,1257.19250843707,-23.6135382854827,-23.6135382854827,16.3945136603684,44.0946316444995,25
69.89901,1257.16370051821,-23.6717190849841,-23.6717190849841,16.3381683752046,44.1195184506537,25
69.99901,1257.1637005182,-23.6717190849624,-23.6717190849624,16.3381683752019,44.1443945007235,25
70.09901,1257.16370051821,-23.6717190849837,-23.6717190849837,16.3381683752046,44.169264128842,25
70.19901,1257.16370051819,-23.6717190849621,-23.6717190849621,16.3381683752019,44.1941273366678,25
70.299,1257.19250843708,-23.6135382855034,-23.6135382855034,16.3945136603711,44.2189797956709,25
70.39901,1257.16370051819,-23.6717190849618,-23.6717190849618,16.3381683752018,44.2438344980694,25
70.49901,1257.16370051821,-23.6717190849831,-23.6717190849831,16.3381683752045,44.2686784549585,25
70.59901,1257.16370051819,-23.6717190849614,-23.6717190849614,16.3381683752018,44.2935159981821,25
70.69901,1257.16370051821,-23.6717190849829,-23.6717190849829,16.3381683752045,44.3183471293959,25
70.799,1257.19250843706,-23.6135382854813,-23.6135382854813,16.3945136603682,44.3431675223525,25
70.89901,1257.16370051821,-23.6717190849825,-23.6717190849825,16.3381683752044,44.3679901624129,25
70.99901,1257.16370051819,-23.6717190849608,-23.6717190849608,16.3381683752018,44.3928020675266,25
71.09901,1257.1637005182,-23.6717190849822,-23.6717190849822,16.3381683752044,44.4176075672487,25
71.19901,1257.16370051818,-23.6717190849605,-23.6717190849605,16.3381683752017,44.4424066632326,25
71.299,1257.19250843708,-23.6135382855019,-23.6135382855019,16.394513660371,44.4671950315125,25
71.39901,1257.16370051818,-23.6717190849602,-23.6717190849602,16.3381683752016,44.4919856505998,25
71.49901,1257.1637005182,-23.6717190849816,-23.6717190849816,16.3381683752044,44.5167655452875,25
71.59901,1257.16370051818,-23.6717190849599,-23.6717190849599,16.3381683752016,44.5415390428478,25
71.69901,1257.1637005182,-23.6717190849813,-23.6717190849813,16.3381683752043,44.5663061449317,25
71.799,1257.19250843705,-23.6135382854797,-23.6135382854797,16.394513660368,44.5910625298501,25
71.89901,1257.1637005182,-23.671719084981,-23.671719084981,16.3381683752043,44.6158211692748,25
71.99901,1257.16370051818,-23.6717190849594,-23.6717190849594,16.3381683752016,44.640569094835,25
72.09901,1257.16370051819,-23.6717190849807,-23.6717190849807,16.3381683752043,44.6653106315204,25
72.19901,1257.16370051817,-23.671719084959,-23.671719084959,16.3381683752015,44.6900457809802,25
72.299,1257.19250843707,-23.6135382855004,-23.6135382855004,16.3945136603708,44.7147702237999,25
72.39901,1257.16370051817,-23.6717190849587,-23.6717190849587,16.3381683752015,44.7394969248198,25
72.49901,1257.16370051819,-23.6717190849801,-23.6717190849801,16.3381683752042,44.7642129224959,25
72.59901,1257.16370051817,-23.6717190849584,-23.6717190849584,16.3381683752015,44.7889225395396,25
72.69901,1257.16370051819,-23.6717190849799,-23.6717190849799,16.3381683752042,44.8136257775981,25
72.799,1257.19250843704,-23.6135382854782,-23.6135382854782,16.3945136603679,44.8383183195276,25
72.89901,1257.16370051819,-23.6717190849796,-23.6717190849796,16.338168375204,44.8630131233471,25
72.99901,1257.16370051817,-23.6717190849578,-23.6717190849578,16.3381683752014,44.8876972343301,25
73.09901,1257.16370051819,-23.6717190849792,-23.6717190849792,16.3381683752041,44.9123749729128,25
73.19901,1257.16370051817,-23.6717190849574,-23.6717190849574,16.3381683752012,44.9370463407403,25
73.299,1257.19250843706,-23.6135382854988,-23.6135382854988,16.3945136603705,44.9617070229368,25
73.39901,1257.16370051817,-23.6717190849571,-23.6717190849571,16.3381683752012,44.9863699707077,25
73.49901,1257.16370051818,-23.6717190849785,-23.6717190849785,16.338168375204,45.0110222361355,25
73.59901,1257.16370051816,-23.6717190849568,-23.6717190849568,16.3381683752012,45.0356681373838,25
73.69901,1257.16370051818,-23.6717190849782,-23.6717190849782,16.3381683752039,45.060307676096,25
73.799,1257.19250843704,-23.6135382854766,-23.6135382854766,16.3945136603675,45.0849365396612,25
73.89901,1257.16370051818,-23.6717190849778,-23.6717190849778,16.3381683752039,45.1095676724813,25
73.99901,1257.16370051816,-23.6717190849563,-23.6717190849563,16.3381683752011,45.1341881334387,25
74.09901,1257.16370051817,-23.6717190849776,-23.6717190849776,16.338168375204,45.1588022384271,25
74.19901,1257.16370051816,-23.6717190849561,-23.6717190849561,16.338168375201,45.1834099890877,25
74.299,1257.19250843705,-23.6135382854973,-23.6135382854973,16.3945136603704,45.2080070750725,25
74.39901,1257.16370051816,-23.6717190849557,-23.6717190849557,16.338168375201,45.2326064339873,25
74.49901,1257.16370051817,-23.6717190849771,-23.6717190849771,16.3381683752038,45.2571951315058,25
74.59901,1257.16370051815,-23.6717190849554,-23.6717190849554,16.338168375201,45.2817774812554,25
74.69901,1257.16370051817,-23.6717190849768,-23.6717190849768,16.3381683752038,45.3063534848751,25
74.799,1257.19250843703,-23.6135382854751,-23.6135382854751,16.3945136603674,45.3309188342766,25
74.89901,1257.16370051817,-23.6717190849766,-23.6717190849766,16.3381683752038,45.3554864602779,25
74.99901,1257.16370051815,-23.6717190849549,-23.6717190849549,16.338168375201,45.3800434353366,25
75.09901,1257.16370051816,-23.6717190849763,-23.6717190849763,16.3381683752038,45.4045940708155,25
75.19901,1257.16370051815,-23.6717190849545,-23.6717190849545,16.338168375201,45.4291383683517,25
75.299,1257.19250843704,-23.6135382854959,-23.6135382854959,16.3945136603701,45.4536720221134,25
75.39901,1257.16370051815,-23.6717190849542,-23.6717190849542,16.338168375201,45.4782079561414,25
75.49901,1257.16370051816,-23.6717190849757,-23.6717190849757,16.3381683752037,45.5027332496656,25
75.59901,1257.16370051814,-23.6717190849539,-23.6717190849539,16.3381683752008,45.5272522117897,25
75.69901,1257.16370051816,-23.6717190849754,-23.6717190849754,16.3381683752037,45.5517648441479,25
75.799,1257.19250843701,-23.6135382854737,-23.6135382854737,16.3945136603672,45.5762668431618,25
75.89901,1257.16370051816,-23.6717190849751,-23.6717190849751,16.3381683752037,45.6007711261025,25
75.99901,1257.16370051814,-23.6717190849533,-23.6717190849533,16.3381683752008,45.6252647789657,25
76.09901,1257.16370051815,-23.6717190849747,-23.6717190849747,16.3381683752036,45.6497521085968,25
76.19901,1257.16370051814,-23.671719084953,-23.671719084953,16.3381683752006,45.674233116628,25
76.299,1257.19250843703,-23.6135382854942,-23.6135382854942,16.39451366037,45.6987035017325,25
76.39901,1257.16370051814,-23.6717190849527,-23.6717190849527,16.3381683752006,45.7231761744195,25
76.49901,1257.16370051815,-23.6717190849739,-23.6717190849739,16.3381683752035,45.7476382274421,25
76.59901,1257.16370051814,-23.6717190849524,-23.6717190849524,16.3381683752006,45.7720939653903,25
76.69901,1257.16370051815,-23.6717190849737,-23.6717190849737,16.3381683752034,45.7965433898944,25
76.79901,1257.16370051813,-23.6717190849521,-23.6717190849521,16.3381683752007,45.8209865025841,25
76.89901,1257.16370051815,-23.6717190849733,-23.6717190849733,16.3381683752034,45.8454233050893,25
76.99901,1257.16370051813,-23.6717190849518,-23.6717190849518,16.3381683752006,45.8698537990384,25
77.09901,1257.16370051815,-23.6717190849729,-23.6717190849729,16.3381683752034,45.894277986061,25
77.19901,1257.16370051813,-23.6717190849514,-23.6717190849514,16.3381683752006,45.9186958677845,25
77.29901,1257.16370051814,-23.6717190849727,-23.6717190849727,16.3381683752033,45.9431074458371,25
77.39901,1257.16370051813,-23.6717190849511,-23.6717190849511,16.3381683752005,45.9675127218463,25
77.49901,1257.16370051814,-23.6717190849724,-23.6717190849724,16.3381683752033,45.9919116974381,25
77.59901,1257.16370051812,-23.6717190849508,-23.6717190849508,16.3381683752005,46.0163043742391,25
77.69901,1257.16370051814,-23.6717190849719,-23.6717190849719,16.3381683752033,46.040690753876,25
77.79901,1257.16370051812,-23.6717190849505,-23.6717190849505,16.3381683752004,46.0650708379745,25
77.89901,1257.16370051814,-23.6717190849718,-23.6717190849718,16.3381683752033,46.0894446281593,25
77.99901,1257.16370051812,-23.6717190849502,-23.6717190849502,16.3381683752004,46.1138121260558,25
78.09901,1257.16370051813,-23.6717190849715,-23.6717190849715,16.3381683752032,46.1381733332881,25
78.19901,1257.16370051812,-23.6717190849498,-23.6717190849498,16.3381683752004,46.16252825148,25
78.29901,1257.16370051813,-23.6717190849712,-23.6717190849712,16.3381683752032,46.1868768822554,25
78.39901,1257.16370051811,-23.6717190849495,-23.6717190849495,16.3381683752004,46.2112192272373,25
78.49901,1257.16370051813,-23.671719084971,-23.671719084971,16.3381683752032,46.2355552880486,25
78.59901,1257.16370051811,-23.6717190849492,-23.6717190849492,16.3381683752004,46.2598850663115,25
78.69901,1257.16370051813,-23.6717190849707,-23.6717190849707,16.3381683752032,46.2842085636477,25
78.79901,1257.16370051811,-23.6717190849488,-23.6717190849488,16.3381683752003,46.3085257816789,25
78.89901,1257.16370051813,-23.6717190849704,-23.6717190849704,16.3381683752031,46.3328367220261,25
78.99901,1257.16370051811,-23.6717190849484,-23.6717190849484,16.3381683752003,46.3571413863099,25
79.09901,1257.16370051812,-23.6717190849701,-23.6717190849701,16.3381683752031,46.3814397761507,25
79.19901,1257.16370051811,-23.6717190849482,-23.6717190849482,16.3381683752003,46.405731893168,25
79.29901,1257.16370051812,-23.6717190849698,-23.6717190849698,16.3381683752032,46.4300177389815,25
79.39901,1257.1637005181,-23.671719084948,-23.671719084948,16.3381683752003,46.4542973152097,25
79.49901,1257.16370051812,-23.6717190849695,-23.6717190849695,16.3381683752031,46.4785706234713,25
79.59901,1257.1637005181,-23.6717190849476,-23.6717190849476,16.3381683752002,46.5028376653846,25
79.69901,1257.16370051812,-23.6717190849692,-23.6717190849692,16.338168375203,46.5270984425674,25
79.79901,1257.1637005181,-23.6717190849473,-23.6717190849473,16.3381683752001,46.551352956637,25
79.89901,1257.16370051812,-23.6717190849688,-23.6717190849688,16.338168375203,46.5756012092101,25
79.99901,1257.1637005181,-23.6717190849471,-23.6717190849471,16.3381683752001,46.599843201903,25
80.09901,1257.16370051811,-23.6717190849685,-23.6717190849685,16.3381683752029,46.6240789363317,25
80.19901,1257.1637005181,-23.6717190849467,-23.6717190849467,16.3381683752001,46.6483084141121,25
80.29901,1257.16370051811,-23.6717190849682,-23.6717190849682,16.3381683752029,46.6725316368592,25
80.39901,1257.1637005181,-23.6717190849464,-23.6717190849464,16.3381683752,46.6967486061881,25
80.49901,1257.16370051811,-23.6717190849678,-23.6717190849678,16.3381683752029,46.7209593237133,25
80.59901,1257.16370051809,-23.6717190849462,-23.6717190849462,16.3381683752,46.745163791048,25
80.69901,1257.16370051811,-23.6717190849675,-23.6717190849675,16.3381683752028,46.7693620098065,25
80.79901,1257.16370051809,-23.6717190849458,-23.6717190849458,16.3381683751999,46.7935539816014,25
80.89901,1257.16370051811,-23.6717190849673,-23.6717190849673,16.3381683752028,46.8177397080452,25
80.99901,1257.16370051809,-23.6717190849455,-23.6717190849455,16.3381683751999,46.841919190751,25
81.09901,1257.16370051811,-23.671719084967,-23.671719084967,16.3381683752027,46.8660924313307,25
81.19901,1257.16370051809,-23.6717190849451,-23.6717190849451,16.3381683751999,46.890259431395,25
81.29901,1257.1637005181,-23.6717190849667,-23.6717190849667,16.3381683752027,46.9144201925551,25
81.39901,1257.16370051809,-23.6717190849449,-23.6717190849449,16.3381683751999,46.9385747164217,25
81.49901,1257.1637005181,-23.6717190849664,-23.6717190849664,16.3381683752027,46.9627230046051,25
81.59901,1257.16370051808,-23.6717190849447,-23.6717190849447,16.3381683751998,46.9868650587152,25
81.69901,1257.1637005181,-23.671719084966,-23.671719084966,16.3381683752027,47.011000880361,25
81.79901,1257.16370051808,-23.6717190849444,-23.6717190849444,16.3381683751998,47.035130471152,25
81.89901,1257.1637005181,-23.6717190849659,-23.6717190849659,16.3381683752027,47.0592538326964,25
81.99901,1257.16370051808,-23.671719084944,-23.671719084944,16.3381683751997,47.0833709666024,25
82.09901,1257.1637005181,-23.6717190849656,-23.6717190849656,16.3381683752026,47.1074818744777,25
82.19901,1257.16370051808,-23.6717190849437,-23.6717190849437,16.3381683751996,47.1315865579295,25
82.29901,1257.1637005181,-23.6717190849652,-23.6717190849652,16.3381683752025,47.1556850185647,25
82.39901,1257.16370051808,-23.6717190849434,-23.6717190849434,16.3381683751996,47.1797772579898,25
82.49901,1257.16370051809,-23.6717190849649,-23.6717190849649,16.3381683752025,47.2038632778108,25
82.59901,1257.16370051808,-23.6717190849432,-23.6717190849432,16.3381683751996,47.2279430796336,25
82.69901,1257.16370051809,-23.6717190849646,-23.6717190849646,16.3381683752024,47.2520166650633,25
82.79901,1257.16370051808,-23.6717190849429,-23.6717190849429,16.3381683751995,47.2760840357045,25
82.89901,1257.16370051809,-23.6717190849643,-23.6717190849643,16.3381683752023,47.3001451931623,25
82.99901,1257.16370051807,-23.6717190849426,-23.6717190849426,16.3381683751995,47.32420013904,25
83.09901,1257.16370051809,-23.671719084964,-23.671719084964,16.3381683752024,47.348248874941,25
83.19901,1257.16370051807,-23.6717190849423,-23.6717190849423,16.3381683751996,47.3722914024693,25
83.29901,1257.16370051809,-23.6717190849637,-23.6717190849637,16.3381683752023,47.396327723227,25
83.39901,1257.16370051807,-23.671719084942,-23.671719084942,16.3381683751995,47.4203578388161,25
83.49901,1257.16370051809,-23.6717190849634,-23.6717190849634,16.3381683752023,47.4443817508386,25
83.59901,1257.16370051807,-23.6717190849417,-23.6717190849417,16.3381683751994,47.4683994608969,25
83.69901,1257.16370051808,-23.6717190849631,-23.6717190849631,16.3381683752023,47.4924109705921,25
83.79901,1257.16370051806,-23.6717190849415,-23.6717190849415,16.3381683751994,47.5164162815239,25
83.89901,1257.16370051808,-23.6717190849628,-23.6717190849628,16.3381683752023,47.5404153952929,25
83.99901,1257.16370051806,-23.6717190849413,-23.6717190849413,16.3381683751994,47.564408313499,25
84.09901,1257.16370051808,-23.6717190849625,-23.6717190849625,16.3381683752022,47.5883950377422,25
84.19901,1257.16370051806,-23.6717190849411,-23.6717190849411,16.3381683751994,47.6123755696205,25
84.29901,1257.16370051807,-23.6717190849622,-23.6717190849622,16.3381683752022,47.6363499107329,25
84.39901,1257.16370051806,-23.6717190849408,-23.6717190849408,16.3381683751994,47.6603180626779,25
84.49901,1257.16370051807,-23.6717190849619,-23.6717190849619,16.3381683752021,47.6842800270534,25
84.59901,1257.16370051806,-23.6717190849404,-23.6717190849404,16.3381683751992,47.7082358054562,25
84.69901,1257.16370051807,-23.6717190849616,-23.6717190849616,16.338168375202,47.7321853994836,25
84.79901,1257.16370051805,-23.6717190849401,-23.6717190849401,16.3381683751992,47.7561288107321,25
84.89901,1257.16370051807,-23.6717190849613,-23.6717190849613,16.3381683752021,47.7800660407977,25
84.99901,1257.16370051805,-23.6717190849398,-23.6717190849398,16.3381683751993,47.8039970912764,25
85.09901,1257.16370051807,-23.6717190849611,-23.6717190849611,16.3381683752021,47.827921963763,25
85.19901,1257.16370051805,-23.6717190849395,-23.6717190849395,16.3381683751992,47.8518406598528,25
85.29901,1257.16370051806,-23.6717190849609,-23.6717190849609,16.3381683752021,47.8757531811401,25
85.39901,1257.16370051805,-23.6717190849392,-23.6717190849392,16.3381683751992,47.8996595292193,25
85.49901,1257.16370051806,-23.6717190849606,-23.6717190849606,16.338168375202,47.9235597056838,25
85.59901,1257.16370051804,-23.6717190849389,-23.6717190849389,16.3381683751991,47.947453712127,25
85.69901,1257.16370051806,-23.6717190849603,-23.6717190849603,16.3381683752019,47.9713415501415,25
85.79901,1257.16370051804,-23.6717190849385,-23.6717190849385,16.3381683751991,47.9952232213196,25
85.89901,1257.16370051806,-23.67171908496,-23.67171908496,16.3381683752018,48.0190987272536,25
85.99901,1257.16370051804,-23.6717190849381,-23.6717190849381,16.338168375199,48.042968069535,25
86.09901,1257.16370051806,-23.6717190849596,-23.6717190849596,16.3381683752018,48.0668312497554,25
86.19901,1257.16370051804,-23.6717190849378,-23.6717190849378,16.338168375199,48.0906882695054,25
86.29901,1257.16370051806,-23.6717190849594,-23.6717190849594,16.3381683752018,48.1145391303749,25
86.39901,1257.16370051804,-23.6717190849375,-23.6717190849375,16.338168375199,48.1383838339547,25
86.49901,1257.16370051806,-23.6717190849591,-23.6717190849591,16.3381683752017,48.1622223818332,25
86.59901,1257.16370051804,-23.6717190849373,-23.6717190849373,16.3381683751989,48.1860547756006,25
86.69901,1257.16370051805,-23.6717190849588,-23.6717190849588,16.3381683752017,48.2098810168451,25
86.79901,1257.16370051804,-23.6717190849371,-23.6717190849371,16.3381683751989,48.2337011071551,25
86.89901,1257.16370051805,-23.6717190849586,-23.6717190849586,16.3381683752017,48.2575150481192,25
86.99901,1257.16370051803,-23.6717190849369,-23.6717190849369,16.3381683751989,48.2813228413238,25
87.09901,1257.16370051805,-23.6717190849583,-23.6717190849583,16.3381683752016,48.3051244883567,25
87.19901,1257.16370051803,-23.6717190849366,-23.6717190849366,16.3381683751988,48.3289199908036,25
87.29901,1257.16370051805,-23.671719084958,-23.671719084958,16.3381683752016,48.3527093502518,25
87.39901,1257.16370051803,-23.6717190849363,-23.6717190849363,16.3381683751988,48.3764925682872,25
87.49901,1257.16370051805,-23.6717190849577,-23.6717190849577,16.3381683752015,48.400269646495,25
87.59901,1257.16370051803,-23.671719084936,-23.671719084936,16.3381683751988,48.4240405864605,25
87.69901,1257.16370051804,-23.6717190849574,-23.6717190849574,16.3381683752015,48.4478053897675,25
87.79901,1257.16370051803,-23.6717190849358,-23.6717190849358,16.3381683751988,48.4715640580011,25
87.89901,1257.16370051804,-23.6717190849571,-23.6717190849571,16.3381683752015,48.4953165927441,25
87.99901,1257.16370051802,-23.6717190849355,-23.6717190849355,16.3381683751988,48.5190629955808,25
88.09901,1257.16370051804,-23.6717190849568,-23.6717190849568,16.3381683752015,48.5428032680942,25
88.19901,1257.16370051802,-23.6717190849352,-23.6717190849352,16.3381683751987,48.5665374118662,25
88.29901,1257.16370051804,-23.6717190849565,-23.6717190849565,16.3381683752015,48.5902654284801,25
88.39901,1257.16370051802,-23.6717190849349,-23.6717190849349,16.3381683751986,48.6139873195171,25
88.49901,1257.16370051804,-23.6717190849563,-23.6717190849563,16.3381683752015,48.6377030865584,25
88.59901,1257.16370051802,-23.6717190849346,-23.6717190849346,16.3381683751986,48.6614127311848,25
88.69901,1257.16370051803,-23.6717190849561,-23.6717190849561,16.3381683752015,48.6851162549771,25
88.79901,1257.16370051802,-23.6717190849343,-23.6717190849343,16.3381683751986,48.7088136595156,25
88.89901,1257.16370051803,-23.6717190849558,-23.6717190849558,16.3381683752015,48.7325049463795,25
88.99901,1257.16370051802,-23.671719084934,-23.671719084934,16.3381683751985,48.7561901171491,25
89.09901,1257.16370051803,-23.6717190849555,-23.6717190849555,16.3381683752015,48.7798691734024,25
89.19901,1257.16370051801,-23.6717190849338,-23.6717190849338,16.3381683751985,48.8035421167185,25
89.29901,1257.16370051803,-23.6717190849552,-23.6717190849552,16.3381683752014,48.8272089486751,25
89.39901,1257.16370051801,-23.6717190849336,-23.6717190849336,16.3381683751985,48.8508696708501,25
89.49901,1257.16370051802,-23.671719084955,-23.671719084955,16.3381683752014,48.8745242848204,25
89.59901,1257.16370051801,-23.6717190849333,-23.6717190849333,16.3381683751985,48.8981727921633,25
89.69901,1257.16370051802,-23.6717190849547,-23.6717190849547,16.3381683752014,48.9218151944551,25
89.79901,1257.163700518,-23.6717190849331,-23.6717190849331,16.3381683751985,48.9454514932722,25
89.89901,1257.16370051802,-23.6717190849544,-23.6717190849544,16.3381683752014,48.9690816901901,25
89.99901,1257.163700518,-23.6717190849328,-23.6717190849328,16.3381683751985,48.9927057867842,25
90.09901,1257.16370051802,-23.671719084954,-23.671719084954,16.3381683752013,49.0163237846288,25
90.19901,1257.163700518,-23.6717190849325,-23.6717190849325,16.3381683751985,49.039935685299,25
90.29901,1257.16370051801,-23.6717190849537,-23.6717190849537,16.3381683752013,49.063541490368,25
90.39901,1257.163700518,-23.6717190849322,-23.6717190849322,16.3381683751985,49.0871412014098,25
90.49901,1257.16370051801,-23.6717190849534,-23.6717190849534,16.3381683752012,49.1107348199979,25
90.59901,1257.163700518,-23.6717190849318,-23.6717190849318,16.3381683751984,49.1343223477049,25
90.69901,1257.16370051801,-23.6717190849531,-23.6717190849531,16.3381683752012,49.1579037861036,25
90.79901,1257.163700518,-23.6717190849315,-23.6717190849315,16.3381683751984,49.1814791367656,25
90.89901,1257.16370051801,-23.6717190849527,-23.6717190849527,16.3381683752011,49.2050484012624,25
90.99901,1257.16370051799,-23.6717190849312,-23.6717190849312,16.3381683751982,49.2286115811651,25
91.09901,1257.16370051801,-23.6717190849522,-23.6717190849522,16.3381683752011,49.2521686780446,25
91.19901,1257.16370051799,-23.6717190849308,-23.6717190849308,16.3381683751982,49.2757196934719,25
91.29901,1257.16370051801,-23.6717190849519,-23.6717190849519,16.338168375201,49.2992646290164,25
91.39901,1257.16370051799,-23.6717190849305,-23.6717190849305,16.3381683751982,49.3228034862482,25
91.49901,1257.16370051801,-23.6717190849516,-23.6717190849516,16.338168375201,49.3463362667358,25
91.59901,1257.16370051799,-23.6717190849301,-23.6717190849301,16.338168375198,49.369862972048,25
91.69901,1257.163700518,-23.6717190849513,-23.6717190849513,16.3381683752009,49.3933836037535,25
91.79901,1257.16370051799,-23.6717190849299,-23.6717190849299,16.338168375198,49.4168981634198,25
91.89901,1257.163700518,-23.6717190849511,-23.6717190849511,16.3381683752009,49.440406652615,25
91.99901,1257.16370051798,-23.6717190849296,-23.6717190849296,16.3381683751981,49.4639090729058,25
92.09901,1257.163700518,-23.6717190849509,-23.6717190849509,16.3381683752009,49.4874054258593,25
92.19901,1257.16370051798,-23.6717190849292,-23.6717190849292,16.338168375198,49.510895713042,25
92.29901,1257.163700518,-23.6717190849506,-23.6717190849506,16.3381683752008,49.5343799360194,25
92.39901,1257.16370051798,-23.6717190849289,-23.6717190849289,16.338168375198,49.5578580963568,25
92.49901,1257.163700518,-23.6717190849503,-23.6717190849503,16.3381683752007,49.5813301956196,25
92.59901,1257.16370051798,-23.6717190849287,-23.6717190849287,16.3381683751979,49.6047962353726,25
92.69901,1257.16370051799,-23.6717190849499,-23.6717190849499,16.3381683752007,49.6282562171803,25
92.79901,1257.16370051798,-23.6717190849283,-23.6717190849283,16.3381683751979,49.651710142606,25
92.89901,1257.16370051799,-23.6717190849496,-23.6717190849496,16.3381683752006,49.6751580132136,25
92.99901,1257.16370051797,-23.671719084928,-23.671719084928,16.3381683751979,49.6985998305661,25
93.09901,1257.16370051799,-23.6717190849493,-23.6717190849493,16.3381683752006,49.7220355962264,25
93.19901,1257.16370051797,-23.6717190849276,-23.6717190849276,16.3381683751978,49.7454653117567,25
93.29901,1257.16370051799,-23.671719084949,-23.671719084949,16.3381683752006,49.7688889787189,25
93.39901,1257.16370051797,-23.6717190849274,-23.6717190849274,16.3381683751978,49.7923065986744,25
93.49901,1257.16370051799,-23.6717190849487,-23.6717190849487,16.3381683752005,49.8157181731843,25
93.59901,1257.16370051797,-23.6717190849271,-23.6717190849271,16.3381683751977,49.839123703809,25
93.69901,1257.16370051798,-23.6717190849485,-23.6717190849485,16.3381683752005,49.8625231921093,25
93.79901,1257.16370051797,-23.6717190849268,-23.6717190849268,16.3381683751978,49.8859166396451,25
93.89901,1257.16370051798,-23.6717190849482,-23.6717190849482,16.3381683752005,49.9093040479753,25
93.99901,1257.16370051796,-23.6717190849265,-23.6717190849265,16.3381683751978,49.9326854186594,25
94.09901,1257.16370051798,-23.671719084948,-23.671719084948,16.3381683752005,49.9560607532558,25
94.19901,1257.16370051796,-23.6717190849261,-23.6717190849261,16.3381683751977,49.9794300533231,25
94.29901,1257.16370051798,-23.6717190849477,-23.6717190849477,16.3381683752004,50.0027933204188,25
94.39901,1257.16370051796,-23.6717190849258,-23.6717190849258,16.3381683751977,50.0261505561007,25
94.49901,1257.16370051798,-23.6717190849475,-23.6717190849475,16.3381683752004,50.0495017619259,25
94.59901,1257.16370051796,-23.6717190849254,-23.6717190849254,16.3381683751977,50.0728469394506,25
94.69901,1257.16370051797,-23.6717190849471,-23.6717190849471,16.3381683752004,50.0961860902311,25
94.79901,1257.16370051796,-23.6717190849252,-23.6717190849252,16.3381683751976,50.1195192158237,25
94.89901,1257.16370051797,-23.6717190849468,-23.6717190849468,16.3381683752004,50.1428463177835,25
94.99901,1257.16370051795,-23.6717190849249,-23.6717190849249,16.3381683751976,50.1661673976657,25
95.09901,1257.16370051797,-23.6717190849466,-23.6717190849466,16.3381683752004,50.1894824570249,25
95.19901,1257.16370051795,-23.6717190849245,-23.6717190849245,16.3381683751975,50.2127914974157,25
95.29901,1257.16370051797,-23.6717190849463,-23.6717190849463,16.3381683752004,50.2360945203916,25
95.39901,1257.16370051795,-23.6717190849242,-23.6717190849242,16.3381683751975,50.2593915275059,25
95.49901,1257.16370051797,-23.6717190849459,-23.6717190849459,16.3381683752003,50.2826825203115,25
95.59901,1257.16370051795,-23.671719084924,-23.671719084924,16.3381683751974,50.3059675003608,25
95.69901,1257.16370051797,-23.6717190849456,-23.6717190849456,16.3381683752003,50.3292464692071,25
95.79901,1257.16370051795,-23.6717190849237,-23.6717190849237,16.3381683751974,50.3525194284016,25
95.89901,1257.16370051797,-23.6717190849453,-23.6717190849453,16.3381683752002,50.3757863794957,25
95.99901,1257.16370051795,-23.6717190849234,-23.6717190849234,16.3381683751973,50.3990473240407,25
96.09901,1257.16370051796,-23.6717190849449,-23.6717190849449,16.3381683752001,50.4223022635872,25
96.19901,1257.16370051794,-23.671719084923,-23.671719084923,16.3381683751973,50.4455511996858,25
96.29901,1257.16370051796,-23.6717190849445,-23.6717190849445,16.3381683752,50.4687941338851,25
96.39901,1257.16370051794,-23.6717190849227,-23.6717190849227,16.3381683751972,50.4920310677356,25
96.49901,1257.16370051796,-23.6717190849442,-23.6717190849442,16.3381683752001,50.5152620027865,25
96.59901,1257.16370051794,-23.6717190849225,-23.6717190849225,16.3381683751972,50.5384869405855,25
96.69901,1257.16370051796,-23.671719084944,-23.671719084944,16.3381683752,50.5617058826819,25
96.79901,1257.16370051794,-23.6717190849221,-23.6717190849221,16.3381683751971,50.584918830623,25
96.89901,1257.16370051796,-23.6717190849435,-23.6717190849435,16.3381683751999,50.6081257859557,25
96.99901,1257.16370051794,-23.6717190849218,-23.6717190849218,16.3381683751971,50.631326750228,25
97.09901,1257.16370051795,-23.6717190849431,-23.6717190849431,16.3381683751998,50.654521724986,25
97.19901,1257.16370051794,-23.6717190849215,-23.6717190849215,16.338168375197,50.6777107117758,25
97.29901,1257.16370051795,-23.6717190849427,-23.6717190849427,16.3381683751998,50.7008937121436,25
97.39901,1257.16370051793,-23.6717190849211,-23.6717190849211,16.338168375197,50.7240707276349,25
97.49901,1257.16370051795,-23.6717190849425,-23.6717190849425,16.3381683751997,50.7472417597947,25
97.59901,1257.16370051793,-23.6717190849208,-23.6717190849208,16.338168375197,50.7704068101672,25
97.69901,1257.16370051795,-23.6717190849421,-23.6717190849421,16.3381683751997,50.7935658802974,25
97.79901,1257.16370051793,-23.6717190849204,-23.6717190849204,16.338168375197,50.816718971728,25
97.89901,1257.16370051795,-23.6717190849418,-23.6717190849418,16.3381683751997,50.8398660860032,25
97.99901,1257.16370051793,-23.6717190849202,-23.6717190849202,16.338168375197,50.8630072246659,25
98.09901,1257.16370051794,-23.6717190849415,-23.6717190849415,16.3381683751997,50.8861423892591,25
98.19901,1257.16370051793,-23.67171908492,-23.67171908492,16.3381683751969,50.9092715813252,25
98.29901,1257.16370051794,-23.6717190849411,-23.6717190849411,16.3381683751997,50.9323948024052,25
98.39901,1257.16370051792,-23.6717190849197,-23.6717190849197,16.3381683751969,50.9555120540415,25
98.49901,1257.16370051794,-23.6717190849408,-23.6717190849408,16.3381683751997,50.9786233377743,25
98.59901,1257.16370051792,-23.6717190849192,-23.6717190849192,16.3381683751969,51.0017286551448,25
98.69901,1257.16370051794,-23.6717190849406,-23.6717190849406,16.3381683751996,51.0248280076928,25
98.79901,1257.16370051792,-23.6717190849188,-23.6717190849188,16.3381683751968,51.0479213969583,25
98.89901,1257.16370051794,-23.6717190849403,-23.6717190849403,16.3381683751996,51.0710088244814,25
98.99901,1257.16370051792,-23.6717190849186,-23.6717190849186,16.3381683751967,51.0940902918007,25
99.09901,1257.16370051793,-23.6717190849398,-23.6717190849398,16.3381683751995,51.1171658004548,25
99.19901,1257.16370051792,-23.6717190849182,-23.6717190849182,16.3381683751966,51.140235351982,25
99.29901,1257.16370051793,-23.6717190849395,-23.6717190849395,16.3381683751994,51.1632989479205,25
99.39901,1257.16370051791,-23.6717190849179,-23.6717190849179,16.3381683751966,51.1863565898072,25
99.49901,1257.16370051793,-23.6717190849392,-23.6717190849392,16.3381683751995,51.2094082791798,25
99.59901,1257.16370051791,-23.6717190849176,-23.6717190849176,16.3381683751966,51.2324540175751,25
99.69901,1257.16370051793,-23.6717190849389,-23.6717190849389,16.3381683751994,51.2554938065287,25
99.79901,1257.16370051791,-23.6717190849171,-23.6717190849171,16.3381683751966,51.2785276475764,25
99.89901,1257.16370051792,-23.6717190849387,-23.6717190849387,16.3381683751993,51.3015555422546,25
99.99901,1257.1637005179,-23.671719084917,-23.671719084917,16.3381683751965,51.3245774920973,25
100.09901,1257.16370051792,-23.6717190849383,-23.6717190849383,16.3381683751994,51.3475934986403,25
100.19901,1257.1637005179,-23.6717190849166,-23.6717190849166,16.3381683751964,51.3706035634173,25
100.29901,1257.16370051792,-23.671719084938,-23.671719084938,16.3381683751993,51.3936076879626,25
100.39901,1257.1637005179,-23.6717190849165,-23.6717190849165,16.3381683751965,51.416605873809,25
100.49901,1257.16370051792,-23.6717190849377,-23.6717190849377,16.3381683751993,51.4395981224903,25
100.59901,1257.1637005179,-23.6717190849161,-23.6717190849161,16.3381683751965,51.462584435539,25
100.69901,1257.16370051792,-23.6717190849375,-23.6717190849375,16.3381683751992,51.4855648144872,25
100.79901,1257.1637005179,-23.6717190849157,-23.6717190849157,16.3381683751964,51.5085392608675,25
100.89901,1257.16370051792,-23.6717190849371,-23.6717190849371,16.3381683751992,51.5315077762109,25
100.99901,1257.1637005179,-23.6717190849155,-23.6717190849155,16.3381683751963,51.5544703620484,25
101.09901,1257.16370051791,-23.6717190849368,-23.6717190849368,16.3381683751991,51.577427019911,25
101.19901,1257.1637005179,-23.6717190849151,-23.6717190849151,16.3381683751962,51.600377751329,25
101.29901,1257.16370051791,-23.6717190849364,-23.6717190849364,16.3381683751991,51.6233225578331,25
101.39901,1257.16370051789,-23.6717190849147,-23.6717190849147,16.3381683751962,51.6462614409515,25
101.49901,1257.16370051791,-23.6717190849362,-23.6717190849362,16.3381683751991,51.6691944022141,25
101.59901,1257.16370051789,-23.6717190849144,-23.6717190849144,16.3381683751962,51.6921214431496,25
101.69901,1257.16370051791,-23.6717190849359,-23.6717190849359,16.338168375199,51.7150425652861,25
101.79901,1257.16370051789,-23.6717190849141,-23.6717190849141,16.3381683751962,51.737957770152,25
101.89901,1257.16370051791,-23.6717190849357,-23.6717190849357,16.338168375199,51.7608670592749,25
101.99901,1257.16370051789,-23.6717190849138,-23.6717190849138,16.3381683751962,51.7837704341817,25
102.09901,1257.1637005179,-23.6717190849354,-23.6717190849354,16.338168375199,51.8066678963999,25
102.19901,1257.16370051789,-23.6717190849135,-23.6717190849135,16.3381683751961,51.8295594474553,25
102.29901,1257.1637005179,-23.6717190849352,-23.6717190849352,16.3381683751989,51.8524450888741,25
102.39901,1257.16370051789,-23.6717190849132,-23.6717190849132,16.338168375196,51.8753248221815,25
102.49901,1257.1637005179,-23.6717190849348,-23.6717190849348,16.3381683751989,51.8981986489033,25
102.59901,1257.16370051788,-23.6717190849129,-23.6717190849129,16.338168375196,51.921066570564,25
102.69901,1257.1637005179,-23.6717190849345,-23.6717190849345,16.3381683751989,51.9439285886878,25
102.79901,1257.16370051788,-23.6717190849125,-23.6717190849125,16.3381683751959,51.9667847047997,25
102.89901,1257.1637005179,-23.6717190849342,-23.6717190849342,16.3381683751988,51.9896349204223,25
102.99901,1257.16370051788,-23.6717190849122,-23.6717190849122,16.3381683751958,52.0124792370792,25
103.09901,1257.16370051789,-23.6717190849337,-23.6717190849337,16.3381683751988,52.0353176562935,25
103.19901,1257.16370051788,-23.6717190849119,-23.6717190849119,16.3381683751957,52.0581501795876,25
103.29901,1257.16370051789,-23.6717190849335,-23.6717190849335,16.3381683751988,52.0809768084835,25
103.39901,1257.16370051787,-23.6717190849118,-23.6717190849118,16.3381683751958,52.1037975445025,25
103.49901,1257.16370051789,-23.6717190849333,-23.6717190849333,16.3381683751987,52.1266123891663,25
103.59901,1257.16370051787,-23.6717190849114,-23.6717190849114,16.3381683751958,52.1494213439955,25
103.69901,1257.16370051789,-23.671719084933,-23.671719084933,16.3381683751988,52.1722244105112,25
103.79901,1257.16370051787,-23.6717190849112,-23.6717190849112,16.3381683751958,52.195021590233,25
103.89901,1257.16370051788,-23.6717190849326,-23.6717190849326,16.3381683751988,52.2178128846814,25
103.99901,1257.16370051787,-23.6717190849109,-23.6717190849109,16.3381683751958,52.2405982953745,25
104.09901,1257.16370051788,-23.6717190849324,-23.6717190849324,16.3381683751987,52.2633778238319,25
104.19901,1257.16370051787,-23.6717190849106,-23.6717190849106,16.3381683751958,52.2861514715726,25
104.29901,1257.16370051788,-23.6717190849321,-23.6717190849321,16.3381683751987,52.3089192401144,25
104.39901,1257.16370051786,-23.6717190849104,-23.6717190849104,16.3381683751958,52.3316811309747,25
104.49901,1257.16370051788,-23.6717190849316,-23.6717190849316,16.3381683751986,52.3544371456711,25
104.59901,1257.16370051786,-23.67171908491,-23.67171908491,16.3381683751957,52.3771872857205,25
104.69901,1257.16370051788,-23.6717190849313,-23.6717190849313,16.3381683751986,52.3999315526394,25
104.79901,1257.16370051786,-23.6717190849097,-23.6717190849097,16.3381683751956,52.4226699479442,25
104.89901,1257.16370051787,-23.6717190849309,-23.6717190849309,16.3381683751986,52.4454024731508,25
104.99901,1257.16370051786,-23.6717190849093,-23.6717190849093,16.3381683751957,52.4681291297745,25
105.09901,1257.16370051787,-23.6717190849307,-23.6717190849307,16.3381683751985,52.4908499193306,25
105.19901,1257.16370051786,-23.6717190849091,-23.6717190849091,16.3381683751957,52.5135648433333,25
105.29901,1257.16370051787,-23.6717190849303,-23.6717190849303,16.3381683751985,52.5362739032967,25
105.39901,1257.16370051785,-23.6717190849088,-23.6717190849088,16.3381683751957,52.5589771007349,25
105.49901,1257.16370051787,-23.67171908493,-23.67171908493,16.3381683751984,52.5816744371618,25
105.59901,1257.16370051785,-23.6717190849085,-23.6717190849085,16.3381683751956,52.60436591409,25
105.69901,1257.16370051787,-23.6717190849298,-23.6717190849298,16.3381683751985,52.6270515330323,25
105.79901,1257.16370051785,-23.6717190849083,-23.6717190849083,16.3381683751956,52.6497312955006,25
105.89901,1257.16370051786,-23.6717190849295,-23.6717190849295,16.3381683751984,52.672405203007,25
105.99901,1257.16370051785,-23.671719084908,-23.671719084908,16.3381683751956,52.6950732570635,25
106.09901,1257.16370051786,-23.6717190849292,-23.6717190849292,16.3381683751983,52.7177354591807,25
106.19901,1257.16370051785,-23.6717190849076,-23.6717190849076,16.3381683751955,52.7403918108695,25
106.29901,1257.16370051786,-23.6717190849289,-23.6717190849289,16.3381683751983,52.7630423136399,25
106.39901,1257.16370051784,-23.6717190849073,-23.6717190849073,16.3381683751955,52.7856869690024,25
106.49901,1257.16370051786,-23.6717190849285,-23.6717190849285,16.3381683751982,52.808325778466,25
106.59901,1257.16370051784,-23.671719084907,-23.671719084907,16.3381683751954,52.8309587435407,25
106.69901,1257.16370051786,-23.6717190849283,-23.6717190849283,16.3381683751982,52.8535858657344,25
106.79901,1257.16370051784,-23.6717190849068,-23.6717190849068,16.3381683751954,52.8762071465562,25
106.89901,1257.16370051786,-23.671719084928,-23.671719084928,16.3381683751982,52.8988225875132,25
106.99901,1257.16370051784,-23.6717190849064,-23.6717190849064,16.3381683751953,52.9214321901138,25
107.09901,1257.16370051785,-23.6717190849276,-23.6717190849276,16.3381683751982,52.9440359558644,25
107.19901,1257.16370051784,-23.6717190849061,-23.6717190849061,16.3381683751952,52.9666338862732,25
107.29901,1257.16370051785,-23.6717190849274,-23.6717190849274,16.3381683751981,52.9892259828456,25
107.39901,1257.16370051784,-23.6717190849059,-23.6717190849059,16.3381683751952,53.0118122470879,25
107.49901,1257.16370051785,-23.671719084927,-23.671719084927,16.3381683751981,53.0343926805056,25
107.59901,1257.16370051784,-23.6717190849056,-23.6717190849056,16.3381683751952,53.0569672846038,25
107.69901,1257.16370051785,-23.6717190849268,-23.6717190849268,16.338168375198,53.0795360608879,25
107.79901,1257.16370051783,-23.6717190849053,-23.6717190849053,16.3381683751951,53.1020990108622,25
107.89901,1257.16370051785,-23.6717190849265,-23.6717190849265,16.338168375198,53.1246561360305,25
107.99901,1257.16370051783,-23.671719084905,-23.671719084905,16.3381683751951,53.147207437897,25
108.09901,1257.16370051785,-23.6717190849263,-23.6717190849263,16.3381683751979,53.169752917965,25
108.19901,1257.16370051783,-23.6717190849046,-23.6717190849046,16.338168375195,53.1922925777372,25
108.29901,1257.16370051784,-23.6717190849261,-23.6717190849261,16.3381683751979,53.2148264187162,25
108.39901,1257.16370051783,-23.6717190849044,-23.6717190849044,16.3381683751949,53.2373544424043,25
108.49901,1257.16370051784,-23.6717190849257,-23.6717190849257,16.3381683751979,53.2598766503027,25
108.59901,1257.16370051782,-23.6717190849041,-23.6717190849041,16.3381683751949,53.2823930439136,25
108.69901,1257.16370051784,-23.6717190849256,-23.6717190849256,16.3381683751978,53.3049036247379,25
108.79901,1257.16370051782,-23.6717190849038,-23.6717190849038,16.3381683751949,53.3274083942758,25
108.89901,1257.16370051784,-23.6717190849253,-23.6717190849253,16.3381683751978,53.3499073540276,25
108.99901,1257.16370051782,-23.6717190849036,-23.6717190849036,16.3381683751949,53.3724005054932,25
109.09901,1257.16370051784,-23.6717190849249,-23.6717190849249,16.3381683751977,53.3948878501727,25
109.19901,1257.16370051782,-23.6717190849032,-23.6717190849032,16.3381683751948,53.4173693895644,25
109.29901,1257.16370051783,-23.6717190849247,-23.6717190849247,16.3381683751977,53.4398451251673,25
109.39901,1257.16370051782,-23.671719084903,-23.671719084903,16.3381683751948,53.4623150584796,25
109.49901,1257.16370051783,-23.6717190849244,-23.6717190849244,16.3381683751977,53.4847791909988,25
109.59901,1257.16370051781,-23.6717190849026,-23.6717190849026,16.3381683751948,53.5072375242227,25
109.69901,1257.16370051783,-23.6717190849242,-23.6717190849242,16.3381683751977,53.5296900596486,25
109.79901,1257.16370051781,-23.6717190849023,-23.6717190849023,16.3381683751948,53.5521367987737,25
109.89901,1257.16370051783,-23.6717190849239,-23.6717190849239,16.3381683751977,53.5745777430936,25
109.99901,1257.16370051781,-23.671719084902,-23.671719084902,16.3381683751948,53.5970128941048,25
110.09901,1257.16370051783,-23.6717190849235,-23.6717190849235,16.3381683751975,53.6194422533025,25
110.19901,1257.16370051781,-23.6717190849016,-23.6717190849016,16.3381683751948,53.6418658221817,25
110.29901,1257.16370051783,-23.6717190849232,-23.6717190849232,16.3381683751974,53.6642836022378,25
110.39901,1257.16370051781,-23.6717190849014,-23.6717190849014,16.3381683751947,53.6866955949645,25
110.49901,1257.16370051783,-23.6717190849228,-23.6717190849228,16.3381683751973,53.7091018018569,25
110.59901,1257.1637005178,-23.6717190849011,-23.6717190849011,16.3381683751947,53.7315022244077,25
110.69901,1257.16370051782,-23.6717190849226,-23.6717190849226,16.3381683751973,53.753896864111,25
110.79901,1257.1637005178,-23.6717190849007,-23.6717190849007,16.3381683751947,53.7762857224585,25
110.89901,1257.16370051782,-23.6717190849223,-23.6717190849223,16.3381683751973,53.7986688009438,25
110.99901,1257.1637005178,-23.6717190849004,-23.6717190849004,16.3381683751946,53.8210461010585,25
111.09901,1257.16370051782,-23.671719084922,-23.671719084922,16.3381683751972,53.843417624295,25
111.19901,1257.1637005178,-23.6717190849001,-23.6717190849001,16.3381683751945,53.8657833721439,25
111.29901,1257.16370051782,-23.6717190849217,-23.6717190849217,16.3381683751972,53.8881433460963,25
111.39901,1257.1637005178,-23.6717190848998,-23.6717190848998,16.3381683751945,53.9104975476426,25
111.49901,1257.16370051782,-23.6717190849213,-23.6717190849213,16.3381683751971,53.9328459782736,25
111.59901,1257.1637005178,-23.6717190848996,-23.6717190848996,16.3381683751945,53.9551886394786,25
111.69901,1257.16370051782,-23.671719084921,-23.671719084921,16.338168375197,53.9775255327472,25
111.79901,1257.1637005178,-23.6717190848992,-23.6717190848992,16.3381683751944,53.9998566595687,25
111.89901,1257.16370051782,-23.6717190849206,-23.6717190849206,16.3381683751971,54.0221820214312,25
111.99901,1257.16370051779,-23.671719084899,-23.671719084899,16.3381683751944,54.0445016198234,25
112.09901,1257.16370051781,-23.6717190849203,-23.6717190849203,16.338168375197,54.0668154562332,25
112.19901,1257.16370051779,-23.6717190848986,-23.6717190848986,16.3381683751944,54.0891235321476,25
112.29901,1257.16370051781,-23.67171908492,-23.67171908492,16.338168375197,54.1114258490545,25
112.39901,1257.16370051779,-23.6717190848983,-23.6717190848983,16.3381683751944,54.1337224084401,25
112.49901,1257.16370051781,-23.6717190849197,-23.6717190849197,16.3381683751969,54.1560132117907,25
112.59901,1257.16370051779,-23.6717190848979,-23.6717190848979,16.3381683751943,54.1782982605926,25
112.69901,1257.16370051781,-23.6717190849193,-23.6717190849193,16.3381683751969,54.2005775563308,25
112.79901,1257.16370051779,-23.6717190848976,-23.6717190848976,16.3381683751941,54.2228511004908,25
112.89901,1257.16370051781,-23.6717190849191,-23.6717190849191,16.3381683751968,54.2451188945575,25
112.99901,1257.16370051779,-23.6717190848973,-23.6717190848973,16.3381683751941,54.2673809400158,25
113.09901,1257.1637005178,-23.6717190849188,-23.6717190849188,16.3381683751968,54.2896372383494,25
113.19901,1257.16370051778,-23.671719084897,-23.671719084897,16.3381683751941,54.3118877910416,25
113.29901,1257.1637005178,-23.6717190849184,-23.6717190849184,16.3381683751968,54.3341325995763,25
113.39901,1257.16370051778,-23.6717190848968,-23.6717190848968,16.3381683751941,54.356371665436,25
113.49901,1257.1637005178,-23.6717190849182,-23.6717190849182,16.3381683751968,54.3786049901031,25
113.59901,1257.16370051778,-23.6717190848966,-23.6717190848966,16.338168375194,54.4008325750597,25
113.69901,1257.1637005178,-23.6717190849179,-23.6717190849179,16.3381683751968,54.4230544217878,25
113.79901,1257.16370051778,-23.6717190848963,-23.6717190848963,16.3381683751939,54.4452705317688,25
113.89901,1257.16370051779,-23.6717190849177,-23.6717190849177,16.3381683751968,54.4674809064834,25
113.99901,1257.16370051778,-23.671719084896,-23.671719084896,16.3381683751939,54.4896855474128,25
114.09901,1257.16370051779,-23.6717190849173,-23.6717190849173,16.3381683751967,54.5118844560365,25
114.19901,1257.16370051777,-23.6717190848958,-23.6717190848958,16.3381683751939,54.5340776338349,25
114.29901,1257.16370051779,-23.671719084917,-23.671719084917,16.3381683751966,54.5562650822868,25
114.39901,1257.16370051777,-23.6717190848955,-23.6717190848955,16.3381683751939,54.5784468028719,25
114.49901,1257.16370051779,-23.6717190849168,-23.6717190849168,16.3381683751967,54.6006227970688,25
114.59901,1257.16370051777,-23.6717190848952,-23.6717190848952,16.3381683751938,54.6227930663556,25
114.69901,1257.16370051779,-23.6717190849165,-23.6717190849165,16.3381683751967,54.6449576122107,25
114.79901,1257.16370051777,-23.6717190848949,-23.6717190848949,16.3381683751939,54.6671164361109,25
114.89901,1257.16370051778,-23.6717190849163,-23.6717190849163,16.3381683751967,54.6892695395337,25
114.99901,1257.16370051776,-23.6717190848946,-23.6717190848946,16.3381683751938,54.7114169239562,25
115.09901,1257.16370051778,-23.671719084916,-23.671719084916,16.3381683751967,54.7335585908544,25
115.19901,1257.16370051776,-23.6717190848944,-23.6717190848944,16.3381683751938,54.7556945417046,25
115.29901,1257.16370051778,-23.6717190849157,-23.6717190849157,16.3381683751966,54.7778247779828,25
115.39901,1257.16370051776,-23.6717190848941,-23.6717190848941,16.3381683751937,54.7999493011629,25
115.49901,1257.16370051778,-23.6717190849154,-23.6717190849154,16.3381683751966,54.8220681127206,25
115.59901,1257.16370051776,-23.6717190848939,-23.6717190848939,16.3381683751937,54.8441812141308,25
115.69901,1257.16370051777,-23.6717190849152,-23.6717190849152,16.3381683751966,54.8662886068674,25
115.79901,1257.16370051776,-23.6717190848937,-23.6717190848937,16.3381683751936,54.8883902924038,25
115.89901,1257.16370051777,-23.671719084915,-23.671719084915,16.3381683751965,54.9104862722139,25
115.99901,1257.16370051775,-23.6717190848934,-23.6717190848934,16.3381683751936,54.9325765477699,25
116.09901,1257.16370051777,-23.6717190849147,-23.6717190849147,16.3381683751964,54.9546611205457,25
116.19901,1257.16370051775,-23.671719084893,-23.671719084893,16.3381683751936,54.9767399920123,25
116.29901,1257.16370051777,-23.6717190849143,-23.6717190849143,16.3381683751963,54.9988131636419,25
116.39901,1257.16370051775,-23.6717190848926,-23.6717190848926,16.3381683751936,55.020880636906,25
116.49901,1257.16370051777,-23.671719084914,-23.671719084914,16.3381683751964,55.0429424132757,25
116.59901,1257.16370051775,-23.6717190848923,-23.6717190848923,16.3381683751936,55.0649984942219,25
116.69901,1257.16370051776,-23.6717190849137,-23.6717190849137,16.3381683751964,55.0870488812142,25
116.79901,1257.16370051775,-23.6717190848921,-23.6717190848921,16.3381683751935,55.1090935757232,25
116.89901,1257.16370051776,-23.6717190849133,-23.6717190849133,16.3381683751963,55.1311325792184,25
116.99901,1257.16370051775,-23.6717190848916,-23.6717190848916,16.3381683751934,55.1531658931685,25
117.09901,1257.16370051776,-23.671719084913,-23.671719084913,16.3381683751963,55.175193519043,25
117.19901,1257.16370051775,-23.6717190848914,-23.6717190848914,16.3381683751934,55.1972154583093,25
117.29901,1257.16370051776,-23.6717190849127,-23.6717190849127,16.3381683751963,55.2192317124365,25
117.39901,1257.16370051774,-23.671719084891,-23.671719084891,16.3381683751933,55.241242282892,25
117.49901,1257.16370051776,-23.6717190849124,-23.6717190849124,16.3381683751962,55.263247171143,25
117.59901,1257.16370051774,-23.6717190848907,-23.6717190848907,16.3381683751933,55.2852463786568,25
117.69901,1257.16370051775,-23.6717190849121,-23.6717190849121,16.3381683751963,55.3072399068996,25
117.79901,1257.16370051774,-23.6717190848905,-23.6717190848905,16.3381683751933,55.3292277573371,25
117.89901,1257.16370051775,-23.6717190849118,-23.6717190849118,16.3381683751962,55.3512099314353,25
117.99901,1257.16370051773,-23.6717190848901,-23.6717190848901,16.3381683751933,55.3731864306596,25
118.09901,1257.16370051775,-23.6717190849116,-23.6717190849116,16.3381683751963,55.3951572564749,25
118.19901,1257.16370051773,-23.6717190848899,-23.6717190848899,16.3381683751934,55.4171224103466,25
118.29901,1257.16370051774,-23.6717190849113,-23.6717190849113,16.3381683751962,55.4390818937383,25
118.39901,1257.16370051773,-23.6717190848896,-23.6717190848896,16.3381683751933,55.4610357081138,25
118.49901,1257.16370051774,-23.6717190849109,-23.6717190849109,16.3381683751962,55.482983854937,25
118.59901,1257.16370051773,-23.6717190848893,-23.6717190848893,16.3381683751933,55.5049263356706,25
118.69901,1257.16370051774,-23.6717190849106,-23.6717190849106,16.3381683751961,55.5268631517777,25
118.79901,1257.16370051773,-23.671719084889,-23.671719084889,16.3381683751932,55.5487943047206,25
118.89901,1257.16370051774,-23.6717190849102,-23.6717190849102,16.3381683751961,55.5707197959612,25
118.99901,1257.16370051773,-23.6717190848886,-23.6717190848886,16.3381683751932,55.5926396269611,25
119.09901,1257.16370051774,-23.6717190849099,-23.6717190849099,16.3381683751961,55.6145537991818,25
119.19901,1257.16370051772,-23.6717190848882,-23.6717190848882,16.3381683751931,55.6364623140839,25
119.29901,1257.16370051774,-23.6717190849094,-23.6717190849094,16.338168375196,55.6583651731278,25
119.39901,1257.16370051772,-23.6717190848878,-23.6717190848878,16.338168375193,55.6802623777739,25
119.49901,1257.16370051774,-23.6717190849091,-23.6717190849091,16.3381683751959,55.7021539294818,25
119.59901,1257.16370051772,-23.6717190848874,-23.6717190848874,16.3381683751929,55.7240398297103,25
119.69901,1257.16370051773,-23.6717190849088,-23.6717190849088,16.3381683751958,55.7459200799194,25
119.79901,1257.16370051772,-23.671719084887,-23.671719084887,16.3381683751929,55.7677946815669,25
119.89901,1257.16370051773,-23.6717190849085,-23.6717190849085,16.3381683751958,55.7896636361113,25
119.99901,1257.16370051771,-23.6717190848867,-23.6717190848867,16.3381683751928,55.8115269450104,25
120.09901,1257.16370051773,-23.6717190849082,-23.6717190849082,16.3381683751958,55.8333846097217,25
120.19901,1257.16370051771,-23.6717190848863,-23.6717190848863,16.3381683751928,55.8552366317025,25
120.29901,1257.16370051773,-23.6717190849078,-23.6717190849078,16.3381683751957,55.8770830124094,25
120.39901,1257.16370051771,-23.671719084886,-23.671719084886,16.3381683751928,55.8989237532986,25
120.49901,1257.16370051773,-23.6717190849074,-23.6717190849074,16.3381683751956,55.9207588558261,25
120.59901,1257.16370051771,-23.6717190848857,-23.6717190848857,16.3381683751928,55.9425883214474,25
120.69901,1257.16370051772,-23.671719084907,-23.671719084907,16.3381683751956,55.964412151618,25
120.79901,1257.16370051771,-23.6717190848853,-23.6717190848853,16.3381683751927,55.9862303477926,25
120.89901,1257.16370051772,-23.6717190849067,-23.6717190849067,16.3381683751956,56.0080429114258,25
120.99901,1257.16370051771,-23.671719084885,-23.671719084885,16.3381683751927,56.0298498439712,25
121.09901,1257.16370051772,-23.6717190849065,-23.6717190849065,16.3381683751956,56.0516511468829,25
121.19901,1257.16370051771,-23.6717190848848,-23.6717190848848,16.3381683751927,56.073446821614,25
121.29901,1257.16370051772,-23.6717190849061,-23.6717190849061,16.3381683751956,56.0952368696176,25
121.39901,1257.1637005177,-23.6717190848845,-23.6717190848845,16.3381683751926,56.1170212923461,25
121.49901,1257.16370051772,-23.6717190849059,-23.6717190849059,16.3381683751955,56.1388000912523,25
121.59901,1257.1637005177,-23.6717190848841,-23.6717190848841,16.3381683751925,56.160573267788,25
121.69901,1257.16370051771,-23.6717190849056,-23.6717190849056,16.3381683751955,56.1823408234039,25
121.79901,1257.1637005177,-23.6717190848838,-23.6717190848838,16.3381683751926,56.2041027595515,25
121.89901,1257.16370051771,-23.6717190849053,-23.6717190849053,16.3381683751954,56.2258590776817,25
121.99901,1257.1637005177,-23.6717190848836,-23.6717190848836,16.3381683751925,56.2476097792444,25
122.09901,1257.16370051771,-23.6717190849049,-23.6717190849049,16.3381683751953,56.26935486569,25
122.19901,1257.16370051769,-23.6717190848832,-23.6717190848832,16.3381683751925,56.2910943384677,25
122.29901,1257.16370051771,-23.6717190849045,-23.6717190849045,16.3381683751953,56.3128281990271,25
122.39901,1257.16370051769,-23.671719084883,-23.671719084883,16.3381683751925,56.3345564488168,25
122.49901,1257.16370051771,-23.6717190849043,-23.6717190849043,16.3381683751954,56.3562790892854,25
122.59901,1257.16370051769,-23.6717190848826,-23.6717190848826,16.3381683751926,56.3779961218808,25
122.69901,1257.16370051771,-23.671719084904,-23.671719084904,16.3381683751953,56.3997075480508,25
122.79901,1257.16370051769,-23.6717190848823,-23.6717190848823,16.3381683751924,56.421413369243,25
122.89901,1257.1637005177,-23.6717190849036,-23.6717190849036,16.3381683751953,56.4431135869039,25
122.99901,1257.16370051769,-23.6717190848821,-23.6717190848821,16.3381683751924,56.4648082024804,25
123.09901,1257.1637005177,-23.6717190849034,-23.6717190849034,16.3381683751952,56.4864972174186,25
123.19901,1257.16370051768,-23.6717190848818,-23.6717190848818,16.3381683751923,56.5081806331645,25
123.29901,1257.1637005177,-23.6717190849032,-23.6717190849032,16.3381683751952,56.5298584511634,25
123.39901,1257.16370051768,-23.6717190848816,-23.6717190848816,16.3381683751924,56.5515306728604,25
123.49901,1257.1637005177,-23.6717190849028,-23.6717190849028,16.3381683751953,56.5731972997005,25
123.59901,1257.16370051768,-23.6717190848813,-23.6717190848813,16.3381683751924,56.5948583331276,25
123.69901,1257.16370051769,-23.6717190849025,-23.6717190849025,16.3381683751952,56.6165137745862,25
123.79901,1257.16370051768,-23.671719084881,-23.671719084881,16.3381683751925,56.6381636255194,25
123.89901,1257.16370051769,-23.6717190849022,-23.6717190849022,16.3381683751951,56.6598078873712,25
123.99901,1257.16370051767,-23.6717190848806,-23.6717190848806,16.3381683751923,56.6814465615834,25
124.09901,1257.16370051769,-23.6717190849019,-23.6717190849019,16.3381683751951,56.7030796495992,25
124.19901,1257.16370051767,-23.6717190848803,-23.6717190848803,16.3381683751923,56.7247071528606,25
124.29901,1257.16370051769,-23.6717190849016,-23.6717190849016,16.338168375195,56.746329072809,25
124.39901,1257.16370051767,-23.67171908488,-23.67171908488,16.3381683751923,56.7679454108861,25
124.49901,1257.16370051769,-23.6717190849013,-23.6717190849013,16.338168375195,56.7895561685328,25
124.59901,1257.16370051767,-23.6717190848796,-23.6717190848796,16.3381683751922,56.81116134719,25
124.69901,1257.16370051769,-23.671719084901,-23.671719084901,16.3381683751949,56.832760948298,25
124.79901,1257.16370051767,-23.6717190848794,-23.6717190848794,16.3381683751922,56.8543549732967,25
124.89901,1257.16370051768,-23.6717190849007,-23.6717190849007,16.3381683751948,56.8759434236253,25
124.99901,1257.16370051766,-23.671719084879,-23.671719084879,16.3381683751922,56.897526300723,25
125.09901,1257.16370051768,-23.6717190849006,-23.6717190849006,16.3381683751948,56.9191036060287,25
125.19901,1257.16370051766,-23.6717190848788,-23.6717190848788,16.3381683751921,56.9406753409808,25
125.29901,1257.16370051768,-23.6717190849001,-23.6717190849001,16.3381683751948,56.9622415070175,25
125.39901,1257.16370051766,-23.6717190848784,-23.6717190848784,16.3381683751921,56.983802105576,25
125.49901,1257.16370051768,-23.6717190848999,-23.6717190848999,16.3381683751948,57.0053571380934,25
125.59901,1257.16370051766,-23.6717190848783,-23.6717190848783,16.3381683751921,57.0269066060067,25
125.69901,1257.16370051768,-23.6717190848996,-23.6717190848996,16.3381683751947,57.0484505107538,25
125.79901,1257.16370051766,-23.671719084878,-23.671719084878,16.3381683751921,57.0699888537693,25
125.89901,1257.16370051767,-23.6717190848993,-23.6717190848993,16.3381683751947,57.0915216364895,25
125.99901,1257.16370051765,-23.6717190848777,-23.6717190848777,16.338168375192,57.1130488603502,25
126.09901,1257.16370051767,-23.671719084899,-23.671719084899,16.3381683751947,57.1345705267863,25
126.19901,1257.16370051765,-23.6717190848773,-23.6717190848773,16.338168375192,57.1560866372321,25
126.29901,1257.16370051767,-23.6717190848987,-23.6717190848987,16.3381683751946,57.1775971931223,25
126.39901,1257.16370051765,-23.6717190848769,-23.6717190848769,16.3381683751919,57.1991021958904,25
126.49901,1257.16370051767,-23.6717190848983,-23.6717190848983,16.3381683751945,57.2206016469702,25
126.59901,1257.16370051765,-23.6717190848767,-23.6717190848767,16.3381683751918,57.242095547795,25
126.69901,1257.16370051767,-23.6717190848979,-23.6717190848979,16.3381683751944,57.2635838997981,25
126.79901,1257.16370051765,-23.6717190848764,-23.6717190848764,16.3381683751918,57.2850667044114,25
126.89901,1257.16370051767,-23.6717190848976,-23.6717190848976,16.3381683751944,57.3065439630671,25
126.99901,1257.16370051765,-23.671719084876,-23.671719084876,16.3381683751917,57.328015677197,25
127.09901,1257.16370051766,-23.6717190848973,-23.6717190848973,16.3381683751943,57.3494818482325,25
127.19901,1257.16370051764,-23.6717190848757,-23.6717190848757,16.3381683751917,57.3709424776049,25
127.29901,1257.16370051766,-23.671719084897,-23.671719084897,16.3381683751942,57.3923975667442,25
127.39901,1257.16370051764,-23.6717190848754,-23.6717190848754,16.3381683751917,57.4138471170809,25
127.49901,1257.16370051766,-23.6717190848968,-23.6717190848968,16.3381683751943,57.4352911300446,25
127.59901,1257.16370051764,-23.671719084875,-23.671719084875,16.3381683751915,57.4567296070652,25
127.69901,1257.16370051766,-23.6717190848964,-23.6717190848964,16.3381683751942,57.4781625495725,25
127.79901,1257.16370051764,-23.6717190848746,-23.6717190848746,16.3381683751915,57.499589958994,25
127.89901,1257.16370051766,-23.6717190848961,-23.6717190848961,16.3381683751941,57.5210118367586,25
127.99901,1257.16370051764,-23.6717190848742,-23.6717190848742,16.3381683751914,57.5424281842946,25
128.09901,1257.16370051766,-23.6717190848959,-23.6717190848959,16.3381683751941,57.5638390030293,25
128.19901,1257.16370051764,-23.671719084874,-23.671719084874,16.3381683751914,57.5852442943899,25
128.29901,1257.16370051766,-23.6717190848956,-23.6717190848956,16.338168375194,57.6066440598037,25
128.39901,1257.16370051763,-23.6717190848738,-23.6717190848738,16.3381683751914,57.6280383006976,25
128.49901,1257.16370051765,-23.6717190848954,-23.6717190848954,16.3381683751942,57.6494270184969,25
128.59901,1257.16370051763,-23.6717190848737,-23.6717190848737,16.3381683751914,57.6708102146279,25
128.69901,1257.16370051765,-23.6717190848951,-23.6717190848951,16.3381683751942,57.6921878905161,25
128.79901,1257.16370051763,-23.6717190848734,-23.6717190848734,16.3381683751913,57.7135600475866,25
128.89901,1257.16370051765,-23.6717190848948,-23.6717190848948,16.3381683751941,57.734926687264,25
128.99901,1257.16370051763,-23.6717190848731,-23.6717190848731,16.3381683751913,57.7562878109726,25
129.09901,1257.16370051765,-23.6717190848945,-23.6717190848945,16.3381683751941,57.7776434201369,25
129.19901,1257.16370051763,-23.6717190848728,-23.6717190848728,16.3381683751913,57.7989935161801,25
129.29901,1257.16370051765,-23.6717190848941,-23.6717190848941,16.338168375194,57.8203381005253,25
129.39901,1257.16370051762,-23.6717190848725,-23.6717190848725,16.3381683751912,57.8416771745955,25
129.49901,1257.16370051764,-23.6717190848938,-23.6717190848938,16.3381683751939,57.8630107398137,25
129.59901,1257.16370051762,-23.6717190848721,-23.6717190848721,16.3381683751912,57.8843387976015,25
129.69901,1257.16370051764,-23.6717190848936,-23.6717190848936,16.3381683751939,57.9056613493807,25
129.79901,1257.16370051762,-23.6717190848718,-23.6717190848718,16.3381683751911,57.926978396573,25
129.89901,1257.16370051764,-23.6717190848934,-23.6717190848934,16.3381683751939,57.9482899405993,25
129.99901,1257.16370051762,-23.6717190848715,-23.6717190848715,16.3381683751911,57.9695959828804,25
130.09901,1257.16370051764,-23.6717190848931,-23.6717190848931,16.3381683751938,57.9908965248365,25
130.19901,1257.16370051762,-23.6717190848712,-23.6717190848712,16.3381683751911,58.0121915678877,25
130.29901,1257.16370051764,-23.6717190848927,-23.6717190848927,16.3381683751938,58.0334811134536,25
130.39901,1257.16370051762,-23.6717190848709,-23.6717190848709,16.338168375191,58.0547651629531,25
130.49901,1257.16370051763,-23.6717190848924,-23.6717190848924,16.3381683751938,58.0760437178053,25
130.59901,1257.16370051761,-23.6717190848706,-23.6717190848706,16.3381683751909,58.097316779429,25
130.69901,1257.16370051763,-23.6717190848921,-23.6717190848921,16.3381683751938,58.1185843492418,25
130.79901,1257.16370051761,-23.6717190848702,-23.6717190848702,16.3381683751908,58.1398464286614,25
130.89901,1257.16370051763,-23.6717190848918,-23.6717190848918,16.3381683751937,58.1611030191057,25
130.99901,1257.16370051761,-23.6717190848699,-23.6717190848699,16.3381683751908,58.1823541219913,25
131.09901,1257.16370051763,-23.6717190848914,-23.6717190848914,16.3381683751937,58.2035997387351,25
131.19901,1257.16370051761,-23.6717190848697,-23.6717190848697,16.3381683751908,58.2248398707533,25
131.29901,1257.16370051763,-23.6717190848911,-23.6717190848911,16.3381683751937,58.2460745194618,25
131.39901,1257.16370051761,-23.6717190848696,-23.6717190848696,16.3381683751908,58.2673036862761,25
131.49901,1257.16370051762,-23.6717190848909,-23.6717190848909,16.3381683751936,58.2885273726114,25
131.59901,1257.1637005176,-23.6717190848693,-23.6717190848693,16.3381683751909,58.3097455798828,25
131.69901,1257.16370051762,-23.6717190848906,-23.6717190848906,16.3381683751936,58.3309583095049,25
131.79901,1257.1637005176,-23.671719084869,-23.671719084869,16.3381683751909,58.352165562891,25
131.89901,1257.16370051762,-23.6717190848903,-23.6717190848903,16.3381683751937,58.3733673414554,25
131.99901,1257.1637005176,-23.6717190848688,-23.6717190848688,16.338168375191,58.3945636466112,25
132.09901,1257.16370051762,-23.6717190848901,-23.6717190848901,16.3381683751937,58.4157544797715,25
132.19901,1257.1637005176,-23.6717190848684,-23.6717190848684,16.3381683751909,58.4369398423494,25
132.29901,1257.16370051761,-23.6717190848898,-23.6717190848898,16.3381683751937,58.4581197357563,25
132.39901,1257.16370051759,-23.6717190848682,-23.6717190848682,16.3381683751908,58.4792941614044,25
132.49901,1257.16370051761,-23.6717190848896,-23.6717190848896,16.3381683751936,58.5004631207061,25
132.59901,1257.16370051759,-23.6717190848679,-23.6717190848679,16.3381683751908,58.5216266150716,25
132.69901,1257.16370051761,-23.6717190848893,-23.6717190848893,16.3381683751935,58.542784645912,25
132.79901,1257.16370051759,-23.6717190848676,-23.6717190848676,16.3381683751907,58.5639372146379,25
132.89901,1257.16370051761,-23.6717190848889,-23.6717190848889,16.3381683751934,58.585084322659,25
132.99901,1257.16370051759,-23.6717190848672,-23.6717190848672,16.3381683751906,58.6062259713856,25
133.09901,1257.16370051761,-23.6717190848887,-23.6717190848887,16.3381683751934,58.6273621622264,25
133.19901,1257.16370051759,-23.671719084867,-23.671719084867,16.3381683751906,58.6484928965908,25
133.29901,1257.1637005176,-23.6717190848884,-23.6717190848884,16.3381683751933,58.6696181758876,25
133.39901,1257.16370051759,-23.6717190848667,-23.6717190848667,16.3381683751906,58.6907380015246,25
133.49901,1257.1637005176,-23.6717190848881,-23.6717190848881,16.3381683751933,58.7118523749105,25
133.59901,1257.16370051758,-23.6717190848664,-23.6717190848664,16.3381683751906,58.7329612974521,25
133.69901,1257.1637005176,-23.6717190848879,-23.6717190848879,16.3381683751934,58.7540647705565,25
133.79901,1257.16370051758,-23.6717190848662,-23.6717190848662,16.3381683751905,58.7751627956313,25
133.89901,1257.1637005176,-23.6717190848876,-23.6717190848876,16.3381683751934,58.7962553740823,25
133.99901,1257.16370051758,-23.6717190848658,-23.6717190848658,16.3381683751904,58.8173425073154,25
134.09901,1257.16370051759,-23.6717190848872,-23.6717190848872,16.3381683751933,58.838424196737,25
134.19901,1257.16370051758,-23.6717190848655,-23.6717190848655,16.3381683751903,58.8595004437518,25
134.29901,1257.16370051759,-23.671719084887,-23.671719084887,16.3381683751933,58.880571249765,25
134.39901,1257.16370051758,-23.6717190848653,-23.6717190848653,16.3381683751903,58.9016366161817,25
134.49901,1257.16370051759,-23.6717190848867,-23.6717190848867,16.3381683751933,58.9226965444058,25
134.59901,1257.16370051758,-23.6717190848649,-23.6717190848649,16.3381683751902,58.9437510358412,25
134.69901,1257.16370051759,-23.6717190848864,-23.6717190848864,16.3381683751932,58.9648000918917,25
134.79901,1257.16370051757,-23.6717190848646,-23.6717190848646,16.3381683751902,58.98584371396,25
134.89901,1257.16370051759,-23.6717190848861,-23.6717190848861,16.3381683751932,59.0068819034492,25
134.99901,1257.16370051757,-23.6717190848643,-23.6717190848643,16.3381683751901,59.0279146617621,25
135.09901,1257.16370051759,-23.6717190848858,-23.6717190848858,16.3381683751931,59.0489419903002,25
135.19901,1257.16370051757,-23.6717190848641,-23.6717190848641,16.3381683751902,59.0699638904656,25
135.29901,1257.16370051758,-23.6717190848856,-23.6717190848856,16.338168375193,59.0909803636595,25
135.39901,1257.16370051757,-23.6717190848638,-23.6717190848638,16.3381683751902,59.1119914112834,25
135.49901,1257.16370051758,-23.6717190848852,-23.6717190848852,16.338168375193,59.1329970347372,25
135.59901,1257.16370051757,-23.6717190848636,-23.6717190848636,16.3381683751902,59.1539972354216,25
135.69901,1257.16370051758,-23.6717190848851,-23.6717190848851,16.3381683751931,59.1749920147363,25
135.79901,1257.16370051756,-23.6717190848633,-23.6717190848633,16.3381683751902,59.1959813740815,25
135.89901,1257.16370051758,-23.6717190848847,-23.6717190848847,16.338168375193,59.216965314856,25
135.99901,1257.16370051756,-23.671719084863,-23.671719084863,16.3381683751901,59.2379438384585,25
136.09901,1257.16370051758,-23.6717190848843,-23.6717190848843,16.338168375193,59.2589169462879,25
136.19901,1257.16370051756,-23.6717190848626,-23.6717190848626,16.33816837519,59.2798846397418,25
136.29901,1257.16370051758,-23.6717190848841,-23.6717190848841,16.338168375193,59.3008469202183,25
136.39901,1257.16370051756,-23.6717190848624,-23.6717190848624,16.3381683751899,59.3218037891147,25
136.49901,1257.16370051757,-23.6717190848838,-23.6717190848838,16.3381683751929,59.3427552478282,25
136.59901,1257.16370051756,-23.6717190848621,-23.6717190848621,16.33816837519,59.3637012977551,25
136.69901,1257.16370051757,-23.6717190848835,-23.6717190848835,16.3381683751929,59.3846419402921,25
136.79901,1257.16370051755,-23.6717190848618,-23.6717190848618,16.3381683751899,59.4055771768347,25
136.89901,1257.16370051757,-23.6717190848832,-23.6717190848832,16.3381683751928,59.4265070087788,25
136.99901,1257.16370051755,-23.6717190848615,-23.6717190848615,16.3381683751898,59.4474314375196,25
137.09901,1257.16370051757,-23.6717190848829,-23.6717190848829,16.3381683751926,59.4683504644523,25
137.19901,1257.16370051755,-23.6717190848612,-23.6717190848612,16.3381683751897,59.4892640909709,25
137.29901,1257.16370051757,-23.6717190848826,-23.6717190848826,16.3381683751926,59.5101723184698,25
137.39901,1257.16370051755,-23.6717190848608,-23.6717190848608,16.3381683751896,59.5310751483431,25
137.49901,1257.16370051756,-23.6717190848822,-23.6717190848822,16.3381683751926,59.5519725819837,25
137.59901,1257.16370051755,-23.6717190848606,-23.6717190848606,16.3381683751897,59.572864620785,25
137.69901,1257.16370051756,-23.6717190848819,-23.6717190848819,16.3381683751926,59.5937512661397,25
137.79901,1257.16370051755,-23.6717190848602,-23.6717190848602,16.3381683751897,59.6146325194401,25
137.89901,1257.16370051756,-23.6717190848815,-23.6717190848815,16.3381683751926,59.6355083820781,25
137.99901,1257.16370051754,-23.67171908486,-23.67171908486,16.3381683751897,59.6563788554454,25
138.09901,1257.16370051756,-23.6717190848812,-23.6717190848812,16.3381683751926,59.6772439409332,25
138.19901,1257.16370051754,-23.6717190848597,-23.6717190848597,16.3381683751896,59.698103639933,25
138.29901,1257.16370051756,-23.6717190848811,-23.6717190848811,16.3381683751925,59.7189579538349,25
138.39901,1257.16370051754,-23.6717190848594,-23.6717190848594,16.3381683751896,59.7398068840292,25
138.49901,1257.16370051756,-23.6717190848808,-23.6717190848808,16.3381683751925,59.7606504319055,25
138.59901,1257.16370051754,-23.6717190848591,-23.6717190848591,16.3381683751895,59.7814885988537,25
138.69901,1257.16370051755,-23.6717190848805,-23.6717190848805,16.3381683751924,59.8023213862624,25
138.79901,1257.16370051754,-23.6717190848588,-23.6717190848588,16.3381683751896,59.823148795521,25
138.89901,1257.16370051755,-23.6717190848803,-23.6717190848803,16.3381683751924,59.8439708280176,25
138.99901,1257.16370051753,-23.6717190848586,-23.6717190848586,16.3381683751895,59.86478748514,25
139.09901,1257.16370051755,-23.67171908488,-23.67171908488,16.3381683751924,59.8855987682764,25
139.19901,1257.16370051753,-23.6717190848583,-23.6717190848583,16.3381683751895,59.9064046788137,25
139.29901,1257.16370051755,-23.6717190848795,-23.6717190848795,16.3381683751924,59.9272052181391,25
139.39901,1257.16370051753,-23.6717190848579,-23.6717190848579,16.3381683751895,59.948000387639,25
139.49901,1257.16370051754,-23.6717190848793,-23.6717190848793,16.3381683751924,59.9687901886995,25
139.59901,1257.16370051753,-23.6717190848576,-23.6717190848576,16.3381683751895,59.9895746227071,25
139.69901,1257.16370051754,-23.671719084879,-23.671719084879,16.3381683751924,60.0103536910469,25
139.79901,1257.16370051752,-23.6717190848573,-23.6717190848573,16.3381683751894,60.0311273951043,25
139.89901,1257.16370051754,-23.6717190848787,-23.6717190848787,16.3381683751923,60.0518957362646,25
139.99901,1257.16370051752,-23.671719084857,-23.671719084857,16.3381683751894,60.0726587159115,25
140.09901,1257.16370051754,-23.6717190848784,-23.6717190848784,16.3381683751922,60.0934163354298,25
140.19901,1257.16370051752,-23.6717190848566,-23.6717190848566,16.3381683751893,60.1141685962023,25
140.29901,1257.16370051754,-23.6717190848781,-23.6717190848781,16.3381683751921,60.1349154996131,25
140.39901,1257.16370051752,-23.6717190848564,-23.6717190848564,16.3381683751893,60.1556570470453,25
140.49901,1257.16370051753,-23.6717190848778,-23.6717190848778,16.3381683751921,60.1763932398813,25
140.59901,1257.16370051752,-23.671719084856,-23.671719084856,16.3381683751892,60.1971240795034,25
140.69901,1257.16370051753,-23.6717190848775,-23.6717190848775,16.3381683751921,60.2178495672939,25
140.79901,1257.16370051752,-23.6717190848557,-23.6717190848557,16.3381683751891,60.2385697046344,25
140.89901,1257.16370051753,-23.6717190848771,-23.6717190848771,16.338168375192,60.2592844929057,25
140.99901,1257.16370051751,-23.6717190848554,-23.6717190848554,16.338168375189,60.2799939334892,25
141.09901,1257.16370051753,-23.6717190848769,-23.6717190848769,16.338168375192,60.3006980277649,25
141.19901,1257.16370051751,-23.6717190848551,-23.6717190848551,16.338168375189,60.3213967771133,25
141.29901,1257.16370051753,-23.6717190848765,-23.6717190848765,16.3381683751919,60.3420901829147,25
141.39901,1257.16370051751,-23.6717190848548,-23.6717190848548,16.338168375189,60.362778246548,25
141.49901,1257.16370051753,-23.6717190848763,-23.6717190848763,16.3381683751919,60.3834609693921,25
141.59901,1257.16370051751,-23.6717190848544,-23.6717190848544,16.338168375189,60.4041383528265,25
141.69901,1257.16370051752,-23.6717190848758,-23.6717190848758,16.3381683751919,60.4248103982291,25
141.79901,1257.16370051751,-23.6717190848541,-23.6717190848541,16.3381683751889,60.4454771069782,25
141.89901,1257.16370051752,-23.6717190848755,-23.6717190848755,16.3381683751918,60.4661384804515,25
141.99901,1257.1637005175,-23.6717190848538,-23.6717190848538,16.3381683751889,60.486794520026,25
142.09901,1257.16370051752,-23.6717190848752,-23.6717190848752,16.3381683751918,60.507445227079,25
142.19901,1257.1637005175,-23.6717190848535,-23.6717190848535,16.3381683751889,60.5280906029872,25
142.29901,1257.16370051752,-23.671719084875,-23.671719084875,16.3381683751918,60.548730649127,25
142.39901,1257.1637005175,-23.6717190848533,-23.6717190848533,16.3381683751889,60.5693653668738,25
142.49901,1257.16370051751,-23.6717190848747,-23.6717190848747,16.3381683751918,60.5899947576037,25
142.59901,1257.1637005175,-23.6717190848529,-23.6717190848529,16.3381683751888,60.6106188226913,25
142.69901,1257.16370051751,-23.6717190848743,-23.6717190848743,16.3381683751917,60.6312375635116,25
142.79901,1257.1637005175,-23.6717190848525,-23.6717190848525,16.3381683751888,60.6518509814396,25
142.89901,1257.16370051751,-23.6717190848739,-23.6717190848739,16.3381683751916,60.6724590778494,25
142.99901,1257.1637005175,-23.6717190848521,-23.6717190848521,16.3381683751887,60.6930618541142,25
143.09901,1257.16370051751,-23.6717190848735,-23.6717190848735,16.3381683751915,60.7136593116083,25
143.19901,1257.16370051749,-23.6717190848518,-23.6717190848518,16.3381683751887,60.7342514517038,25
143.29901,1257.16370051751,-23.6717190848733,-23.6717190848733,16.3381683751915,60.7548382757739,25
143.39901,1257.16370051749,-23.6717190848515,-23.6717190848515,16.3381683751887,60.7754197851911,25
143.49901,1257.16370051751,-23.671719084873,-23.671719084873,16.3381683751915,60.7959959813269,25
143.59901,1257.16370051749,-23.6717190848512,-23.6717190848512,16.3381683751887,60.8165668655539,25
143.69901,1257.16370051751,-23.6717190848726,-23.6717190848726,16.3381683751915,60.8371324392427,25
143.79901,1257.16370051749,-23.6717190848509,-23.6717190848509,16.3381683751886,60.857692703764,25
143.89901,1257.1637005175,-23.6717190848723,-23.6717190848723,16.3381683751914,60.8782476604893,25
143.99901,1257.16370051749,-23.6717190848506,-23.6717190848506,16.3381683751886,60.898797310788,25
144.09901,1257.1637005175,-23.671719084872,-23.671719084872,16.3381683751914,60.9193416560308,25
144.19901,1257.16370051748,-23.6717190848503,-23.6717190848503,16.3381683751886,60.9398806975865,25
144.29901,1257.1637005175,-23.6717190848717,-23.6717190848717,16.3381683751913,60.9604144368246,25
144.39901,1257.16370051748,-23.67171908485,-23.67171908485,16.3381683751885,60.980942875114,25
144.49901,1257.1637005175,-23.6717190848715,-23.6717190848715,16.3381683751913,61.001466013823,25
144.59901,1257.16370051748,-23.6717190848497,-23.6717190848497,16.3381683751885,61.0219838543202,25
144.69901,1257.1637005175,-23.6717190848713,-23.6717190848713,16.3381683751913,61.0424963979729,25
144.79901,1257.16370051748,-23.6717190848494,-23.6717190848494,16.3381683751885,61.0630036461489,25
144.89901,1257.16370051749,-23.6717190848709,-23.6717190848709,16.3381683751913,61.0835056002145,25
144.99901,1257.16370051748,-23.6717190848491,-23.6717190848491,16.3381683751884,61.1040022615369,25
145.09901,1257.16370051749,-23.6717190848705,-23.6717190848705,16.3381683751913,61.1244936314826,25
145.19901,1257.16370051747,-23.671719084849,-23.671719084849,16.3381683751885,61.144979711418,25
145.29901,1257.16370051749,-23.6717190848702,-23.6717190848702,16.3381683751912,61.1654605027082,25
145.39901,1257.16370051747,-23.6717190848486,-23.6717190848486,16.3381683751885,61.1859360067185,25
145.49901,1257.16370051749,-23.67171908487,-23.67171908487,16.3381683751913,61.2064062248135,25
145.59901,1257.16370051747,-23.6717190848484,-23.6717190848484,16.3381683751884,61.226871158359,25
145.69901,1257.16370051749,-23.6717190848697,-23.6717190848697,16.3381683751912,61.2473308087178,25
145.79901,1257.16370051747,-23.671719084848,-23.671719084848,16.3381683751883,61.2677851772547,25
145.89901,1257.16370051748,-23.6717190848695,-23.6717190848695,16.3381683751912,61.2882342653333,25
145.99901,1257.16370051747,-23.6717190848478,-23.6717190848478,16.3381683751883,61.3086780743159,25
146.09901,1257.16370051748,-23.671719084869,-23.671719084869,16.3381683751911,61.3291166055665,25
146.19901,1257.16370051746,-23.6717190848475,-23.6717190848475,16.3381683751882,61.3495498604468,25
146.29901,1257.16370051748,-23.6717190848688,-23.6717190848688,16.3381683751911,61.3699778403194,25
146.39901,1257.16370051746,-23.6717190848471,-23.6717190848471,16.3381683751883,61.3904005465459,25
146.49901,1257.16370051747,-23.6717190848686,-23.6717190848686,16.3381683751911,61.4108179804875,25
146.59901,1257.16370051746,-23.6717190848469,-23.6717190848469,16.3381683751883,61.4312301435052,25
146.69901,1257.16370051747,-23.6717190848683,-23.6717190848683,16.338168375191,61.4516370369608,25
146.79901,1257.16370051745,-23.6717190848465,-23.6717190848465,16.3381683751884,61.4720386622135,25
146.89901,1257.16370051747,-23.6717190848679,-23.6717190848679,16.338168375191,61.4924350206237,25
146.99901,1257.16370051745,-23.6717190848462,-23.6717190848462,16.3381683751883,61.5128261135507,25
147.09901,1257.16370051747,-23.6717190848675,-23.6717190848675,16.338168375191,61.5332119423546,25
147.19901,1257.16370051745,-23.671719084846,-23.671719084846,16.3381683751882,61.5535925083938,25
147.29901,1257.16370051747,-23.6717190848672,-23.6717190848672,16.338168375191,61.5739678130272,25
147.39901,1257.16370051745,-23.6717190848456,-23.6717190848456,16.3381683751881,61.5943378576132,25
147.49901,1257.16370051747,-23.6717190848668,-23.6717190848668,16.3381683751909,61.6147026435099,25
147.59901,1257.16370051745,-23.6717190848453,-23.6717190848453,16.338168375188,61.6350621720739,25
147.69901,1257.16370051746,-23.6717190848666,-23.6717190848666,16.3381683751909,61.6554164446632,25
147.79901,1257.16370051745,-23.6717190848449,-23.6717190848449,16.3381683751879,61.6757654626344,25
147.89901,1257.16370051746,-23.6717190848663,-23.6717190848663,16.3381683751908,61.6961092273436,25
147.99901,1257.16370051745,-23.6717190848446,-23.6717190848446,16.3381683751879,61.716447740148,25
148.09901,1257.16370051746,-23.671719084866,-23.671719084866,16.3381683751907,61.736781002403,25
148.19901,1257.16370051744,-23.6717190848443,-23.6717190848443,16.3381683751878,61.7571090154644,25
148.29901,1257.16370051746,-23.6717190848657,-23.6717190848657,16.3381683751906,61.7774317806867,25
148.39901,1257.16370051744,-23.671719084844,-23.671719084844,16.3381683751878,61.7977492994247,25
148.49901,1257.16370051746,-23.6717190848654,-23.6717190848654,16.3381683751905,61.818061573033,25
148.59901,1257.16370051744,-23.6717190848439,-23.6717190848439,16.3381683751878,61.8383686028655,25
148.69901,1257.16370051746,-23.6717190848651,-23.6717190848651,16.3381683751905,61.8586703902761,25
148.79901,1257.16370051744,-23.6717190848435,-23.6717190848435,16.3381683751879,61.8789669366188,25
148.89901,1257.16370051745,-23.671719084865,-23.671719084865,16.3381683751906,61.8992582432454,25
148.99901,1257.16370051743,-23.6717190848433,-23.6717190848433,16.3381683751879,61.9195443115092,25
149.09901,1257.16370051745,-23.6717190848647,-23.6717190848647,16.3381683751906,61.9398251427625,25
149.19901,1257.16370051743,-23.671719084843,-23.671719084843,16.3381683751879,61.9601007383572,25
149.29901,1257.16370051745,-23.6717190848645,-23.6717190848645,16.3381683751905,61.9803710996451,25
149.39901,1257.16370051743,-23.6717190848428,-23.6717190848428,16.3381683751878,62.0006362279775,25
149.49901,1257.16370051745,-23.6717190848642,-23.6717190848642,16.3381683751906,62.0208961247048,25
149.59901,1257.16370051743,-23.6717190848425,-23.6717190848425,16.3381683751878,62.0411507911779,25
149.69901,1257.16370051744,-23.6717190848639,-23.6717190848639,16.3381683751904,62.0614002287476,25
149.79901,1257.16370051743,-23.6717190848421,-23.6717190848421,16.3381683751876,62.0816444387631,25
149.89901,1257.16370051744,-23.6717190848636,-23.6717190848636,16.3381683751905,62.1018834225739,25
149.99901,1257.16370051742,-23.6717190848418,-23.6717190848418,16.3381683751876,62.1221171815297,25
150.09901,1257.16370051744,-23.6717190848632,-23.6717190848632,16.3381683751904,62.1423457169786,25
150.19901,1257.16370051742,-23.6717190848416,-23.6717190848416,16.3381683751876,62.16256903027,25
150.29901,1257.16370051744,-23.6717190848629,-23.6717190848629,16.3381683751903,62.1827871227517,25
150.39901,1257.16370051742,-23.6717190848413,-23.6717190848413,16.3381683751875,62.2029999957709,25
150.49901,1257.16370051744,-23.6717190848625,-23.6717190848625,16.3381683751902,62.2232076506758,25
150.59901,1257.16370051742,-23.6717190848411,-23.6717190848411,16.3381683751875,62.2434100888131,25
150.69901,1257.16370051744,-23.6717190848623,-23.6717190848623,16.3381683751902,62.2636073115294,25
150.79901,1257.16370051742,-23.6717190848406,-23.6717190848406,16.3381683751875,62.2837993201717,25
150.89901,1257.16370051743,-23.6717190848621,-23.6717190848621,16.3381683751902,62.3039861160857,25
150.99901,1257.16370051741,-23.6717190848404,-23.6717190848404,16.3381683751874,62.3241677006171,25
151.09901,1257.16370051743,-23.6717190848617,-23.6717190848617,16.3381683751903,62.3443440751107,25
151.19901,1257.16370051741,-23.6717190848401,-23.6717190848401,16.3381683751874,62.3645152409127,25
151.29901,1257.16370051743,-23.6717190848615,-23.6717190848615,16.3381683751903,62.3846811993672,25
151.39901,1257.16370051741,-23.6717190848398,-23.6717190848398,16.3381683751875,62.4048419518189,25
151.49901,1257.16370051743,-23.6717190848613,-23.6717190848613,16.3381683751902,62.4249974996113,25
151.59901,1257.16370051741,-23.6717190848395,-23.6717190848395,16.3381683751874,62.445147844088,25
151.69901,1257.16370051743,-23.671719084861,-23.671719084861,16.3381683751901,62.4652929865921,25
151.79901,1257.16370051741,-23.6717190848392,-23.6717190848392,16.3381683751874,62.4854329284672,25
151.89901,1257.16370051742,-23.6717190848607,-23.6717190848607,16.3381683751901,62.5055676710552,25
151.99901,1257.16370051741,-23.6717190848389,-23.6717190848389,16.3381683751873,62.5256972156987,25
152.09901,1257.16370051742,-23.6717190848603,-23.6717190848603,16.33816837519,62.5458215637392,25
152.19901,1257.1637005174,-23.6717190848387,-23.6717190848387,16.3381683751872,62.5659407165186,25
152.29901,1257.16370051742,-23.6717190848601,-23.6717190848601,16.33816837519,62.5860546753781,25
152.39901,1257.1637005174,-23.6717190848384,-23.6717190848384,16.3381683751872,62.6061634416584,25
152.49901,1257.16370051742,-23.6717190848598,-23.6717190848598,16.33816837519,62.6262670167001,25
152.59901,1257.1637005174,-23.6717190848381,-23.6717190848381,16.3381683751873,62.6463654018433,25
152.69901,1257.16370051742,-23.6717190848594,-23.6717190848594,16.3381683751899,62.6664585984281,25
152.79901,1257.1637005174,-23.6717190848378,-23.6717190848378,16.3381683751872,62.6865466077935,25
152.89901,1257.16370051741,-23.6717190848592,-23.6717190848592,16.33816837519,62.706629431279,25
152.99901,1257.1637005174,-23.6717190848375,-23.6717190848375,16.3381683751871,62.7267070702239,25
153.09901,1257.16370051741,-23.6717190848589,-23.6717190848589,16.3381683751899,62.7467795259653,25
153.19901,1257.1637005174,-23.6717190848371,-23.6717190848371,16.338168375187,62.7668467998421,25
153.29901,1257.16370051741,-23.6717190848585,-23.6717190848585,16.3381683751898,62.7869088931919,25
153.39901,1257.16370051739,-23.6717190848367,-23.6717190848367,16.338168375187,62.8069658073516,25
153.49901,1257.16370051741,-23.6717190848582,-23.6717190848582,16.3381683751897,62.8270175436592,25
153.59901,1257.16370051739,-23.6717190848364,-23.6717190848364,16.338168375187,62.8470641034509,25
153.69901,1257.16370051741,-23.6717190848577,-23.6717190848577,16.3381683751897,62.8671054880632,25
153.79901,1257.16370051739,-23.6717190848361,-23.6717190848361,16.3381683751869,62.8871416988322,25
153.89901,1257.16370051741,-23.6717190848574,-23.6717190848574,16.3381683751896,62.9071727370933,25
153.99901,1257.16370051739,-23.6717190848357,-23.6717190848357,16.3381683751867,62.927198604182,25
154.09901,1257.16370051741,-23.671719084857,-23.671719084857,16.3381683751896,62.9472193014335,25
154.19901,1257.16370051739,-23.6717190848354,-23.6717190848354,16.3381683751866,62.9672348301816,25
154.29901,1257.1637005174,-23.6717190848567,-23.6717190848567,16.3381683751895,62.9872451917616,25
154.39901,1257.16370051739,-23.6717190848351,-23.6717190848351,16.3381683751867,63.0072503875062,25
154.49901,1257.1637005174,-23.6717190848565,-23.6717190848565,16.3381683751894,63.0272504187502,25
154.59901,1257.16370051738,-23.6717190848348,-23.6717190848348,16.3381683751867,63.0472452868265,25
154.69901,1257.1637005174,-23.6717190848562,-23.6717190848562,16.3381683751894,63.0672349930679,25
154.79901,1257.16370051738,-23.6717190848345,-23.6717190848345,16.3381683751867,63.0872195388067,25
154.89901,1257.1637005174,-23.6717190848559,-23.6717190848559,16.3381683751894,63.1071989253749,25
154.99901,1257.16370051738,-23.6717190848343,-23.6717190848343,16.3381683751867,63.1271731541053,25
155.09901,1257.1637005174,-23.6717190848556,-23.6717190848556,16.3381683751894,63.1471422263291,25
155.19901,1257.16370051738,-23.671719084834,-23.671719084834,16.3381683751866,63.1671061433779,25
155.29901,1257.16370051739,-23.6717190848554,-23.6717190848554,16.3381683751894,63.187064906582,25
155.39901,1257.16370051738,-23.6717190848337,-23.6717190848337,16.3381683751865,63.2070185172718,25
155.49901,1257.16370051739,-23.6717190848552,-23.6717190848552,16.3381683751894,63.2269669767779,25
155.59901,1257.16370051737,-23.6717190848334,-23.6717190848334,16.3381683751864,63.2469102864299,25
155.69901,1257.16370051739,-23.6717190848548,-23.6717190848548,16.3381683751894,63.2668484475571,25
155.79901,1257.16370051737,-23.6717190848332,-23.6717190848332,16.3381683751864,63.2867814614888,25
155.89901,1257.16370051739,-23.6717190848545,-23.6717190848545,16.3381683751893,63.3067093295534,25
155.99901,1257.16370051737,-23.6717190848329,-23.6717190848329,16.3381683751863,63.3266320530799,25
156.09901,1257.16370051738,-23.6717190848542,-23.6717190848542,16.3381683751893,63.3465496333967,25
156.19901,1257.16370051737,-23.6717190848326,-23.6717190848326,16.3381683751863,63.3664620718307,25
156.29901,1257.16370051738,-23.6717190848539,-23.6717190848539,16.3381683751893,63.3863693697096,25
156.39901,1257.16370051737,-23.6717190848323,-23.6717190848323,16.3381683751862,63.4062715283608,25
156.49901,1257.16370051738,-23.6717190848536,-23.6717190848536,16.3381683751893,63.4261685491111,25
156.59901,1257.16370051737,-23.671719084832,-23.671719084832,16.3381683751862,63.4460604332863,25
156.69901,1257.16370051738,-23.6717190848533,-23.6717190848533,16.3381683751893,63.4659471822129,25
156.79901,1257.16370051736,-23.6717190848318,-23.6717190848318,16.3381683751862,63.4858287972168,25
156.89901,1257.16370051738,-23.6717190848529,-23.6717190848529,16.3381683751893,63.5057052796225,25
156.99901,1257.16370051736,-23.6717190848314,-23.6717190848314,16.3381683751862,63.5255766307559,25
157.09901,1257.16370051737,-23.6717190848527,-23.6717190848527,16.3381683751892,63.5454428519411,25
157.19901,1257.16370051736,-23.6717190848311,-23.6717190848311,16.3381683751861,63.5653039445027,25
157.29901,1257.16370051737,-23.6717190848524,-23.6717190848524,16.3381683751891,63.5851599097642,25
157.39901,1257.16370051736,-23.6717190848308,-23.6717190848308,16.3381683751861,63.6050107490502,25
157.49901,1257.16370051737,-23.6717190848522,-23.6717190848522,16.3381683751891,63.6248564636836,25
157.59901,1257.16370051736,-23.6717190848305,-23.6717190848305,16.338168375186,63.6446970549873,25
157.69901,1257.16370051737,-23.6717190848518,-23.6717190848518,16.338168375189,63.6645325242837,25
157.79901,1257.16370051735,-23.6717190848302,-23.6717190848302,16.338168375186,63.6843628728955,25
157.89901,1257.16370051737,-23.6717190848515,-23.6717190848515,16.338168375189,63.7041881021443,25
157.99901,1257.16370051735,-23.6717190848301,-23.6717190848301,16.338168375186,63.7240082133522,25
158.09901,1257.16370051736,-23.6717190848514,-23.6717190848514,16.338168375189,63.7438232078403,25
158.19901,1257.16370051735,-23.6717190848298,-23.6717190848298,16.338168375186,63.7636330869291,25
158.29901,1257.16370051736,-23.6717190848511,-23.6717190848511,16.338168375189,63.7834378519389,25
158.39901,1257.16370051735,-23.6717190848296,-23.6717190848296,16.338168375186,63.8032375041911,25
158.49901,1257.16370051736,-23.6717190848508,-23.6717190848508,16.338168375189,63.8230320450049,25
158.59901,1257.16370051734,-23.6717190848293,-23.6717190848293,16.3381683751861,63.8428214756996,25
158.69901,1257.16370051736,-23.6717190848506,-23.6717190848506,16.338168375189,63.8626057975943,25
158.79901,1257.16370051734,-23.671719084829,-23.671719084829,16.338168375186,63.8823850120089,25
158.89901,1257.16370051736,-23.6717190848503,-23.6717190848503,16.338168375189,63.9021591202612,25
158.99901,1257.16370051734,-23.6717190848287,-23.6717190848287,16.338168375186,63.9219281236697,25
159.09901,1257.16370051735,-23.6717190848501,-23.6717190848501,16.338168375189,63.9416920235519,25
159.19901,1257.16370051734,-23.6717190848285,-23.6717190848285,16.338168375186,63.9614508212257,25
159.29901,1257.16370051735,-23.6717190848499,-23.6717190848499,16.3381683751889,63.9812045180077,25
159.39901,1257.16370051734,-23.6717190848281,-23.6717190848281,16.3381683751859,64.0009531152155,25
159.49901,1257.16370051735,-23.6717190848495,-23.6717190848495,16.3381683751888,64.0206966141648,25
159.59901,1257.16370051733,-23.6717190848277,-23.6717190848277,16.3381683751859,64.0404350161734,25
159.69901,1257.16370051735,-23.6717190848492,-23.6717190848492,16.3381683751888,64.060168322555,25
159.79901,1257.16370051733,-23.6717190848275,-23.6717190848275,16.3381683751859,64.0798965346255,25
159.89901,1257.16370051735,-23.6717190848489,-23.6717190848489,16.3381683751888,64.0996196537016,25
159.99901,1257.16370051733,-23.6717190848272,-23.6717190848272,16.3381683751858,64.1193376810965,25
160.09901,1257.16370051734,-23.6717190848485,-23.6717190848485,16.3381683751887,64.139050618125,25
160.19901,1257.16370051733,-23.6717190848269,-23.6717190848269,16.3381683751858,64.1587584661011,25
160.29901,1257.16370051734,-23.6717190848482,-23.6717190848482,16.3381683751887,64.1784612263395,25
160.39901,1257.16370051733,-23.6717190848266,-23.6717190848266,16.3381683751858,64.1981589001525,25
160.49901,1257.16370051734,-23.671719084848,-23.671719084848,16.3381683751887,64.2178514888542,25
160.59901,1257.16370051732,-23.6717190848262,-23.6717190848262,16.3381683751858,64.2375389937561,25
160.69901,1257.16370051734,-23.6717190848477,-23.6717190848477,16.3381683751886,64.257221416172,25
160.79901,1257.16370051732,-23.6717190848259,-23.6717190848259,16.3381683751857,64.2768987574128,25
160.89901,1257.16370051734,-23.6717190848474,-23.6717190848474,16.3381683751886,64.296571018791,25
160.99901,1257.16370051732,-23.6717190848255,-23.6717190848255,16.3381683751858,64.3162382016191,25
161.09901,1257.16370051733,-23.6717190848471,-23.6717190848471,16.3381683751885,64.3359003072065,25
161.19901,1257.16370051732,-23.6717190848253,-23.6717190848253,16.3381683751857,64.3555573368641,25
161.29901,1257.16370051733,-23.6717190848468,-23.6717190848468,16.3381683751885,64.3752092919031,25
161.39901,1257.16370051732,-23.671719084825,-23.671719084825,16.3381683751856,64.3948561736323,25
161.49901,1257.16370051733,-23.6717190848464,-23.6717190848464,16.3381683751884,64.4144979833615,25
161.59901,1257.16370051731,-23.6717190848247,-23.6717190848247,16.3381683751855,64.4341347224008,25
161.69901,1257.16370051733,-23.6717190848461,-23.6717190848461,16.3381683751883,64.4537663920597,25
161.79901,1257.16370051731,-23.6717190848243,-23.6717190848243,16.3381683751855,64.4733929936462,25
161.89901,1257.16370051733,-23.6717190848458,-23.6717190848458,16.3381683751883,64.4930145284685,25
161.99901,1257.16370051731,-23.671719084824,-23.671719084824,16.3381683751854,64.5126309978347,25
162.09901,1257.16370051733,-23.6717190848455,-23.6717190848455,16.3381683751883,64.532242403053,25
162.19901,1257.16370051731,-23.6717190848237,-23.6717190848237,16.3381683751854,64.5518487454301,25
162.29901,1257.16370051732,-23.6717190848453,-23.6717190848453,16.3381683751883,64.5714500262732,25
162.39901,1257.16370051731,-23.6717190848234,-23.6717190848234,16.3381683751853,64.5910462468896,25
162.49901,1257.16370051732,-23.6717190848449,-23.6717190848449,16.3381683751882,64.6106374085849,25
162.59901,1257.16370051731,-23.6717190848231,-23.6717190848231,16.3381683751854,64.6302235126665,25
162.69901,1257.16370051732,-23.6717190848446,-23.6717190848446,16.3381683751882,64.649804560438,25
162.79901,1257.1637005173,-23.6717190848228,-23.6717190848228,16.3381683751853,64.6693805532062,25
162.89901,1257.16370051732,-23.6717190848443,-23.6717190848443,16.3381683751882,64.6889514922751,25
162.99901,1257.1637005173,-23.6717190848224,-23.6717190848224,16.3381683751852,64.7085173789494,25
163.09901,1257.16370051732,-23.6717190848439,-23.6717190848439,16.3381683751881,64.7280782145347,25
163.19901,1257.1637005173,-23.6717190848221,-23.6717190848221,16.3381683751851,64.7476340003342,25
163.29901,1257.16370051732,-23.6717190848436,-23.6717190848436,16.3381683751881,64.7671847376503,25
163.39901,1257.1637005173,-23.6717190848218,-23.6717190848218,16.3381683751851,64.7867304277879,25
163.49901,1257.16370051731,-23.6717190848433,-23.6717190848433,16.338168375188,64.8062710720493,25
163.59901,1257.1637005173,-23.6717190848215,-23.6717190848215,16.338168375185,64.8258066717382,25
163.69901,1257.16370051731,-23.6717190848429,-23.6717190848429,16.338168375188,64.8453372281556,25
163.79901,1257.16370051729,-23.6717190848212,-23.6717190848212,16.338168375185,64.864862742604,25
163.89901,1257.16370051731,-23.6717190848426,-23.6717190848426,16.338168375188,64.8843832163849,25
163.99901,1257.16370051729,-23.6717190848209,-23.6717190848209,16.3381683751851,64.9038986507996,25
164.09901,1257.16370051731,-23.6717190848423,-23.6717190848423,16.3381683751879,64.9234090471491,25
164.19901,1257.16370051729,-23.6717190848207,-23.6717190848207,16.338168375185,64.9429144067336,25
164.29901,1257.16370051731,-23.671719084842,-23.671719084842,16.3381683751878,64.9624147308546,25
164.39901,1257.16370051729,-23.6717190848203,-23.6717190848203,16.338168375185,64.9819100208103,25
164.49901,1257.1637005173,-23.6717190848416,-23.6717190848416,16.3381683751878,65.0014002779009,25
164.59901,1257.16370051729,-23.67171908482,-23.67171908482,16.3381683751849,65.0208855034272,25
164.69901,1257.1637005173,-23.6717190848413,-23.6717190848413,16.3381683751877,65.0403656986862,25
164.79901,1257.16370051728,-23.6717190848197,-23.6717190848197,16.3381683751849,65.0598408649763,25
164.89901,1257.1637005173,-23.6717190848411,-23.6717190848411,16.3381683751877,65.0793110035978,25
164.99901,1257.16370051728,-23.6717190848194,-23.6717190848194,16.3381683751849,65.0987761158478,25
165.09901,1257.1637005173,-23.6717190848408,-23.6717190848408,16.3381683751877,65.1182362030233,25
165.19901,1257.16370051728,-23.6717190848192,-23.6717190848192,16.3381683751848,65.1376912664222,25
165.29901,1257.1637005173,-23.6717190848406,-23.6717190848406,16.3381683751877,65.1571413073407,25
165.39901,1257.16370051728,-23.671719084819,-23.671719084819,16.3381683751848,65.1765863270757,25
165.49901,1257.16370051729,-23.6717190848402,-23.6717190848402,16.3381683751876,65.1960263269241,25
165.59901,1257.16370051728,-23.6717190848186,-23.6717190848186,16.3381683751848,65.2154613081811,25
165.69901,1257.16370051729,-23.67171908484,-23.67171908484,16.3381683751875,65.2348912721424,25
165.79901,1257.16370051728,-23.6717190848182,-23.6717190848182,16.3381683751847,65.2543162201038,25
165.89901,1257.16370051729,-23.6717190848396,-23.6717190848396,16.3381683751875,65.273736153359,25
165.99901,1257.16370051727,-23.6717190848179,-23.6717190848179,16.3381683751847,65.2931510732039,25
166.09901,1257.16370051729,-23.6717190848393,-23.6717190848393,16.3381683751875,65.3125609809321,25
166.19901,1257.16370051727,-23.6717190848176,-23.6717190848176,16.3381683751846,65.3319658778374,25
166.29901,1257.16370051729,-23.671719084839,-23.671719084839,16.3381683751874,65.3513657652132,25
166.39901,1257.16370051727,-23.6717190848173,-23.6717190848173,16.3381683751847,65.370760644353,25
166.49901,1257.16370051729,-23.6717190848387,-23.6717190848387,16.3381683751874,65.3901505165505,25
166.59901,1257.16370051727,-23.6717190848169,-23.6717190848169,16.3381683751846,65.4095353830977,25
166.69901,1257.16370051728,-23.6717190848383,-23.6717190848383,16.3381683751874,65.4289152452871,25
166.79901,1257.16370051727,-23.6717190848167,-23.6717190848167,16.3381683751845,65.4482901044096,25
166.89901,1257.16370051728,-23.671719084838,-23.671719084838,16.3381683751874,65.4676599617583,25
166.99901,1257.16370051727,-23.6717190848163,-23.6717190848163,16.3381683751844,65.4870248186235,25
167.09901,1257.16370051728,-23.6717190848377,-23.6717190848377,16.3381683751874,65.5063846762958,25
167.19901,1257.16370051726,-23.671719084816,-23.671719084816,16.3381683751843,65.5257395360664,25
167.29901,1257.16370051728,-23.6717190848374,-23.6717190848374,16.3381683751873,65.5450893992253,25
167.39901,1257.16370051726,-23.6717190848157,-23.6717190848157,16.3381683751843,65.5644342670633,25
167.49901,1257.16370051728,-23.6717190848371,-23.6717190848371,16.3381683751871,65.5837741408693,25
167.59901,1257.16370051726,-23.6717190848155,-23.6717190848155,16.3381683751843,65.6031090219318,25
167.69901,1257.16370051727,-23.6717190848368,-23.6717190848368,16.3381683751871,65.6224389115406,25
167.79901,1257.16370051726,-23.6717190848151,-23.6717190848151,16.3381683751843,65.6417638109826,25
167.89901,1257.16370051727,-23.6717190848366,-23.6717190848366,16.338168375187,65.6610837215493,25
167.99901,1257.16370051726,-23.6717190848148,-23.6717190848148,16.3381683751843,65.6803986445264,25
168.09901,1257.16370051727,-23.6717190848362,-23.6717190848362,16.3381683751869,65.6997085812016,25
168.19901,1257.16370051725,-23.6717190848145,-23.6717190848145,16.3381683751842,65.7190135328623,25
168.29901,1257.16370051727,-23.671719084836,-23.671719084836,16.338168375187,65.7383135007954,25
168.39901,1257.16370051725,-23.6717190848142,-23.6717190848142,16.3381683751842,65.7576084862883,25
168.49901,1257.16370051727,-23.6717190848356,-23.6717190848356,16.338168375187,65.7768984906269,25
168.59901,1257.16370051725,-23.6717190848138,-23.6717190848138,16.3381683751841,65.7961835150959,25
168.69901,1257.16370051727,-23.6717190848353,-23.6717190848353,16.338168375187,65.815463560982,25
168.79901,1257.16370051725,-23.6717190848136,-23.6717190848136,16.3381683751841,65.8347386295701,25
168.89901,1257.16370051726,-23.6717190848349,-23.6717190848349,16.3381683751869,65.8540087221447,25
168.99901,1257.16370051725,-23.6717190848132,-23.6717190848132,16.338168375184,65.873273839992,25
169.09901,1257.16370051726,-23.6717190848347,-23.6717190848347,16.3381683751869,65.8925339843954,25
169.19901,1257.16370051725,-23.6717190848129,-23.6717190848129,16.3381683751839,65.9117891566388,25
169.29901,1257.16370051726,-23.6717190848344,-23.6717190848344,16.3381683751868,65.9310393580056,25
169.39901,1257.16370051724,-23.6717190848126,-23.6717190848126,16.3381683751839,65.9502845897785,25
169.49901,1257.16370051726,-23.6717190848342,-23.6717190848342,16.3381683751868,65.9695248532415,25
169.59901,1257.16370051724,-23.6717190848123,-23.6717190848123,16.3381683751839,65.9887601496774,25
169.69901,1257.16370051726,-23.6717190848339,-23.6717190848339,16.3381683751868,66.0079904803678,25
169.79901,1257.16370051724,-23.6717190848121,-23.6717190848121,16.3381683751838,66.0272158465947,25
169.89901,1257.16370051725,-23.6717190848336,-23.6717190848336,16.3381683751867,66.04643624964,25
169.99901,1257.16370051724,-23.6717190848117,-23.6717190848117,16.3381683751838,66.0656516907844,25
170.09901,1257.16370051725,-23.6717190848333,-23.6717190848333,16.3381683751867,66.0848621713095,25
170.19901,1257.16370051724,-23.6717190848115,-23.6717190848115,16.3381683751838,66.1040676924957,25
170.29901,1257.16370051725,-23.671719084833,-23.671719084833,16.3381683751867,66.1232682556224,25
170.39901,1257.16370051724,-23.6717190848113,-23.6717190848113,16.3381683751838,66.1424638619712,25
170.49901,1257.16370051725,-23.6717190848328,-23.6717190848328,16.3381683751867,66.1616545128209,25
170.59901,1257.16370051723,-23.671719084811,-23.671719084811,16.3381683751837,66.1808402094513,25
170.69901,1257.16370051725,-23.6717190848324,-23.6717190848324,16.3381683751867,66.2000209531405,25
170.79901,1257.16370051723,-23.6717190848108,-23.6717190848108,16.3381683751837,66.219196745168,25
170.89901,1257.16370051724,-23.6717190848322,-23.6717190848322,16.3381683751867,66.2383675868113,25
170.99901,1257.16370051723,-23.6717190848106,-23.6717190848106,16.3381683751838,66.2575334793482,25
171.09901,1257.16370051724,-23.6717190848319,-23.6717190848319,16.3381683751866,66.2766944240574,25
171.19901,1257.16370051722,-23.6717190848103,-23.6717190848103,16.3381683751838,66.2958504222152,25
171.29901,1257.16370051724,-23.6717190848316,-23.6717190848316,16.3381683751866,66.3150014750995,25
171.39901,1257.16370051722,-23.67171908481,-23.67171908481,16.3381683751837,66.3341475839871,25
171.49901,1257.16370051724,-23.6717190848313,-23.6717190848313,16.3381683751865,66.3532887501534,25
171.59901,1257.16370051722,-23.6717190848096,-23.6717190848096,16.3381683751836,66.3724249748745,25
171.69901,1257.16370051724,-23.6717190848311,-23.6717190848311,16.3381683751864,66.3915562594268,25
171.79901,1257.16370051722,-23.6717190848094,-23.6717190848094,16.3381683751836,66.4106826050854,25
171.89901,1257.16370051724,-23.6717190848307,-23.6717190848307,16.3381683751865,66.4298040131252,25
171.99901,1257.16370051722,-23.6717190848091,-23.6717190848091,16.3381683751836,66.4489204848197,25
172.09901,1257.16370051723,-23.6717190848304,-23.6717190848304,16.3381683751864,66.4680320214446,25
172.19901,1257.16370051722,-23.6717190848088,-23.6717190848088,16.3381683751836,66.4871386242737,25
172.29901,1257.16370051723,-23.6717190848302,-23.6717190848302,16.3381683751863,66.5062402945805,25
172.39901,1257.16370051722,-23.6717190848085,-23.6717190848085,16.3381683751835,66.5253370336389,25
172.49901,1257.16370051723,-23.67171908483,-23.67171908483,16.3381683751864,66.5444288427224,25
172.59901,1257.16370051721,-23.6717190848081,-23.6717190848081,16.3381683751835,66.5635157231018,25
172.69901,1257.16370051723,-23.6717190848296,-23.6717190848296,16.3381683751863,66.5825976760505,25
172.79901,1257.16370051721,-23.6717190848078,-23.6717190848078,16.3381683751834,66.6016747028415,25
172.89901,1257.16370051723,-23.6717190848293,-23.6717190848293,16.3381683751862,66.6207468047455,25
172.99901,1257.16370051721,-23.6717190848076,-23.6717190848076,16.3381683751834,66.639813983034,25
173.09901,1257.16370051722,-23.671719084829,-23.671719084829,16.3381683751862,66.6588762389778,25
173.19901,1257.16370051721,-23.6717190848073,-23.6717190848073,16.3381683751833,66.6779335738484,25
173.29901,1257.16370051722,-23.6717190848287,-23.6717190848287,16.3381683751862,66.6969859889162,25
173.39901,1257.1637005172,-23.6717190848071,-23.6717190848071,16.3381683751833,66.7160334854503,25
173.49901,1257.16370051722,-23.6717190848284,-23.6717190848284,16.3381683751862,66.7350760647218,25
173.59901,1257.1637005172,-23.6717190848068,-23.6717190848068,16.3381683751833,66.7541137279986,25
173.69901,1257.16370051722,-23.6717190848281,-23.6717190848281,16.3381683751861,66.7731464765508,25
173.79901,1257.1637005172,-23.6717190848065,-23.6717190848065,16.3381683751833,66.7921743116476,25
173.89901,1257.16370051722,-23.6717190848279,-23.6717190848279,16.3381683751862,66.8111972345566,25
173.99901,1257.1637005172,-23.6717190848062,-23.6717190848062,16.3381683751832,66.8302152465465,25
174.09901,1257.16370051721,-23.6717190848274,-23.6717190848274,16.3381683751861,66.8492283488836,25
174.19901,1257.1637005172,-23.6717190848058,-23.6717190848058,16.3381683751832,66.8682365428366,25
174.29901,1257.16370051721,-23.6717190848272,-23.6717190848272,16.338168375186,66.887239829673,25
174.39901,1257.16370051719,-23.6717190848055,-23.6717190848055,16.3381683751832,66.906238210659,25
174.49901,1257.16370051721,-23.6717190848268,-23.6717190848268,16.338168375186,66.9252316870615,25
174.59901,1257.16370051719,-23.6717190848053,-23.6717190848053,16.3381683751831,66.9442202601466,25
174.69901,1257.16370051721,-23.6717190848266,-23.6717190848266,16.338168375186,66.9632039311797,25
174.79901,1257.16370051719,-23.671719084805,-23.671719084805,16.3381683751831,66.9821827014266,25
174.89901,1257.16370051721,-23.6717190848264,-23.6717190848264,16.3381683751859,67.0011565721518,25
174.99901,1257.16370051719,-23.6717190848047,-23.6717190848047,16.3381683751831,67.0201255446213,25
175.09901,1257.1637005172,-23.671719084826,-23.671719084826,16.3381683751859,67.0390896200993,25
175.19901,1257.16370051719,-23.6717190848045,-23.6717190848045,16.338168375183,67.0580487998498,25
175.29901,1257.1637005172,-23.6717190848257,-23.6717190848257,16.3381683751858,67.0770030851368,25
175.39901,1257.16370051718,-23.6717190848041,-23.6717190848041,16.338168375183,67.0959524772232,25
175.49901,1257.1637005172,-23.6717190848255,-23.6717190848255,16.3381683751857,67.1148969773727,25
175.59901,1257.16370051718,-23.6717190848038,-23.6717190848038,16.338168375183,67.1338365868481,25
175.69901,1257.1637005172,-23.6717190848251,-23.6717190848251,16.3381683751856,67.152771306912,25
175.79901,1257.16370051718,-23.6717190848034,-23.6717190848034,16.3381683751829,67.171701138827,25
175.89901,1257.1637005172,-23.6717190848249,-23.6717190848249,16.3381683751856,67.1906260838546,25
175.99901,1257.16370051718,-23.6717190848031,-23.6717190848031,16.3381683751829,67.2095461432576,25
176.09901,1257.1637005172,-23.6717190848247,-23.6717190848247,16.3381683751856,67.2284613182949,25
176.19901,1257.16370051718,-23.6717190848028,-23.6717190848028,16.3381683751828,67.2473716102287,25
176.29901,1257.1637005172,-23.6717190848243,-23.6717190848243,16.3381683751855,67.2662770203197,25
176.39901,1257.16370051718,-23.6717190848024,-23.6717190848024,16.3381683751828,67.285177549828,25
176.49901,1257.16370051719,-23.6717190848239,-23.6717190848239,16.3381683751854,67.3040732000142,25
176.59901,1257.16370051718,-23.6717190848021,-23.6717190848021,16.3381683751827,67.3229639721375,25
176.69901,1257.16370051719,-23.6717190848237,-23.6717190848237,16.3381683751854,67.3418498674574,25
176.79901,1257.16370051717,-23.6717190848019,-23.6717190848019,16.3381683751827,67.3607308872326,25
176.89901,1257.16370051719,-23.6717190848234,-23.6717190848234,16.3381683751854,67.3796070327215,25
176.99901,1257.16370051717,-23.6717190848016,-23.6717190848016,16.3381683751827,67.3984783051825,25
177.09901,1257.16370051719,-23.6717190848231,-23.6717190848231,16.3381683751854,67.4173447058728,25
177.19901,1257.16370051717,-23.6717190848013,-23.6717190848013,16.3381683751826,67.4362062360517,25
177.29901,1257.16370051718,-23.6717190848229,-23.6717190848229,16.3381683751854,67.4550628969763,25
177.39901,1257.16370051717,-23.6717190848011,-23.6717190848011,16.3381683751826,67.4739146899028,25
177.49901,1257.16370051718,-23.6717190848225,-23.6717190848225,16.3381683751853,67.4927616160892,25
177.59901,1257.16370051716,-23.6717190848008,-23.6717190848008,16.3381683751826,67.5116036767904,25
177.69901,1257.16370051718,-23.6717190848222,-23.6717190848222,16.3381683751853,67.530440873264,25
177.79901,1257.16370051716,-23.6717190848005,-23.6717190848005,16.3381683751825,67.5492732067647,25
177.89901,1257.16370051718,-23.6717190848219,-23.6717190848219,16.3381683751855,67.568100678548,25
177.99901,1257.16370051716,-23.6717190848002,-23.6717190848002,16.3381683751825,67.5869232898691,25
178.09901,1257.16370051718,-23.6717190848217,-23.6717190848217,16.3381683751854,67.6057410419825,25
178.19901,1257.16370051716,-23.6717190848,-23.6717190848,16.3381683751825,67.6245539361429,25
178.29901,1257.16370051717,-23.6717190848214,-23.6717190848214,16.3381683751854,67.6433619736045,25
178.39901,1257.16370051716,-23.6717190847998,-23.6717190847998,16.3381683751825,67.6621651556211,25
178.49901,1257.16370051717,-23.6717190848212,-23.6717190848212,16.3381683751854,67.6809634834463,25
178.59901,1257.16370051715,-23.6717190847994,-23.6717190847994,16.3381683751825,67.6997569583328,25
178.69901,1257.16370051717,-23.6717190848209,-23.6717190848209,16.3381683751852,67.718545581534,25
178.79901,1257.16370051715,-23.6717190847992,-23.6717190847992,16.3381683751825,67.7373293543018,25
178.89901,1257.16370051717,-23.6717190848206,-23.6717190848206,16.3381683751853,67.7561082778891,25
178.99901,1257.16370051715,-23.6717190847988,-23.6717190847988,16.3381683751824,67.7748823535469,25
179.09901,1257.16370051717,-23.6717190848203,-23.6717190848203,16.3381683751852,67.7936515825272,25
179.19901,1257.16370051715,-23.6717190847986,-23.6717190847986,16.3381683751823,67.812415966081,25
179.29901,1257.16370051716,-23.6717190848198,-23.6717190848198,16.3381683751851,67.8311755054596,25
179.39901,1257.16370051715,-23.6717190847982,-23.6717190847982,16.3381683751823,67.8499302019138,25
179.49901,1257.16370051716,-23.6717190848196,-23.6717190848196,16.3381683751851,67.8686800566932,25
179.59901,1257.16370051714,-23.671719084798,-23.671719084798,16.3381683751823,67.887425071047,25
179.69901,1257.16370051716,-23.6717190848193,-23.6717190848193,16.3381683751852,67.9061652462264,25
179.79901,1257.16370051714,-23.6717190847977,-23.6717190847977,16.3381683751823,67.9249005834793,25
179.89901,1257.16370051716,-23.671719084819,-23.671719084819,16.338168375185,67.9436310840556,25
179.99901,1257.16370051714,-23.6717190847974,-23.6717190847974,16.3381683751823,67.9623567492038,25
180.09901,1257.16370051716,-23.6717190848187,-23.6717190848187,16.338168375185,67.9810775801722,25
180.19901,1257.16370051714,-23.671719084797,-23.671719084797,16.3381683751822,67.9997935782088,25
180.29901,1257.16370051715,-23.6717190848183,-23.6717190848183,16.338168375185,68.0185047445601,25
180.39901,1257.16370051714,-23.6717190847968,-23.6717190847968,16.3381683751822,68.0372110804745,25
180.49901,1257.16370051715,-23.671719084818,-23.671719084818,16.3381683751849,68.0559125871997,25
180.59901,1257.16370051714,-23.6717190847966,-23.6717190847966,16.338168375182,68.0746092659821,25
180.69901,1257.16370051715,-23.6717190848177,-23.6717190848177,16.3381683751849,68.0933011180668,25
180.79901,1257.16370051714,-23.6717190847962,-23.6717190847962,16.3381683751819,68.1119881447005,25
180.89901,1257.16370051715,-23.6717190848175,-23.6717190848175,16.3381683751848,68.1306703471293,25
180.99901,1257.16370051713,-23.6717190847958,-23.6717190847958,16.3381683751819,68.1493477265977,25
181.09901,1257.16370051715,-23.6717190848171,-23.6717190848171,16.3381683751848,68.1680202843513,25
181.19901,1257.16370051713,-23.6717190847955,-23.6717190847955,16.3381683751818,68.1866880216357,25
181.29901,1257.16370051715,-23.6717190848168,-23.6717190848168,16.3381683751848,68.205350939694,25
181.39901,1257.16370051713,-23.6717190847953,-23.6717190847953,16.3381683751819,68.2240090397711,25
181.49901,1257.16370051714,-23.6717190848166,-23.6717190848166,16.3381683751847,68.2426623231114,25
181.59901,1257.16370051713,-23.671719084795,-23.671719084795,16.3381683751819,68.261310790958,25
181.69901,1257.16370051714,-23.6717190848162,-23.6717190848162,16.3381683751847,68.2799544445529,25
181.79901,1257.16370051712,-23.6717190847947,-23.6717190847947,16.3381683751818,68.2985932851397,25
181.89901,1257.16370051714,-23.6717190848159,-23.6717190848159,16.3381683751847,68.3172273139615,25
181.99901,1257.16370051712,-23.6717190847943,-23.6717190847943,16.3381683751817,68.3358565322599,25
182.09901,1257.16370051714,-23.6717190848156,-23.6717190848156,16.3381683751846,68.3544809412762,25
182.19901,1257.16370051712,-23.6717190847941,-23.6717190847941,16.3381683751817,68.3731005422527,25
182.29901,1257.16370051714,-23.6717190848152,-23.6717190848152,16.3381683751846,68.3917153364308,25
182.39901,1257.16370051712,-23.6717190847938,-23.6717190847938,16.3381683751817,68.4103253250518,25
182.49901,1257.16370051713,-23.671719084815,-23.671719084815,16.3381683751845,68.4289305093543,25
182.59901,1257.16370051712,-23.6717190847933,-23.6717190847933,16.3381683751816,68.44753089058,25
182.69901,1257.16370051713,-23.6717190848147,-23.6717190848147,16.3381683751844,68.4661264699696,25
182.79901,1257.16370051712,-23.6717190847929,-23.6717190847929,16.3381683751815,68.4847172487616,25
182.89901,1257.16370051713,-23.6717190848144,-23.6717190848144,16.3381683751844,68.5033032281963,25
182.99901,1257.16370051711,-23.6717190847925,-23.6717190847925,16.3381683751815,68.5218844095116,25
183.09901,1257.16370051713,-23.671719084814,-23.671719084814,16.3381683751843,68.5404607939463,25
183.19901,1257.16370051711,-23.6717190847922,-23.6717190847922,16.3381683751815,68.5590323827385,25
183.29901,1257.16370051713,-23.6717190848138,-23.6717190848138,16.3381683751844,68.5775991771276,25
183.39901,1257.16370051711,-23.671719084792,-23.671719084792,16.3381683751815,68.5961611783499,25
183.49901,1257.16370051712,-23.6717190848135,-23.6717190848135,16.3381683751843,68.6147183876436,25
183.59901,1257.16370051711,-23.6717190847917,-23.6717190847917,16.3381683751814,68.633270806245,25
183.69901,1257.16370051712,-23.6717190848131,-23.6717190848131,16.3381683751844,68.6518184353918,25
183.79901,1257.1637005171,-23.6717190847913,-23.6717190847913,16.3381683751813,68.6703612763189,25
183.89901,1257.16370051712,-23.6717190848129,-23.6717190848129,16.3381683751843,68.6888993302644,25
183.99901,1257.1637005171,-23.671719084791,-23.671719084791,16.3381683751813,68.7074325984632,25
184.09901,1257.16370051712,-23.6717190848126,-23.6717190848126,16.3381683751843,68.7259610821512,25
184.19901,1257.1637005171,-23.6717190847906,-23.6717190847906,16.3381683751813,68.7444847825627,25
184.29901,1257.16370051712,-23.6717190848123,-23.6717190848123,16.3381683751843,68.7630037009332,25
184.39901,1257.1637005171,-23.6717190847902,-23.6717190847902,16.3381683751812,68.7815178384976,25
184.49901,1257.16370051711,-23.6717190848119,-23.6717190848119,16.3381683751842,68.8000271964886,25
184.59901,1257.1637005171,-23.67171908479,-23.67171908479,16.3381683751812,68.8185317761407,25
184.69901,1257.16370051711,-23.6717190848116,-23.6717190848116,16.3381683751841,68.8370315786893,25
184.79901,1257.1637005171,-23.6717190847898,-23.6717190847898,16.3381683751811,68.8555266053656,25
184.89901,1257.16370051711,-23.6717190848114,-23.6717190848114,16.3381683751842,68.8740168574033,25
184.99901,1257.16370051709,-23.6717190847895,-23.6717190847895,16.3381683751811,68.892502336036,25
185.09901,1257.16370051711,-23.671719084811,-23.671719084811,16.3381683751841,68.9109830424937,25
185.19901,1257.16370051709,-23.6717190847892,-23.6717190847892,16.3381683751811,68.9294589780091,25
185.29901,1257.16370051711,-23.6717190848106,-23.6717190848106,16.3381683751841,68.9479301438138,25
185.39901,1257.16370051709,-23.6717190847889,-23.6717190847889,16.3381683751811,68.96639654114,25
185.49901,1257.16370051711,-23.6717190848103,-23.6717190848103,16.3381683751841,68.9848581712183,25
185.59901,1257.16370051709,-23.6717190847886,-23.6717190847886,16.3381683751811,69.0033150352789,25
185.69901,1257.1637005171,-23.67171908481,-23.67171908481,16.3381683751841,69.0217671345528,25
185.79901,1257.16370051709,-23.6717190847882,-23.6717190847882,16.338168375181,69.0402144702701,25
185.89901,1257.1637005171,-23.6717190848097,-23.6717190848097,16.3381683751841,69.0586570436595,25
185.99901,1257.16370051708,-23.6717190847879,-23.6717190847879,16.338168375181,69.0770948559529,25
186.09901,1257.1637005171,-23.6717190848094,-23.6717190848094,16.338168375184,69.0955279083769,25
186.19901,1257.16370051708,-23.6717190847876,-23.6717190847876,16.3381683751809,69.1139562021608,25
186.29901,1257.1637005171,-23.6717190848091,-23.6717190848091,16.3381683751839,69.1323797385345,25
186.39901,1257.16370051708,-23.6717190847873,-23.6717190847873,16.3381683751809,69.1507985187241,25
186.49901,1257.1637005171,-23.6717190848088,-23.6717190848088,16.3381683751838,69.1692125439597,25
186.59901,1257.16370051708,-23.671719084787,-23.671719084787,16.3381683751809,69.1876218154673,25
186.69901,1257.16370051709,-23.6717190848086,-23.6717190848086,16.3381683751837,69.206026334475,25
186.79901,1257.16370051708,-23.6717190847867,-23.6717190847867,16.3381683751809,69.224426102208,25
186.89901,1257.16370051709,-23.6717190848083,-23.6717190848083,16.3381683751837,69.2428211198941,25
186.99901,1257.16370051707,-23.6717190847865,-23.6717190847865,16.3381683751808,69.2612113887604,25
187.09901,1257.16370051709,-23.671719084808,-23.671719084808,16.3381683751838,69.2795969100317,25
187.19901,1257.16370051707,-23.6717190847863,-23.6717190847863,16.3381683751808,69.2979776849335,25
187.29901,1257.16370051709,-23.6717190848078,-23.6717190848078,16.3381683751837,69.3163537146916,25
187.39901,1257.16370051707,-23.671719084786,-23.671719084786,16.3381683751808,69.3347250005309,25
187.49901,1257.16370051708,-23.6717190848075,-23.6717190848075,16.3381683751837,69.3530915436765,25
187.59901,1257.16370051707,-23.6717190847858,-23.6717190847858,16.3381683751808,69.3714533453518,25
187.69901,1257.16370051708,-23.671719084807,-23.671719084807,16.3381683751836,69.3898104067819,25
187.79901,1257.16370051707,-23.6717190847854,-23.6717190847854,16.3381683751808,69.4081627291891,25
187.89901,1257.16370051708,-23.6717190848067,-23.6717190848067,16.3381683751835,69.4265103137984,25
187.99901,1257.16370051706,-23.6717190847852,-23.6717190847852,16.3381683751807,69.4448531618322,25
188.09901,1257.16370051708,-23.6717190848065,-23.6717190848065,16.3381683751835,69.463191274513,25
188.19901,1257.16370051706,-23.6717190847849,-23.6717190847849,16.3381683751806,69.4815246530629,25
188.29901,1257.16370051708,-23.6717190848062,-23.6717190848062,16.3381683751836,69.4998532987057,25
188.39901,1257.16370051706,-23.6717190847846,-23.6717190847846,16.3381683751806,69.5181772126628,25
188.49901,1257.16370051708,-23.6717190848059,-23.6717190848059,16.3381683751835,69.5364963961536,25
188.59901,1257.16370051706,-23.6717190847843,-23.6717190847843,16.3381683751805,69.5548108504011,25
188.69901,1257.16370051707,-23.6717190848056,-23.6717190848056,16.3381683751835,69.5731205766271,25
188.79901,1257.16370051706,-23.671719084784,-23.671719084784,16.3381683751806,69.5914255760498,25
188.89901,1257.16370051707,-23.6717190848052,-23.6717190848052,16.3381683751835,69.6097258498908,25
188.99901,1257.16370051705,-23.6717190847837,-23.6717190847837,16.3381683751806,69.6280213993709,25
189.09901,1257.16370051707,-23.6717190848049,-23.6717190848049,16.3381683751835,69.6463122257082,25
189.19901,1257.16370051705,-23.6717190847834,-23.6717190847834,16.3381683751806,69.6645983301227,25
189.29901,1257.16370051707,-23.6717190848046,-23.6717190848046,16.3381683751833,69.6828797138334,25
189.39901,1257.16370051705,-23.6717190847831,-23.6717190847831,16.3381683751806,69.7011563780585,25
189.49901,1257.16370051706,-23.6717190848041,-23.6717190848041,16.3381683751833,69.7194283240171,25
189.59901,1257.16370051705,-23.6717190847827,-23.6717190847827,16.3381683751805,69.7376955529277,25
189.69901,1257.16370051706,-23.6717190848039,-23.6717190848039,16.3381683751833,69.7559580660064,25
189.79901,1257.16370051705,-23.6717190847824,-23.6717190847824,16.3381683751804,69.7742158644714,25
189.89901,1257.16370051706,-23.6717190848037,-23.6717190848037,16.3381683751832,69.792468949541,25
189.99901,1257.16370051704,-23.671719084782,-23.671719084782,16.3381683751804,69.8107173224307,25
190.09901,1257.16370051706,-23.6717190848033,-23.6717190848033,16.3381683751831,69.8289609843572,25
190.19901,1257.16370051704,-23.6717190847817,-23.6717190847817,16.3381683751802,69.8471999365357,25
190.29901,1257.16370051706,-23.671719084803,-23.671719084803,16.338168375183,69.8654341801834,25
190.39901,1257.16370051704,-23.6717190847813,-23.6717190847813,16.3381683751802,69.8836637165155,25
190.49901,1257.16370051706,-23.6717190848028,-23.6717190848028,16.3381683751831,69.9018885467485,25
190.59901,1257.16370051704,-23.671719084781,-23.671719084781,16.3381683751801,69.9201086720948,25
190.69901,1257.16370051706,-23.6717190848025,-23.6717190848025,16.338168375183,69.93832409377,25
190.79901,1257.16370051704,-23.6717190847806,-23.6717190847806,16.3381683751801,69.9565348129885,25
190.89901,1257.16370051705,-23.6717190848022,-23.6717190848022,16.338168375183,69.974740830965,25
190.99901,1257.16370051704,-23.6717190847805,-23.6717190847805,16.3381683751801,69.9929421489126,25
191.09901,1257.16370051705,-23.671719084802,-23.671719084802,16.338168375183,70.0111387680451,25
191.19901,1257.16370051703,-23.6717190847802,-23.6717190847802,16.33816837518,70.0293306895745,25
191.29901,1257.16370051705,-23.6717190848017,-23.6717190848017,16.3381683751829,70.0475179147141,25
191.39901,1257.16370051703,-23.6717190847799,-23.6717190847799,16.3381683751801,70.0657004446764,25
191.49901,1257.16370051705,-23.6717190848016,-23.6717190848016,16.3381683751829,70.0838782806726,25
191.59901,1257.16370051703,-23.6717190847795,-23.6717190847795,16.33816837518,70.1020514239162,25
191.69901,1257.16370051705,-23.6717190848013,-23.6717190848013,16.3381683751829,70.120219875618,25
191.79901,1257.16370051703,-23.6717190847794,-23.6717190847794,16.3381683751799,70.1383836369892,25
191.89901,1257.16370051704,-23.6717190848009,-23.6717190848009,16.3381683751828,70.1565427092401,25
191.99901,1257.16370051703,-23.6717190847791,-23.6717190847791,16.3381683751799,70.174697093582,25
192.09901,1257.16370051704,-23.6717190848006,-23.6717190848006,16.3381683751827,70.1928467912235,25
192.19901,1257.16370051703,-23.6717190847789,-23.6717190847789,16.3381683751799,70.2109918033762,25
192.29901,1257.16370051704,-23.6717190848003,-23.6717190848003,16.3381683751827,70.2291321312491,25
192.39901,1257.16370051702,-23.6717190847786,-23.6717190847786,16.3381683751798,70.2472677760518,25
192.49901,1257.16370051704,-23.6717190848001,-23.6717190848001,16.3381683751826,70.2653987389929,25
192.59901,1257.16370051702,-23.6717190847785,-23.6717190847785,16.3381683751798,70.2835250212801,25
192.69901,1257.16370051704,-23.6717190847999,-23.6717190847999,16.3381683751826,70.3016466241239,25
192.79901,1257.16370051702,-23.6717190847782,-23.6717190847782,16.3381683751798,70.3197635487307,25
192.89901,1257.16370051704,-23.6717190847996,-23.6717190847996,16.3381683751826,70.337875796309,25
192.99901,1257.16370051702,-23.6717190847777,-23.6717190847777,16.3381683751797,70.3559833680654,25
193.09901,1257.16370051703,-23.6717190847993,-23.6717190847993,16.3381683751825,70.3740862652077,25
193.19901,1257.16370051701,-23.6717190847775,-23.6717190847775,16.3381683751798,70.3921844889428,25
193.29901,1257.16370051703,-23.6717190847991,-23.6717190847991,16.3381683751826,70.4102780404773,25
193.39901,1257.16370051701,-23.6717190847773,-23.6717190847773,16.3381683751798,70.4283669210163,25
193.49901,1257.16370051703,-23.6717190847989,-23.6717190847989,16.3381683751827,70.4464511317672,25
193.59901,1257.16370051701,-23.671719084777,-23.671719084777,16.3381683751798,70.4645306739338,25
193.69901,1257.16370051703,-23.6717190847984,-23.6717190847984,16.3381683751826,70.4826055487227,25
193.79901,1257.16370051701,-23.6717190847767,-23.6717190847767,16.3381683751797,70.5006757573385,25
193.89901,1257.16370051702,-23.6717190847982,-23.6717190847982,16.3381683751826,70.5187413009849,25
193.99901,1257.163700517,-23.6717190847763,-23.6717190847763,16.3381683751797,70.5368021808669,25
194.09901,1257.16370051702,-23.671719084798,-23.671719084798,16.3381683751825,70.5548583981897,25
194.19901,1257.163700517,-23.6717190847762,-23.6717190847762,16.3381683751797,70.5729099541548,25
194.29901,1257.16370051702,-23.6717190847977,-23.6717190847977,16.3381683751825,70.5909568499665,25
194.39901,1257.163700517,-23.6717190847759,-23.6717190847759,16.3381683751797,70.6089990868277,25
194.49901,1257.16370051702,-23.6717190847974,-23.6717190847974,16.3381683751824,70.627036665942,25
194.59901,1257.163700517,-23.6717190847756,-23.6717190847756,16.3381683751796,70.645069588511,25
194.69901,1257.16370051702,-23.6717190847971,-23.6717190847971,16.3381683751824,70.6630978557376,25
194.79901,1257.163700517,-23.6717190847755,-23.6717190847755,16.3381683751796,70.6811214688227,25
194.89901,1257.16370051701,-23.6717190847968,-23.6717190847968,16.3381683751824,70.6991404289678,25
194.99901,1257.163700517,-23.6717190847751,-23.6717190847751,16.3381683751796,70.7171547373752,25
195.09901,1257.16370051701,-23.6717190847966,-23.6717190847966,16.3381683751824,70.735164395245,25
195.19901,1257.163700517,-23.6717190847749,-23.6717190847749,16.3381683751795,70.7531694037772,25
195.29901,1257.16370051701,-23.6717190847963,-23.6717190847963,16.3381683751823,70.7711697641724,25
195.39901,1257.16370051699,-23.6717190847746,-23.6717190847746,16.3381683751794,70.7891654776311,25
195.49901,1257.16370051701,-23.6717190847959,-23.6717190847959,16.3381683751823,70.8071565453524,25
195.59901,1257.16370051699,-23.6717190847743,-23.6717190847743,16.3381683751795,70.8251429685365,25
195.69901,1257.16370051701,-23.6717190847956,-23.6717190847956,16.3381683751823,70.8431247483819,25
195.79901,1257.16370051699,-23.671719084774,-23.671719084774,16.3381683751794,70.8611018860872,25
195.89901,1257.163700517,-23.6717190847953,-23.6717190847953,16.3381683751822,70.8790743828507,25
195.99901,1257.16370051699,-23.6717190847736,-23.6717190847736,16.3381683751793,70.8970422398704,25
196.09901,1257.163700517,-23.671719084795,-23.671719084795,16.3381683751822,70.9150054583439,25
196.19901,1257.16370051698,-23.6717190847734,-23.6717190847734,16.3381683751792,70.9329640394695,25
196.29901,1257.163700517,-23.6717190847946,-23.6717190847946,16.3381683751822,70.9509179844445,25
196.39901,1257.16370051698,-23.6717190847732,-23.6717190847732,16.3381683751793,70.968867294465,25
196.49901,1257.163700517,-23.6717190847943,-23.6717190847943,16.3381683751821,70.9868119707277,25
196.59901,1257.16370051698,-23.6717190847727,-23.6717190847727,16.3381683751791,71.004752014428,25
196.69901,1257.163700517,-23.671719084794,-23.671719084794,16.3381683751821,71.0226874267641,25
196.79901,1257.16370051698,-23.6717190847725,-23.6717190847725,16.3381683751791,71.0406182089295,25
196.89901,1257.163700517,-23.6717190847936,-23.6717190847936,16.338168375182,71.0585443621209,25
196.99901,1257.16370051698,-23.6717190847721,-23.6717190847721,16.3381683751791,71.0764658875325,25
197.09901,1257.16370051699,-23.6717190847933,-23.6717190847933,16.338168375182,71.0943827863591,25
197.19901,1257.16370051698,-23.6717190847717,-23.6717190847717,16.3381683751791,71.1122950597953,25
197.29901,1257.16370051699,-23.6717190847932,-23.6717190847932,16.338168375182,71.1302027090345,25
197.39901,1257.16370051697,-23.6717190847715,-23.6717190847715,16.338168375179,71.1481057352719,25
197.49901,1257.16370051699,-23.6717190847929,-23.6717190847929,16.3381683751819,71.1660041396996,25
197.59901,1257.16370051697,-23.6717190847711,-23.6717190847711,16.338168375179,71.1838979235119,25
197.69901,1257.16370051699,-23.6717190847926,-23.6717190847926,16.3381683751818,71.2017870879003,25
197.79901,1257.16370051697,-23.6717190847708,-23.6717190847708,16.3381683751789,71.2196716340586,25
197.89901,1257.16370051699,-23.6717190847923,-23.6717190847923,16.3381683751818,71.2375515631785,25
197.99901,1257.16370051697,-23.6717190847705,-23.6717190847705,16.3381683751789,71.2554268764514,25
198.09901,1257.16370051699,-23.6717190847921,-23.6717190847921,16.3381683751818,71.27329757507,25
198.19901,1257.16370051697,-23.6717190847702,-23.6717190847702,16.3381683751788,71.2911636602244,25
198.29901,1257.16370051698,-23.6717190847918,-23.6717190847918,16.3381683751817,71.3090251331064,25
198.39901,1257.16370051696,-23.6717190847699,-23.6717190847699,16.3381683751788,71.3268819949062,25
198.49901,1257.16370051698,-23.6717190847915,-23.6717190847915,16.3381683751817,71.3447342468152,25
198.59901,1257.16370051696,-23.6717190847696,-23.6717190847696,16.3381683751788,71.3625818900231,25
198.69901,1257.16370051698,-23.6717190847912,-23.6717190847912,16.3381683751816,71.3804249257187,25
198.79901,1257.16370051696,-23.6717190847694,-23.6717190847694,16.3381683751789,71.3982633550929,25
198.89901,1257.16370051698,-23.6717190847909,-23.6717190847909,16.3381683751816,71.4160971793341,25
198.99901,1257.16370051696,-23.6717190847692,-23.6717190847692,16.3381683751789,71.4339263996303,25
199.09901,1257.16370051698,-23.6717190847907,-23.6717190847907,16.3381683751816,71.4517510171709,25
199.19901,1257.16370051696,-23.6717190847689,-23.6717190847689,16.3381683751788,71.4695710331448,25
199.29901,1257.16370051697,-23.6717190847904,-23.6717190847904,16.3381683751815,71.4873864487394,25
199.39901,1257.16370051695,-23.6717190847687,-23.6717190847687,16.3381683751788,71.5051972651422,25
199.49901,1257.16370051697,-23.6717190847901,-23.6717190847901,16.3381683751815,71.5230034835398,25
199.59901,1257.16370051695,-23.6717190847685,-23.6717190847685,16.3381683751788,71.5408051051201,25
199.69901,1257.16370051697,-23.6717190847898,-23.6717190847898,16.3381683751815,71.5586021310699,25
199.79901,1257.16370051695,-23.6717190847681,-23.6717190847681,16.3381683751787,71.5763945625761,25
199.89901,1257.16370051697,-23.6717190847895,-23.6717190847895,16.3381683751814,71.5941824008225,25
199.99901,1257.16370051695,-23.6717190847678,-23.6717190847678,16.3381683751787,71.6119656469973,25
200.09901,1257.16370051697,-23.6717190847891,-23.6717190847891,16.3381683751814,71.629744302285,25
200.19901,1257.16370051695,-23.6717190847674,-23.6717190847674,16.3381683751787,71.6475183678705,25
200.29901,1257.16370051696,-23.6717190847889,-23.6717190847889,16.3381683751814,71.6652878449392,25
200.39901,1257.16370051694,-23.6717190847671,-23.6717190847671,16.3381683751786,71.6830527346751,25
200.49901,1257.16370051696,-23.6717190847886,-23.6717190847886,16.3381683751814,71.7008130382631,25
200.59901,1257.16370051694,-23.6717190847668,-23.6717190847668,16.3381683751786,71.7185687568874,25
200.69901,1257.16370051696,-23.6717190847882,-23.6717190847882,16.3381683751814,71.7363198917307,25
200.79901,1257.16370051694,-23.6717190847664,-23.6717190847664,16.3381683751786,71.7540664439765,25
200.89901,1257.16370051696,-23.6717190847879,-23.6717190847879,16.3381683751813,71.7718084148089,25
200.99901,1257.16370051694,-23.6717190847661,-23.6717190847661,16.3381683751785,71.7895458054093,25
201.09901,1257.16370051696,-23.6717190847876,-23.6717190847876,16.3381683751813,71.8072786169611,25
201.19901,1257.16370051694,-23.6717190847658,-23.6717190847658,16.3381683751785,71.8250068506457,25
201.29901,1257.16370051696,-23.6717190847873,-23.6717190847873,16.3381683751812,71.8427305076459,25
201.39901,1257.16370051693,-23.6717190847655,-23.6717190847655,16.3381683751785,71.8604495891421,25
201.49901,1257.16370051695,-23.671719084787,-23.671719084787,16.3381683751811,71.8781640963155,25
201.59901,1257.16370051693,-23.6717190847653,-23.6717190847653,16.3381683751784,71.8958740303474,25
201.69901,1257.16370051695,-23.6717190847866,-23.6717190847866,16.3381683751811,71.9135793924182,25
201.79901,1257.16370051693,-23.6717190847648,-23.6717190847648,16.3381683751783,71.931280183709,25
201.89901,1257.16370051695,-23.6717190847863,-23.6717190847863,16.338168375181,71.9489764053992,25
201.99901,1257.16370051693,-23.6717190847645,-23.6717190847645,16.3381683751782,71.9666680586687,25
202.09901,1257.16370051695,-23.671719084786,-23.671719084786,16.338168375181,71.984355144696,25
202.19901,1257.16370051693,-23.6717190847643,-23.6717190847643,16.3381683751782,72.0020376646611,25
202.29901,1257.16370051695,-23.6717190847857,-23.6717190847857,16.338168375181,72.0197156197426,25
202.39901,1257.16370051693,-23.6717190847641,-23.6717190847641,16.3381683751782,72.0373890111185,25
202.49901,1257.16370051694,-23.6717190847853,-23.6717190847853,16.3381683751809,72.0550578399673,25
202.59901,1257.16370051692,-23.6717190847637,-23.6717190847637,16.3381683751782,72.0727221074675,25
202.69901,1257.16370051694,-23.671719084785,-23.671719084785,16.338168375181,72.0903818147952,25
202.79901,1257.16370051692,-23.6717190847635,-23.6717190847635,16.3381683751781,72.108036963129,25
202.89901,1257.16370051694,-23.6717190847848,-23.6717190847848,16.3381683751809,72.1256875536452,25
202.99901,1257.16370051692,-23.6717190847631,-23.6717190847631,16.338168375178,72.1433335875205,25
203.09901,1257.16370051694,-23.6717190847845,-23.6717190847845,16.3381683751809,72.1609750659311,25
203.19901,1257.16370051692,-23.6717190847628,-23.6717190847628,16.338168375178,72.1786119900538,25
203.29901,1257.16370051694,-23.6717190847841,-23.6717190847841,16.3381683751808,72.1962443610626,25
203.39901,1257.16370051692,-23.6717190847625,-23.6717190847625,16.338168375178,72.2138721801347,25
203.49901,1257.16370051693,-23.6717190847838,-23.6717190847838,16.3381683751808,72.2314954484442,25
203.59901,1257.16370051691,-23.6717190847622,-23.6717190847622,16.338168375178,72.2491141671659,25
203.69901,1257.16370051693,-23.6717190847836,-23.6717190847836,16.3381683751807,72.2667283374747,25
203.79901,1257.16370051691,-23.6717190847619,-23.6717190847619,16.338168375178,72.2843379605445,25
203.89901,1257.16370051693,-23.6717190847832,-23.6717190847832,16.3381683751807,72.3019430375501,25
203.99901,1257.16370051691,-23.6717190847615,-23.6717190847615,16.3381683751778,72.3195435696646,25
204.09901,1257.16370051693,-23.6717190847829,-23.6717190847829,16.3381683751807,72.3371395580612,25
204.19901,1257.16370051691,-23.6717190847612,-23.6717190847612,16.3381683751777,72.3547310039127,25
204.29901,1257.16370051693,-23.6717190847826,-23.6717190847826,16.3381683751806,72.372317908392,25
204.39901,1257.16370051691,-23.6717190847609,-23.6717190847609,16.3381683751777,72.3899002726707,25
204.49901,1257.16370051692,-23.6717190847822,-23.6717190847822,16.3381683751806,72.4074780979227,25
204.59901,1257.1637005169,-23.6717190847605,-23.6717190847605,16.3381683751778,72.4250513853188,25
204.69901,1257.16370051692,-23.6717190847819,-23.6717190847819,16.3381683751805,72.4426201360299,25
204.79901,1257.1637005169,-23.6717190847602,-23.6717190847602,16.3381683751777,72.4601843512279,25
204.89901,1257.16370051692,-23.6717190847816,-23.6717190847816,16.3381683751804,72.4777440320837,25
204.99901,1257.1637005169,-23.6717190847599,-23.6717190847599,16.3381683751778,72.4952991797678,25
205.09901,1257.16370051692,-23.6717190847813,-23.6717190847813,16.3381683751804,72.5128497954503,25
205.19901,1257.1637005169,-23.6717190847595,-23.6717190847595,16.3381683751777,72.5303958803012,25
205.29901,1257.16370051692,-23.6717190847809,-23.6717190847809,16.3381683751804,72.5479374354902,25
205.39901,1257.1637005169,-23.6717190847592,-23.6717190847592,16.3381683751776,72.565474462187,25
205.49901,1257.16370051691,-23.6717190847807,-23.6717190847807,16.3381683751804,72.5830069615598,25
205.59901,1257.1637005169,-23.6717190847589,-23.6717190847589,16.3381683751776,72.6005349347784,25
205.69901,1257.16370051691,-23.6717190847804,-23.6717190847804,16.3381683751803,72.6180583830105,25
205.79901,1257.16370051689,-23.6717190847587,-23.6717190847587,16.3381683751775,72.6355773074246,25
205.89901,1257.16370051691,-23.67171908478,-23.67171908478,16.3381683751803,72.6530917091883,25
205.99901,1257.16370051689,-23.6717190847583,-23.6717190847583,16.3381683751775,72.6706015894692,25
206.09901,1257.16370051691,-23.6717190847797,-23.6717190847797,16.3381683751803,72.688106949434,25
206.19901,1257.16370051689,-23.6717190847579,-23.6717190847579,16.3381683751774,72.7056077902505,25
206.29901,1257.16370051691,-23.6717190847794,-23.6717190847794,16.3381683751802,72.7231041130859,25
206.39901,1257.16370051689,-23.6717190847576,-23.6717190847576,16.3381683751774,72.7405959191054,25
206.49901,1257.1637005169,-23.6717190847791,-23.6717190847791,16.3381683751802,72.7580832094752,25
206.59901,1257.16370051689,-23.6717190847573,-23.6717190847573,16.3381683751773,72.7755659853629,25
206.69901,1257.1637005169,-23.6717190847787,-23.6717190847787,16.3381683751801,72.7930442479315,25
206.79901,1257.16370051688,-23.6717190847571,-23.6717190847571,16.3381683751773,72.8105179983466,25
206.89901,1257.1637005169,-23.6717190847786,-23.6717190847786,16.3381683751801,72.8279872377738,25
206.99901,1257.16370051688,-23.6717190847569,-23.6717190847569,16.3381683751773,72.8454519673766,25
207.09901,1257.1637005169,-23.6717190847783,-23.6717190847783,16.3381683751801,72.8629121883203,25
207.19901,1257.16370051688,-23.6717190847565,-23.6717190847565,16.3381683751772,72.8803679017694,25
207.29901,1257.1637005169,-23.6717190847779,-23.6717190847779,16.3381683751801,72.8978191088857,25
207.39901,1257.16370051688,-23.6717190847562,-23.6717190847562,16.3381683751771,72.9152658108342,25
207.49901,1257.16370051689,-23.6717190847776,-23.6717190847776,16.3381683751801,72.9327080087769,25
207.59901,1257.16370051688,-23.6717190847559,-23.6717190847559,16.3381683751772,72.9501457038772,25
207.69901,1257.16370051689,-23.6717190847774,-23.6717190847774,16.33816837518,72.9675788972973,25
207.79901,1257.16370051687,-23.6717190847557,-23.6717190847557,16.3381683751772,72.9850075901989,25
207.89901,1257.16370051689,-23.6717190847771,-23.6717190847771,16.33816837518,73.0024317837445,25
207.99901,1257.16370051687,-23.6717190847554,-23.6717190847554,16.3381683751771,73.0198514790957,25
208.09901,1257.16370051689,-23.6717190847767,-23.6717190847767,16.33816837518,73.0372666774133,25
208.19901,1257.16370051687,-23.671719084755,-23.671719084755,16.3381683751771,73.0546773798579,25
208.29901,1257.16370051689,-23.6717190847764,-23.6717190847764,16.3381683751799,73.0720835875914,25
208.39901,1257.16370051687,-23.6717190847547,-23.6717190847547,16.3381683751772,73.0894853017728,25
208.49901,1257.16370051689,-23.671719084776,-23.671719084776,16.3381683751798,73.1068825235627,25
208.59901,1257.16370051687,-23.6717190847545,-23.6717190847545,16.3381683751771,73.1242752541213,25
208.69901,1257.16370051688,-23.6717190847758,-23.6717190847758,16.3381683751798,73.1416634946069,25
208.79901,1257.16370051686,-23.6717190847541,-23.6717190847541,16.338168375177,73.1590472461798,25
208.89901,1257.16370051688,-23.6717190847754,-23.6717190847754,16.3381683751798,73.1764265099977,25
208.99901,1257.16370051686,-23.6717190847538,-23.6717190847538,16.3381683751769,73.1938012872202,25
209.09901,1257.16370051688,-23.6717190847751,-23.6717190847751,16.3381683751797,73.2111715790046,25
209.19901,1257.16370051686,-23.6717190847536,-23.6717190847536,16.3381683751769,73.2285373865104,25
209.29901,1257.16370051688,-23.6717190847748,-23.6717190847748,16.3381683751797,73.2458987108952,25
209.39901,1257.16370051686,-23.6717190847533,-23.6717190847533,16.3381683751768,73.2632555533144,25
209.49901,1257.16370051688,-23.6717190847746,-23.6717190847746,16.3381683751797,73.2806079149265,25
209.59901,1257.16370051685,-23.6717190847529,-23.6717190847529,16.3381683751769,73.2979557968873,25
209.69901,1257.16370051687,-23.6717190847744,-23.6717190847744,16.3381683751796,73.3152992003548,25
209.79901,1257.16370051685,-23.6717190847526,-23.6717190847526,16.3381683751769,73.3326381264836,25
209.89901,1257.16370051687,-23.671719084774,-23.671719084774,16.3381683751796,73.3499725764304,25
209.99901,1257.16370051685,-23.6717190847523,-23.6717190847523,16.3381683751768,73.3673025513501,25
210.09901,1257.16370051687,-23.6717190847737,-23.6717190847737,16.3381683751796,73.384628052398,25
210.19901,1257.16370051685,-23.6717190847519,-23.6717190847519,16.3381683751769,73.4019490807298,25
210.29901,1257.16370051687,-23.6717190847734,-23.6717190847734,16.3381683751796,73.4192656374994,25
210.39901,1257.16370051685,-23.6717190847517,-23.6717190847517,16.3381683751769,73.4365777238618,25
210.49901,1257.16370051687,-23.6717190847731,-23.6717190847731,16.3381683751795,73.4538853409714,25
210.59901,1257.16370051684,-23.6717190847513,-23.6717190847513,16.3381683751767,73.4711884899816,25
210.69901,1257.16370051686,-23.6717190847728,-23.6717190847728,16.3381683751795,73.4884871720451,25
210.79901,1257.16370051684,-23.6717190847511,-23.6717190847511,16.3381683751767,73.5057813883158,25
210.89901,1257.16370051686,-23.6717190847725,-23.6717190847725,16.3381683751795,73.5230711399472,25
210.99901,1257.16370051684,-23.6717190847508,-23.6717190847508,16.3381683751767,73.5403564280912,25
211.09901,1257.16370051686,-23.6717190847723,-23.6717190847723,16.3381683751794,73.5576372538992,25
211.19901,1257.16370051684,-23.6717190847504,-23.6717190847504,16.3381683751766,73.5749136185249,25
211.29901,1257.16370051686,-23.671719084772,-23.671719084772,16.3381683751794,73.592185523118,25
211.39901,1257.16370051684,-23.6717190847502,-23.6717190847502,16.3381683751765,73.6094529688319,25
211.49901,1257.16370051686,-23.6717190847717,-23.6717190847717,16.3381683751794,73.6267159568166,25
211.59901,1257.16370051684,-23.6717190847499,-23.6717190847499,16.3381683751765,73.6439744882229,25
211.69901,1257.16370051685,-23.6717190847713,-23.6717190847713,16.3381683751794,73.6612285642019,25
211.79901,1257.16370051683,-23.6717190847496,-23.6717190847496,16.3381683751765,73.6784781859041,25
211.89901,1257.16370051685,-23.6717190847711,-23.6717190847711,16.3381683751793,73.6957233544772,25
211.99901,1257.16370051683,-23.6717190847493,-23.6717190847493,16.3381683751765,73.7129640710731,25
212.09901,1257.16370051685,-23.6717190847709,-23.6717190847709,16.3381683751792,73.7302003368398,25
212.19901,1257.16370051683,-23.671719084749,-23.671719084749,16.3381683751764,73.7474321529275,25
212.29901,1257.16370051685,-23.6717190847706,-23.6717190847706,16.3381683751791,73.7646595204838,25
212.39901,1257.16370051683,-23.6717190847487,-23.6717190847487,16.3381683751764,73.7818824406571,25
212.49901,1257.16370051685,-23.6717190847702,-23.6717190847702,16.3381683751792,73.7991009145975,25
212.59901,1257.16370051683,-23.6717190847484,-23.6717190847484,16.3381683751764,73.8163149434496,25
212.69901,1257.16370051684,-23.67171908477,-23.67171908477,16.3381683751792,73.8335245283641,25
212.79901,1257.16370051682,-23.6717190847481,-23.6717190847481,16.3381683751763,73.8507296704872,25
212.89901,1257.16370051684,-23.6717190847697,-23.6717190847697,16.3381683751791,73.8679303709653,25
212.99901,1257.16370051682,-23.6717190847479,-23.6717190847479,16.3381683751763,73.8851266309448,25
213.09901,1257.16370051684,-23.6717190847694,-23.6717190847694,16.3381683751791,73.9023184515717,25
213.19901,1257.16370051682,-23.6717190847475,-23.6717190847475,16.3381683751763,73.9195058339929,25
213.29901,1257.16370051684,-23.6717190847691,-23.6717190847691,16.3381683751791,73.9366887793546,25
213.39901,1257.16370051682,-23.6717190847473,-23.6717190847473,16.3381683751762,73.9538672888015,25
213.49901,1257.16370051683,-23.6717190847688,-23.6717190847688,16.3381683751791,73.9710413634797,25
213.59901,1257.16370051682,-23.671719084747,-23.671719084747,16.3381683751762,73.9882110045321,25
213.69901,1257.16370051683,-23.6717190847686,-23.6717190847686,16.338168375179,74.0053762131054,25
213.79901,1257.16370051681,-23.6717190847468,-23.6717190847468,16.3381683751762,74.0225369903431,25
213.89901,1257.16370051683,-23.6717190847683,-23.6717190847683,16.338168375179,74.039693337389,25
213.99901,1257.16370051681,-23.6717190847465,-23.6717190847465,16.3381683751763,74.0568452553877,25
214.09901,1257.16370051683,-23.671719084768,-23.671719084768,16.3381683751789,74.0739927454805,25
214.19901,1257.16370051681,-23.6717190847461,-23.6717190847461,16.3381683751762,74.0911358088119,25
214.29901,1257.16370051683,-23.6717190847676,-23.6717190847676,16.3381683751789,74.1082744465256,25
214.39901,1257.16370051681,-23.6717190847459,-23.6717190847459,16.3381683751761,74.1254086597623,25
214.49901,1257.16370051683,-23.6717190847672,-23.6717190847672,16.3381683751789,74.1425384496655,25
214.59901,1257.16370051681,-23.6717190847456,-23.6717190847456,16.338168375176,74.1596638173761,25
214.69901,1257.16370051682,-23.6717190847669,-23.6717190847669,16.3381683751788,74.1767847640364,25
214.79901,1257.16370051681,-23.6717190847453,-23.6717190847453,16.338168375176,74.1939012907878,25
214.89901,1257.16370051682,-23.6717190847667,-23.6717190847667,16.3381683751788,74.2110133987715,25
214.99901,1257.1637005168,-23.6717190847451,-23.6717190847451,16.338168375176,74.2281210891278,25
215.09901,1257.16370051682,-23.6717190847663,-23.6717190847663,16.3381683751788,74.2452243629977,25
215.19901,1257.1637005168,-23.6717190847447,-23.6717190847447,16.338168375176,74.2623232215201,25
215.29901,1257.16370051682,-23.6717190847659,-23.6717190847659,16.3381683751788,74.2794176658352,25
215.39901,1257.1637005168,-23.6717190847445,-23.6717190847445,16.338168375176,74.2965076970842,25
215.49901,1257.16370051681,-23.6717190847656,-23.6717190847656,16.3381683751788,74.3135933164045,25
215.59901,1257.1637005168,-23.6717190847443,-23.6717190847443,16.3381683751759,74.3306745249358,25
215.69901,1257.16370051681,-23.6717190847654,-23.6717190847654,16.3381683751787,74.3477513238171,25
215.79901,1257.1637005168,-23.6717190847439,-23.6717190847439,16.3381683751759,74.364823714186,25
215.89901,1257.16370051681,-23.671719084765,-23.671719084765,16.3381683751786,74.3818916971814,25
215.99901,1257.16370051679,-23.6717190847435,-23.6717190847435,16.3381683751758,74.3989552739399,25
216.09901,1257.16370051681,-23.6717190847647,-23.6717190847647,16.3381683751785,74.4160144456003,25
216.19901,1257.16370051679,-23.6717190847432,-23.6717190847432,16.3381683751758,74.4330692132982,25
216.29901,1257.16370051681,-23.6717190847644,-23.6717190847644,16.3381683751785,74.4501195781724,25
216.39901,1257.16370051679,-23.6717190847429,-23.6717190847429,16.3381683751757,74.4671655413591,25
216.49901,1257.16370051681,-23.6717190847642,-23.6717190847642,16.3381683751785,74.4842071039941,25
216.59901,1257.16370051679,-23.6717190847426,-23.6717190847426,16.3381683751757,74.5012442672132,25
216.69901,1257.16370051681,-23.6717190847639,-23.6717190847639,16.3381683751784,74.5182770321523,25
216.79901,1257.16370051679,-23.6717190847422,-23.6717190847422,16.3381683751756,74.535305399947,25
216.89901,1257.1637005168,-23.6717190847636,-23.6717190847636,16.3381683751783,74.552329371734,25
216.99901,1257.16370051679,-23.6717190847419,-23.6717190847419,16.3381683751757,74.5693489486458,25
217.09901,1257.1637005168,-23.6717190847633,-23.6717190847633,16.3381683751783,74.5863641318184,25
217.19901,1257.16370051678,-23.6717190847417,-23.6717190847417,16.3381683751756,74.6033749223849,25
217.29901,1257.1637005168,-23.671719084763,-23.671719084763,16.3381683751783,74.6203813214801,25
217.39901,1257.16370051678,-23.6717190847413,-23.6717190847413,16.3381683751756,74.6373833302373,25
217.49901,1257.1637005168,-23.6717190847627,-23.6717190847627,16.3381683751783,74.6543809497915,25
217.59901,1257.16370051678,-23.671719084741,-23.671719084741,16.3381683751755,74.6713741812729,25
217.69901,1257.16370051679,-23.6717190847623,-23.6717190847623,16.3381683751782,74.6883630258168,25
217.79901,1257.16370051678,-23.6717190847406,-23.6717190847406,16.3381683751754,74.705347484555,25
217.89901,1257.16370051679,-23.6717190847621,-23.6717190847621,16.3381683751782,74.7223275586195,25
217.99901,1257.16370051677,-23.6717190847402,-23.6717190847402,16.3381683751754,74.7393032491421,25
218.09901,1257.16370051679,-23.6717190847618,-23.6717190847618,16.3381683751782,74.7562745572546,25
218.19901,1257.16370051677,-23.67171908474,-23.67171908474,16.3381683751753,74.7732414840878,25
218.29901,1257.16370051679,-23.6717190847615,-23.6717190847615,16.3381683751782,74.7902040307742,25
218.39901,1257.16370051677,-23.6717190847397,-23.6717190847397,16.3381683751752,74.8071621984424,25
218.49901,1257.16370051679,-23.6717190847611,-23.6717190847611,16.3381683751781,74.8241159882255,25
218.59901,1257.16370051677,-23.6717190847394,-23.6717190847394,16.3381683751752,74.8410654012524,25
218.69901,1257.16370051679,-23.6717190847607,-23.6717190847607,16.338168375178,74.8580104386521,25
218.79901,1257.16370051677,-23.6717190847391,-23.6717190847391,16.3381683751753,74.8749511015557,25
218.89901,1257.16370051678,-23.6717190847605,-23.6717190847605,16.338168375178,74.8918873910921,25
218.99901,1257.16370051677,-23.6717190847388,-23.6717190847388,16.3381683751752,74.9088193083899,25
219.09901,1257.16370051678,-23.6717190847601,-23.6717190847601,16.3381683751779,74.9257468545779,25
219.19901,1257.16370051676,-23.6717190847385,-23.6717190847385,16.3381683751752,74.9426700307847,25
219.29901,1257.16370051678,-23.6717190847598,-23.6717190847598,16.3381683751779,74.9595888381382,25
219.39901,1257.16370051676,-23.6717190847381,-23.6717190847381,16.3381683751751,74.9765032777667,25
219.49901,1257.16370051678,-23.6717190847595,-23.6717190847595,16.3381683751779,74.9934133507974,25
219.59901,1257.16370051676,-23.6717190847379,-23.6717190847379,16.3381683751751,75.0103190583576,25
219.69901,1257.16370051678,-23.6717190847592,-23.6717190847592,16.3381683751779,75.0272204015744,25
219.79901,1257.16370051676,-23.6717190847376,-23.6717190847376,16.3381683751751,75.0441173815747,25
219.89901,1257.16370051677,-23.671719084759,-23.671719084759,16.3381683751778,75.0610099994843,25
219.99901,1257.16370051676,-23.6717190847373,-23.6717190847373,16.338168375175,75.07789825643,25
220.09901,1257.16370051677,-23.6717190847587,-23.6717190847587,16.3381683751778,75.0947821535373,25
220.19901,1257.16370051675,-23.671719084737,-23.671719084737,16.338168375175,75.1116616919321,25
220.29901,1257.16370051677,-23.6717190847582,-23.6717190847582,16.3381683751778,75.1285368727393,25
220.39901,1257.16370051675,-23.6717190847367,-23.6717190847367,16.3381683751749,75.1454076970837,25
220.49901,1257.16370051677,-23.6717190847581,-23.6717190847581,16.3381683751778,75.1622741660902,25
220.59901,1257.16370051675,-23.6717190847364,-23.6717190847364,16.3381683751749,75.1791362808824,25
220.69901,1257.16370051677,-23.6717190847577,-23.6717190847577,16.3381683751777,75.1959940425844,25
220.79901,1257.16370051675,-23.6717190847361,-23.6717190847361,16.3381683751749,75.2128474523218,25
220.89901,1257.16370051676,-23.6717190847574,-23.6717190847574,16.3381683751776,75.2296965112164,25
220.99901,1257.16370051675,-23.6717190847357,-23.6717190847357,16.3381683751748,75.2465412203922,25
221.09901,1257.16370051676,-23.6717190847571,-23.6717190847571,16.3381683751777,75.2633815809713,25
221.19901,1257.16370051674,-23.6717190847354,-23.6717190847354,16.3381683751748,75.2802175940777,25
221.29901,1257.16370051676,-23.6717190847568,-23.6717190847568,16.3381683751776,75.2970492608329,25
221.39901,1257.16370051674,-23.671719084735,-23.671719084735,16.3381683751747,75.3138765823596,25
221.49901,1257.16370051676,-23.6717190847565,-23.6717190847565,16.3381683751776,75.3306995597782,25
221.59901,1257.16370051674,-23.6717190847347,-23.6717190847347,16.3381683751746,75.34751819421,25
221.69901,1257.16370051676,-23.6717190847562,-23.6717190847562,16.3381683751776,75.3643324867781,25
221.79901,1257.16370051674,-23.6717190847345,-23.6717190847345,16.3381683751747,75.381142438601,25
221.89901,1257.16370051675,-23.6717190847558,-23.6717190847558,16.3381683751776,75.3979480508016,25
221.99901,1257.16370051674,-23.6717190847342,-23.6717190847342,16.3381683751747,75.4147493244996,25
222.09901,1257.16370051675,-23.6717190847555,-23.6717190847555,16.3381683751775,75.431546260814,25
222.19901,1257.16370051673,-23.6717190847339,-23.6717190847339,16.3381683751746,75.4483388608653,25
222.29901,1257.16370051675,-23.6717190847552,-23.6717190847552,16.3381683751775,75.4651271257728,25
222.39901,1257.16370051673,-23.6717190847336,-23.6717190847336,16.3381683751746,75.4819110566546,25
222.49901,1257.16370051675,-23.6717190847549,-23.6717190847549,16.3381683751774,75.4986906546311,25
222.59901,1257.16370051673,-23.6717190847333,-23.6717190847333,16.3381683751746,75.5154659208208,25
222.69901,1257.16370051675,-23.6717190847545,-23.6717190847545,16.3381683751774,75.5322368563418,25
222.79901,1257.16370051673,-23.6717190847329,-23.6717190847329,16.3381683751746,75.5490034623114,25
222.89901,1257.16370051674,-23.6717190847543,-23.6717190847543,16.3381683751774,75.565765739848,25
222.99901,1257.16370051673,-23.6717190847327,-23.6717190847327,16.3381683751745,75.582523690069,25
223.09901,1257.16370051674,-23.671719084754,-23.671719084754,16.3381683751774,75.5992773140907,25
223.19901,1257.16370051673,-23.6717190847323,-23.6717190847323,16.3381683751745,75.6160266130312,25
223.29901,1257.16370051674,-23.6717190847537,-23.6717190847537,16.3381683751773,75.6327715880064,25
223.39901,1257.16370051672,-23.6717190847319,-23.6717190847319,16.3381683751744,75.6495122401323,25
223.49901,1257.16370051674,-23.6717190847534,-23.6717190847534,16.3381683751772,75.666248570525,25
223.59901,1257.16370051672,-23.6717190847317,-23.6717190847317,16.3381683751744,75.6829805803006,25
223.69901,1257.16370051674,-23.6717190847532,-23.6717190847532,16.3381683751772,75.6997082705748,25
223.79901,1257.16370051672,-23.6717190847315,-23.6717190847315,16.3381683751744,75.7164316424617,25
223.89901,1257.16370051673,-23.6717190847528,-23.6717190847528,16.3381683751772,75.7331506970761,25
223.99901,1257.16370051672,-23.6717190847312,-23.6717190847312,16.3381683751743,75.7498654355331,25
224.09901,1257.16370051673,-23.6717190847524,-23.6717190847524,16.3381683751771,75.7665758589476,25
224.19901,1257.16370051672,-23.6717190847309,-23.6717190847309,16.3381683751743,75.7832819684327,25
224.29901,1257.16370051673,-23.6717190847521,-23.6717190847521,16.3381683751771,75.7999837651017,25
224.39901,1257.16370051671,-23.6717190847305,-23.6717190847305,16.3381683751742,75.8166812500693,25
224.49901,1257.16370051673,-23.6717190847519,-23.6717190847519,16.338168375177,75.8333744244478,25
224.59901,1257.16370051671,-23.6717190847302,-23.6717190847302,16.3381683751741,75.85006328935,25
224.69901,1257.16370051673,-23.6717190847515,-23.6717190847515,16.338168375177,75.8667478458874,25
224.79901,1257.16370051671,-23.6717190847298,-23.6717190847298,16.3381683751741,75.8834280951742,25
224.89901,1257.16370051673,-23.6717190847513,-23.6717190847513,16.3381683751769,75.9001040383212,25
224.99901,1257.16370051671,-23.6717190847295,-23.6717190847295,16.3381683751742,75.9167756764409,25
225.09901,1257.16370051672,-23.6717190847509,-23.6717190847509,16.338168375177,75.9334430106439,25
225.19901,1257.16370051671,-23.6717190847293,-23.6717190847293,16.3381683751741,75.9501060420417,25
225.29901,1257.16370051672,-23.6717190847507,-23.6717190847507,16.3381683751769,75.9667647717441,25
225.39901,1257.1637005167,-23.6717190847289,-23.6717190847289,16.338168375174,75.9834192008622,25
225.49901,1257.16370051672,-23.6717190847504,-23.6717190847504,16.3381683751769,76.0000693305073,25
225.59901,1257.1637005167,-23.6717190847287,-23.6717190847287,16.338168375174,76.0167151617876,25
225.69901,1257.16370051672,-23.67171908475,-23.67171908475,16.3381683751769,76.033356695814,25
225.79901,1257.1637005167,-23.6717190847283,-23.6717190847283,16.3381683751739,76.0499939336955,25
225.89901,1257.16370051671,-23.6717190847497,-23.6717190847497,16.3381683751768,76.0666268765411,25
225.99901,1257.1637005167,-23.671719084728,-23.671719084728,16.3381683751739,76.08325552546,25
226.09901,1257.16370051671,-23.6717190847493,-23.6717190847493,16.3381683751767,76.0998798815602,25
226.19901,1257.1637005167,-23.6717190847277,-23.6717190847277,16.3381683751739,76.11649994595,25
226.29901,1257.16370051671,-23.6717190847491,-23.6717190847491,16.3381683751766,76.1331157197373,25
226.39901,1257.16370051669,-23.6717190847274,-23.6717190847274,16.3381683751738,76.1497272040304,25
226.49901,1257.16370051671,-23.6717190847489,-23.6717190847489,16.3381683751767,76.1663343999362,25
226.59901,1257.16370051669,-23.6717190847271,-23.6717190847271,16.3381683751737,76.1829373085615,25
226.69901,1257.16370051671,-23.6717190847486,-23.6717190847486,16.3381683751767,76.1995359310141,25
226.79901,1257.16370051669,-23.6717190847268,-23.6717190847268,16.3381683751737,76.2161302683994,25
226.89901,1257.16370051671,-23.6717190847482,-23.6717190847482,16.3381683751766,76.2327203218234,25
226.99901,1257.16370051669,-23.6717190847265,-23.6717190847265,16.3381683751737,76.2493060923926,25
227.09901,1257.16370051671,-23.6717190847481,-23.6717190847481,16.3381683751767,76.2658875812133,25
227.19901,1257.16370051669,-23.6717190847262,-23.6717190847262,16.3381683751737,76.2824647893901,25
227.29901,1257.1637005167,-23.6717190847478,-23.6717190847478,16.3381683751765,76.2990377180281,25
227.39901,1257.16370051669,-23.6717190847259,-23.6717190847259,16.3381683751737,76.3156063682332,25
227.49901,1257.1637005167,-23.6717190847475,-23.6717190847475,16.3381683751766,76.3321707411083,25
227.59901,1257.16370051668,-23.6717190847256,-23.6717190847256,16.3381683751737,76.3487308377584,25
227.69901,1257.1637005167,-23.6717190847471,-23.6717190847471,16.3381683751764,76.3652866592867,25
227.79901,1257.16370051668,-23.6717190847253,-23.6717190847253,16.3381683751736,76.3818382067979,25
227.89901,1257.1637005167,-23.6717190847469,-23.6717190847469,16.3381683751764,76.3983854813946,25
227.99901,1257.16370051668,-23.671719084725,-23.671719084725,16.3381683751735,76.4149284841804,25
228.09901,1257.1637005167,-23.6717190847466,-23.6717190847466,16.3381683751764,76.4314672162576,25
228.19901,1257.16370051668,-23.6717190847248,-23.6717190847248,16.3381683751734,76.448001678729,25
228.29901,1257.16370051669,-23.6717190847463,-23.6717190847463,16.3381683751763,76.4645318726974,25
228.39901,1257.16370051668,-23.6717190847245,-23.6717190847245,16.3381683751735,76.4810577992641,25
228.49901,1257.16370051669,-23.671719084746,-23.671719084746,16.3381683751763,76.4975794595314,25
228.59901,1257.16370051667,-23.6717190847242,-23.6717190847242,16.3381683751735,76.5140968546001,25
228.69901,1257.16370051669,-23.6717190847457,-23.6717190847457,16.3381683751763,76.5306099855713,25
228.79901,1257.16370051667,-23.6717190847239,-23.6717190847239,16.3381683751735,76.5471188535445,25
228.89901,1257.16370051669,-23.6717190847453,-23.6717190847453,16.3381683751762,76.5636234596227,25
228.99901,1257.16370051667,-23.6717190847235,-23.6717190847235,16.3381683751735,76.5801238049053,25
229.09901,1257.16370051669,-23.6717190847451,-23.6717190847451,16.3381683751762,76.5966198904917,25
229.19901,1257.16370051667,-23.6717190847233,-23.6717190847233,16.3381683751734,76.6131117174821,25
229.29901,1257.16370051669,-23.6717190847446,-23.6717190847446,16.3381683751761,76.6295992869756,25
229.39901,1257.16370051667,-23.6717190847229,-23.6717190847229,16.3381683751733,76.6460826000713,25
229.49901,1257.16370051668,-23.6717190847443,-23.6717190847443,16.338168375176,76.6625616578672,25
229.59901,1257.16370051667,-23.6717190847226,-23.6717190847226,16.3381683751732,76.6790364614635,25
229.69901,1257.16370051668,-23.6717190847439,-23.6717190847439,16.338168375176,76.6955070119584,25
229.79901,1257.16370051666,-23.6717190847223,-23.6717190847223,16.3381683751732,76.7119733104478,25
229.89901,1257.16370051668,-23.6717190847437,-23.6717190847437,16.338168375176,76.7284353580309,25
229.99901,1257.16370051666,-23.671719084722,-23.671719084722,16.3381683751731,76.744893155805,25
230.09901,1257.16370051668,-23.6717190847434,-23.6717190847434,16.3381683751759,76.7613467048679,25
230.19901,1257.16370051666,-23.6717190847217,-23.6717190847217,16.3381683751731,76.7777960063151,25
230.29901,1257.16370051668,-23.6717190847431,-23.6717190847431,16.3381683751759,76.7942410612443,25
230.39901,1257.16370051666,-23.6717190847215,-23.6717190847215,16.3381683751731,76.8106818707511,25
230.49901,1257.16370051667,-23.6717190847428,-23.6717190847428,16.3381683751759,76.8271184359308,25
230.59901,1257.16370051666,-23.6717190847212,-23.6717190847212,16.338168375173,76.8435507578801,25
230.69901,1257.16370051667,-23.6717190847425,-23.6717190847425,16.3381683751759,76.859978837695,25
230.79901,1257.16370051665,-23.6717190847208,-23.6717190847208,16.338168375173,76.8764026764701,25
230.89901,1257.16370051667,-23.6717190847422,-23.6717190847422,16.3381683751759,76.8928222753006,25
230.99901,1257.16370051665,-23.6717190847205,-23.6717190847205,16.338168375173,76.9092376352801,25
231.09901,1257.16370051667,-23.6717190847419,-23.6717190847419,16.3381683751759,76.925648757504,25
231.19901,1257.16370051665,-23.6717190847202,-23.6717190847202,16.338168375173,76.9420556430641,25
231.29901,1257.16370051667,-23.6717190847418,-23.6717190847418,16.3381683751759,76.9584582930561,25
231.39901,1257.16370051665,-23.67171908472,-23.67171908472,16.3381683751729,76.9748567085735,25
231.49901,1257.16370051666,-23.6717190847415,-23.6717190847415,16.3381683751759,76.9912508907086,25
231.59901,1257.16370051664,-23.6717190847197,-23.6717190847197,16.3381683751729,77.0076408405548,25
231.69901,1257.16370051666,-23.6717190847412,-23.6717190847412,16.3381683751758,77.0240265592053,25
231.79901,1257.16370051664,-23.6717190847195,-23.6717190847195,16.3381683751728,77.0404080477516,25
231.89901,1257.16370051666,-23.6717190847409,-23.6717190847409,16.3381683751757,77.0567853072856,25
231.99901,1257.16370051664,-23.6717190847192,-23.6717190847192,16.3381683751728,77.0731583388989,25
232.09901,1257.16370051666,-23.6717190847406,-23.6717190847406,16.3381683751756,77.0895271436836,25
232.19901,1257.16370051664,-23.6717190847189,-23.6717190847189,16.3381683751727,77.105891722729,25
232.29901,1257.16370051666,-23.6717190847402,-23.6717190847402,16.3381683751756,77.1222520771286,25
232.39901,1257.16370051664,-23.6717190847185,-23.6717190847185,16.3381683751727,77.1386082079728,25
232.49901,1257.16370051666,-23.6717190847398,-23.6717190847398,16.3381683751755,77.1549601163504,25
232.59901,1257.16370051664,-23.6717190847181,-23.6717190847181,16.3381683751727,77.1713078033529,25
232.69901,1257.16370051665,-23.6717190847396,-23.6717190847396,16.3381683751755,77.1876512700698,25
232.79901,1257.16370051663,-23.6717190847179,-23.6717190847179,16.3381683751727,77.2039905175889,25
232.89901,1257.16370051665,-23.6717190847393,-23.6717190847393,16.3381683751755,77.220325547002,25
232.99901,1257.16370051663,-23.6717190847176,-23.6717190847176,16.3381683751727,77.2366563593967,25
233.09901,1257.16370051665,-23.671719084739,-23.671719084739,16.3381683751754,77.2529829558615,25
233.19901,1257.16370051663,-23.6717190847173,-23.6717190847173,16.3381683751726,77.2693053374855,25
233.29901,1257.16370051665,-23.6717190847387,-23.6717190847387,16.3381683751753,77.2856235053556,25
233.39901,1257.16370051663,-23.671719084717,-23.671719084717,16.3381683751725,77.3019374605606,25
233.49901,1257.16370051665,-23.6717190847384,-23.6717190847384,16.3381683751753,77.3182472041875,25
233.59901,1257.16370051663,-23.6717190847167,-23.6717190847167,16.3381683751725,77.3345527373236,25
233.69901,1257.16370051664,-23.6717190847382,-23.6717190847382,16.3381683751752,77.350854061057,25
233.79901,1257.16370051663,-23.6717190847165,-23.6717190847165,16.3381683751724,77.3671511764738,25
233.89901,1257.16370051664,-23.6717190847379,-23.6717190847379,16.3381683751752,77.3834440846596,25
233.99901,1257.16370051662,-23.6717190847162,-23.6717190847162,16.3381683751725,77.399732786701,25
234.09901,1257.16370051664,-23.6717190847376,-23.6717190847376,16.3381683751751,77.4160172836829,25
234.19901,1257.16370051662,-23.6717190847158,-23.6717190847158,16.3381683751725,77.432297576693,25
234.29901,1257.16370051664,-23.6717190847374,-23.6717190847374,16.3381683751752,77.4485736668158,25
234.39901,1257.16370051662,-23.6717190847156,-23.6717190847156,16.3381683751724,77.4648455551358,25
234.49901,1257.16370051664,-23.671719084737,-23.671719084737,16.3381683751752,77.481113242737,25
234.59901,1257.16370051662,-23.6717190847154,-23.6717190847154,16.3381683751725,77.4973767307058,25
234.69901,1257.16370051663,-23.6717190847367,-23.6717190847367,16.3381683751752,77.5136360201243,25
234.79901,1257.16370051661,-23.671719084715,-23.671719084715,16.3381683751724,77.5298911120777,25
234.89901,1257.16370051663,-23.6717190847364,-23.6717190847364,16.3381683751752,77.5461420076498,25
234.99901,1257.16370051661,-23.6717190847147,-23.6717190847147,16.3381683751724,77.5623887079229,25
235.09901,1257.16370051663,-23.6717190847362,-23.6717190847362,16.3381683751752,77.57863121398,25
235.19901,1257.16370051661,-23.6717190847144,-23.6717190847144,16.3381683751723,77.5948695269051,25
235.29901,1257.16370051663,-23.6717190847358,-23.6717190847358,16.3381683751751,77.6111036477806,25
235.39901,1257.16370051661,-23.6717190847142,-23.6717190847142,16.3381683751723,77.6273335776876,25
235.49901,1257.16370051663,-23.6717190847355,-23.6717190847355,16.338168375175,77.6435593177087,25
235.59901,1257.16370051661,-23.6717190847139,-23.6717190847139,16.3381683751722,77.659780868925,25
235.69901,1257.16370051662,-23.6717190847352,-23.6717190847352,16.338168375175,77.6759982324185,25
235.79901,1257.1637005166,-23.6717190847136,-23.6717190847136,16.3381683751722,77.6922114092702,25
235.89901,1257.16370051662,-23.671719084735,-23.671719084735,16.3381683751749,77.7084204005612,25
235.99901,1257.1637005166,-23.6717190847133,-23.6717190847133,16.3381683751722,77.7246252073712,25
236.09901,1257.16370051662,-23.6717190847347,-23.6717190847347,16.338168375175,77.7408258307814,25
236.19901,1257.1637005166,-23.6717190847129,-23.6717190847129,16.3381683751722,77.7570222718709,25
236.29901,1257.16370051662,-23.6717190847344,-23.6717190847344,16.338168375175,77.7732145317191,25
236.39901,1257.1637005166,-23.6717190847126,-23.6717190847126,16.3381683751722,77.7894026114068,25
236.49901,1257.16370051661,-23.6717190847341,-23.6717190847341,16.338168375175,77.8055865120128,25
236.59901,1257.16370051659,-23.6717190847122,-23.6717190847122,16.3381683751721,77.8217662346154,25
236.69901,1257.16370051661,-23.6717190847338,-23.6717190847338,16.3381683751749,77.837941780293,25
236.79901,1257.16370051659,-23.6717190847119,-23.6717190847119,16.3381683751721,77.8541131501247,25
236.89901,1257.16370051661,-23.6717190847334,-23.6717190847334,16.3381683751748,77.8702803451883,25
236.99901,1257.16370051659,-23.6717190847116,-23.6717190847116,16.3381683751721,77.8864433665611,25
237.09901,1257.16370051661,-23.6717190847332,-23.6717190847332,16.3381683751748,77.9026022153212,25
237.19901,1257.16370051659,-23.6717190847114,-23.6717190847114,16.3381683751721,77.9187568925457,25
237.29901,1257.16370051661,-23.6717190847329,-23.6717190847329,16.3381683751748,77.9349073993113,25
237.39901,1257.16370051659,-23.6717190847111,-23.6717190847111,16.338168375172,77.9510537366938,25
237.49901,1257.1637005166,-23.6717190847325,-23.6717190847325,16.3381683751747,77.967195905771,25
237.59901,1257.16370051658,-23.6717190847109,-23.6717190847109,16.338168375172,77.9833339076181,25
237.69901,1257.1637005166,-23.6717190847323,-23.6717190847323,16.3381683751748,77.9994677433101,25
237.79901,1257.16370051658,-23.6717190847106,-23.6717190847106,16.3381683751719,78.0155974139256,25
237.89901,1257.1637005166,-23.6717190847319,-23.6717190847319,16.3381683751747,78.0317229205369,25
237.99901,1257.16370051658,-23.6717190847104,-23.6717190847104,16.3381683751719,78.04784426422,25
238.09901,1257.1637005166,-23.6717190847316,-23.6717190847316,16.3381683751747,78.0639614460487,25
238.19901,1257.16370051658,-23.6717190847101,-23.6717190847101,16.3381683751719,78.0800744670991,25
238.29901,1257.1637005166,-23.6717190847313,-23.6717190847313,16.3381683751747,78.0961833284437,25
238.39901,1257.16370051658,-23.6717190847098,-23.6717190847098,16.3381683751719,78.1122880311573,25
238.49901,1257.16370051659,-23.6717190847311,-23.6717190847311,16.3381683751747,78.1283885763135,25
238.59901,1257.16370051657,-23.6717190847096,-23.6717190847096,16.3381683751718,78.1444849649862,25
238.69901,1257.16370051659,-23.6717190847308,-23.6717190847308,16.3381683751747,78.1605771982474,25
238.79901,1257.16370051657,-23.6717190847092,-23.6717190847092,16.3381683751717,78.1766652771701,25
238.89901,1257.16370051659,-23.6717190847305,-23.6717190847305,16.3381683751745,78.1927492028264,25
238.99901,1257.16370051657,-23.6717190847089,-23.6717190847089,16.3381683751717,78.2088289762893,25
239.09901,1257.16370051659,-23.6717190847301,-23.6717190847301,16.3381683751746,78.2249045986298,25
239.19901,1257.16370051657,-23.6717190847086,-23.6717190847086,16.3381683751717,78.2409760709202,25
239.29901,1257.16370051658,-23.6717190847299,-23.6717190847299,16.3381683751745,78.2570433942313,25
239.39901,1257.16370051657,-23.6717190847082,-23.6717190847082,16.3381683751716,78.2731065696342,25
239.49901,1257.16370051658,-23.6717190847296,-23.6717190847296,16.3381683751744,78.2891655982006,25
239.59901,1257.16370051657,-23.6717190847079,-23.6717190847079,16.3381683751715,78.3052204810008,25
239.69901,1257.16370051658,-23.6717190847292,-23.6717190847292,16.3381683751744,78.3212712191042,25
239.79901,1257.16370051656,-23.6717190847075,-23.6717190847075,16.3381683751715,78.3373178135813,25
239.89901,1257.16370051658,-23.671719084729,-23.671719084729,16.3381683751743,78.3533602655021,25
239.99901,1257.16370051656,-23.6717190847073,-23.6717190847073,16.3381683751716,78.3693985759367,25
240.09901,1257.16370051658,-23.6717190847286,-23.6717190847286,16.3381683751742,78.3854327459526,25
240.19901,1257.16370051656,-23.6717190847071,-23.6717190847071,16.3381683751715,78.40146277662,25
240.29901,1257.16370051658,-23.6717190847283,-23.6717190847283,16.3381683751742,78.417488669006,25
240.39901,1257.16370051656,-23.6717190847067,-23.6717190847067,16.3381683751714,78.4335104241804,25
240.49901,1257.16370051658,-23.671719084728,-23.671719084728,16.3381683751742,78.4495280432109,25
240.59901,1257.16370051656,-23.6717190847065,-23.6717190847065,16.3381683751714,78.4655415271646,25
240.69901,1257.16370051657,-23.6717190847277,-23.6717190847277,16.3381683751742,78.4815508771096,25
240.79901,1257.16370051655,-23.6717190847061,-23.6717190847061,16.3381683751714,78.4975560941134,25
240.89901,1257.16370051657,-23.6717190847275,-23.6717190847275,16.3381683751741,78.513557179243,25
240.99901,1257.16370051655,-23.6717190847057,-23.6717190847057,16.3381683751713,78.5295541335651,25
241.09901,1257.16370051657,-23.671719084727,-23.671719084727,16.338168375174,78.5455469581457,25
241.19901,1257.16370051655,-23.6717190847054,-23.6717190847054,16.3381683751713,78.5615356540507,25
241.29901,1257.16370051657,-23.6717190847268,-23.6717190847268,16.3381683751741,78.5775202223463,25
241.39901,1257.16370051655,-23.6717190847051,-23.6717190847051,16.3381683751712,78.5935006640975,25
241.49901,1257.16370051657,-23.6717190847265,-23.6717190847265,16.338168375174,78.6094769803707,25
241.59901,1257.16370051655,-23.6717190847048,-23.6717190847048,16.3381683751712,78.6254491722297,25
241.69901,1257.16370051657,-23.6717190847262,-23.6717190847262,16.338168375174,78.6414172407397,25
241.79901,1257.16370051655,-23.6717190847044,-23.6717190847044,16.3381683751711,78.6573811869647,25
241.89901,1257.16370051656,-23.6717190847259,-23.6717190847259,16.3381683751739,78.673341011969,25
241.99901,1257.16370051655,-23.6717190847041,-23.6717190847041,16.3381683751712,78.6892967168181,25
242.09901,1257.16370051656,-23.6717190847255,-23.6717190847255,16.3381683751738,78.7052483025752,25
242.19901,1257.16370051654,-23.6717190847036,-23.6717190847036,16.3381683751711,78.7211957703024,25
242.29901,1257.16370051656,-23.6717190847252,-23.6717190847252,16.3381683751738,78.7371391210641,25
242.39901,1257.16370051654,-23.6717190847034,-23.6717190847034,16.3381683751711,78.7530783559221,25
242.49901,1257.16370051656,-23.6717190847247,-23.6717190847247,16.3381683751737,78.769013475939,25
242.59901,1257.16370051654,-23.6717190847031,-23.6717190847031,16.338168375171,78.7849444821776,25
242.69901,1257.16370051656,-23.6717190847244,-23.6717190847244,16.3381683751737,78.800871375699,25
242.79901,1257.16370051654,-23.6717190847028,-23.6717190847028,16.338168375171,78.8167941575659,25
242.89901,1257.16370051655,-23.671719084724,-23.671719084724,16.3381683751736,78.8327128288399,25
242.99901,1257.16370051654,-23.6717190847024,-23.6717190847024,16.3381683751709,78.8486273905818,25
243.09901,1257.16370051655,-23.6717190847237,-23.6717190847237,16.3381683751735,78.8645378438523,25
243.19901,1257.16370051653,-23.6717190847021,-23.6717190847021,16.3381683751709,78.8804441897121,25
243.29901,1257.16370051655,-23.6717190847234,-23.6717190847234,16.3381683751735,78.8963464292222,25
243.39901,1257.16370051653,-23.6717190847017,-23.6717190847017,16.3381683751707,78.9122445634422,25
243.49901,1257.16370051655,-23.6717190847231,-23.6717190847231,16.3381683751735,78.9281385934325,25
243.59901,1257.16370051653,-23.6717190847013,-23.6717190847013,16.3381683751707,78.9440285202517,25
243.69901,1257.16370051655,-23.6717190847228,-23.6717190847228,16.3381683751734,78.9599143449589,25
243.79901,1257.16370051653,-23.6717190847011,-23.6717190847011,16.3381683751707,78.9757960686139,25
243.89901,1257.16370051654,-23.6717190847225,-23.6717190847225,16.3381683751733,78.9916736922748,25
243.99901,1257.16370051653,-23.6717190847008,-23.6717190847008,16.3381683751707,79.007547217,25
244.09901,1257.16370051654,-23.6717190847221,-23.6717190847221,16.3381683751734,79.0234166438481,25
244.19901,1257.16370051653,-23.6717190847004,-23.6717190847004,16.3381683751707,79.0392819738776,25
244.29901,1257.16370051654,-23.6717190847219,-23.6717190847219,16.3381683751735,79.0551432081448,25
244.39901,1257.16370051652,-23.6717190847001,-23.6717190847001,16.3381683751706,79.0710003477081,25
244.49901,1257.16370051654,-23.6717190847216,-23.6717190847216,16.3381683751734,79.0868533936244,25
244.59901,1257.16370051652,-23.6717190846998,-23.6717190846998,16.3381683751706,79.1027023469506,25
244.69901,1257.16370051654,-23.6717190847213,-23.6717190847213,16.3381683751733,79.1185472087418,25
244.79901,1257.16370051652,-23.6717190846995,-23.6717190846995,16.3381683751705,79.1343879800559,25
244.89901,1257.16370051653,-23.6717190847209,-23.6717190847209,16.3381683751733,79.1502246619483,25
244.99901,1257.16370051652,-23.6717190846991,-23.6717190846991,16.3381683751705,79.166057255475,25
245.09901,1257.16370051653,-23.6717190847205,-23.6717190847205,16.3381683751732,79.1818857616919,25
245.19901,1257.16370051652,-23.6717190846989,-23.6717190846989,16.3381683751704,79.1977101816532,25
245.29901,1257.16370051653,-23.6717190847202,-23.6717190847202,16.3381683751732,79.2135305164134,25
245.39901,1257.16370051651,-23.6717190846986,-23.6717190846986,16.3381683751704,79.229346767028,25
245.49901,1257.16370051653,-23.67171908472,-23.67171908472,16.3381683751732,79.2451589345519,25
245.59901,1257.16370051651,-23.6717190846982,-23.6717190846982,16.3381683751703,79.2609670200383,25
245.69901,1257.16370051653,-23.6717190847196,-23.6717190847196,16.3381683751732,79.2767710245413,25
245.79901,1257.16370051651,-23.6717190846979,-23.6717190846979,16.3381683751703,79.2925709491143,25
245.89901,1257.16370051652,-23.6717190847193,-23.6717190847193,16.3381683751732,79.3083667948106,25
245.99901,1257.16370051651,-23.6717190846976,-23.6717190846976,16.3381683751703,79.3241585626832,25
246.09901,1257.16370051652,-23.671719084719,-23.671719084719,16.3381683751731,79.339946253785,25
246.19901,1257.16370051651,-23.6717190846973,-23.6717190846973,16.3381683751702,79.3557298691682,25
246.29901,1257.16370051652,-23.6717190847186,-23.6717190847186,16.3381683751731,79.3715094098845,25
246.39901,1257.1637005165,-23.671719084697,-23.671719084697,16.3381683751702,79.3872848769869,25
246.49901,1257.16370051652,-23.6717190847183,-23.6717190847183,16.338168375173,79.4030562715263,25
246.59901,1257.1637005165,-23.6717190846966,-23.6717190846966,16.3381683751701,79.4188235945533,25
246.69901,1257.16370051652,-23.671719084718,-23.671719084718,16.338168375173,79.4345868471212,25
246.79901,1257.1637005165,-23.6717190846963,-23.6717190846963,16.3381683751701,79.4503460302788,25
246.89901,1257.16370051651,-23.6717190847177,-23.6717190847177,16.3381683751729,79.4661011450779,25
246.99901,1257.1637005165,-23.671719084696,-23.671719084696,16.3381683751701,79.4818521925677,25
247.09901,1257.16370051651,-23.6717190847173,-23.6717190847173,16.3381683751729,79.497599173799,25
247.19901,1257.16370051649,-23.6717190846957,-23.6717190846957,16.33816837517,79.5133420898219,25
247.29901,1257.16370051651,-23.6717190847171,-23.6717190847171,16.3381683751728,79.5290809416847,25
247.39901,1257.16370051649,-23.6717190846955,-23.6717190846955,16.33816837517,79.5448157304374,25
247.49901,1257.16370051651,-23.6717190847168,-23.6717190847168,16.3381683751728,79.5605464571293,25
247.59901,1257.16370051649,-23.6717190846951,-23.6717190846951,16.33816837517,79.5762731228079,25
247.69901,1257.16370051651,-23.6717190847166,-23.6717190847166,16.3381683751728,79.5919957285223,25
247.79901,1257.16370051649,-23.6717190846948,-23.6717190846948,16.3381683751699,79.6077142753202,25
247.89901,1257.16370051651,-23.6717190847162,-23.6717190847162,16.3381683751728,79.6234287642504,25
247.99901,1257.16370051649,-23.6717190846945,-23.6717190846945,16.33816837517,79.6391391963597,25
248.09901,1257.16370051651,-23.671719084716,-23.671719084716,16.3381683751727,79.6548455726955,25
248.19901,1257.16370051649,-23.671719084694,-23.671719084694,16.3381683751699,79.6705478943038,25
248.29901,1257.1637005165,-23.6717190847156,-23.6717190847156,16.3381683751726,79.6862461622336,25
248.39901,1257.16370051648,-23.6717190846937,-23.6717190846937,16.3381683751698,79.7019403775289,25
248.49901,1257.1637005165,-23.6717190847152,-23.6717190847152,16.3381683751726,79.7176305412381,25
248.59901,1257.16370051648,-23.6717190846936,-23.6717190846936,16.3381683751697,79.7333166544063,25
248.69901,1257.1637005165,-23.6717190847149,-23.6717190847149,16.3381683751725,79.7489987180787,25
248.79901,1257.16370051648,-23.6717190846933,-23.6717190846933,16.3381683751697,79.7646767333012,25
248.89901,1257.1637005165,-23.6717190847145,-23.6717190847145,16.3381683751724,79.7803507011185,25
248.99901,1257.16370051648,-23.6717190846929,-23.6717190846929,16.3381683751697,79.7960206225762,25
249.09901,1257.1637005165,-23.6717190847143,-23.6717190847143,16.3381683751725,79.8116864987194,25
249.19901,1257.16370051648,-23.6717190846926,-23.6717190846926,16.3381683751696,79.82734833059,25
249.29901,1257.16370051649,-23.6717190847141,-23.6717190847141,16.3381683751724,79.8430061192347,25
249.39901,1257.16370051647,-23.6717190846923,-23.6717190846923,16.3381683751696,79.858659865696,25
249.49901,1257.16370051649,-23.6717190847137,-23.6717190847137,16.3381683751724,79.8743095710172,25
249.59901,1257.16370051647,-23.6717190846921,-23.6717190846921,16.3381683751696,79.8899552362431,25
249.69901,1257.16370051649,-23.6717190847135,-23.6717190847135,16.3381683751723,79.9055968624146,25
249.79901,1257.16370051647,-23.6717190846917,-23.6717190846917,16.3381683751697,79.9212344505763,25
249.89901,1257.16370051649,-23.6717190847133,-23.6717190847133,16.3381683751723,79.9368680017699,25
249.99901,1257.16370051647,-23.6717190846914,-23.6717190846914,16.3381683751697,79.9524975170361,25
250.09901,1257.16370051649,-23.671719084713,-23.671719084713,16.3381683751723,79.9681229974197,25
250.199,1257.19250843534,-23.6135382852114,-23.6135382852114,16.3945136603342,79.9837407718595,25
250.299,1257.19250843536,-23.6135382852329,-23.6135382852329,16.394513660337,79.9993581858862,25
250.399,1257.19250843534,-23.6135382852112,-23.6135382852112,16.394513660334,80.0149715681524,25
250.49901,1257.16370051648,-23.6717190847124,-23.6717190847124,16.3381683751721,80.0305845909383,25
250.59901,1257.16370051646,-23.6717190846907,-23.6717190846907,16.3381683751694,80.0461899125195,25
250.699,1257.19250843536,-23.6135382852323,-23.6135382852323,16.3945136603369,80.0617875347972,25
250.799,1257.19250843533,-23.6135382852106,-23.6135382852106,16.394513660334,80.0773848004282,25
250.899,1257.19250843535,-23.6135382852321,-23.6135382852321,16.3945136603368,80.0929780395004,25
250.99901,1257.16370051646,-23.67171908469,-23.67171908469,16.3381683751694,80.1085709228574,25
251.09901,1257.16370051648,-23.6717190847117,-23.6717190847117,16.3381683751721,80.1241561116442,25
251.199,1257.19250843533,-23.61353828521,-23.61353828521,16.394513660334,80.139733607759,25
251.299,1257.19250843535,-23.6135382852316,-23.6135382852316,16.3945136603368,80.1553107509887,25
251.399,1257.19250843533,-23.6135382852097,-23.6135382852097,16.394513660334,80.1708838728552,25
251.49901,1257.16370051647,-23.6717190847111,-23.6717190847111,16.338168375172,80.186456642766,25
251.59901,1257.16370051645,-23.6717190846891,-23.6717190846891,16.3381683751693,80.2020217247328,25
251.699,1257.19250843534,-23.6135382852309,-23.6135382852309,16.3945136603368,80.2175791206514,25
251.799,1257.19250843532,-23.6135382852091,-23.6135382852091,16.394513660334,80.2331361674409,25
251.899,1257.19250843534,-23.6135382852306,-23.6135382852306,16.3945136603368,80.2486891980541,25
251.99901,1257.16370051645,-23.6717190846886,-23.6717190846886,16.3381683751692,80.2642418804678,25
252.09901,1257.16370051647,-23.6717190847101,-23.6717190847101,16.338168375172,80.2797868815538,25
252.199,1257.19250843532,-23.6135382852087,-23.6135382852087,16.3945136603338,80.2953242032062,25
252.299,1257.19250843534,-23.6135382852302,-23.6135382852302,16.3945136603367,80.3108611794823,25
252.399,1257.19250843532,-23.6135382852085,-23.6135382852085,16.3945136603337,80.3263941447631,25
252.49901,1257.16370051646,-23.6717190847096,-23.6717190847096,16.3381683751719,80.3419267655945,25
252.59901,1257.16370051644,-23.6717190846879,-23.6717190846879,16.3381683751691,80.3574517117063,25
252.699,1257.19250843533,-23.6135382852296,-23.6135382852296,16.3945136603367,80.3729689849913,25
252.799,1257.19250843531,-23.6135382852078,-23.6135382852078,16.3945136603337,80.3884859166467,25
252.899,1257.19250843533,-23.6135382852293,-23.6135382852293,16.3945136603366,80.4039988424829,25
252.99901,1257.16370051644,-23.6717190846874,-23.6717190846874,16.338168375169,80.4195114276149,25
253.09901,1257.16370051646,-23.6717190847088,-23.6717190847088,16.3381683751718,80.4350163446272,25
253.199,1257.19250843531,-23.6135382852073,-23.6135382852073,16.3945136603336,80.4505135954095,25
253.299,1257.19250843533,-23.6135382852286,-23.6135382852286,16.3945136603365,80.4660105083053,25
253.399,1257.19250843531,-23.6135382852071,-23.6135382852071,16.3945136603336,80.4815034205483,25
253.49901,1257.16370051645,-23.6717190847081,-23.6717190847081,16.3381683751718,80.496995995829,25
253.59901,1257.16370051643,-23.6717190846865,-23.6717190846865,16.338168375169,80.5124809095815,25
253.699,1257.19250843532,-23.6135382852281,-23.6135382852281,16.3945136603366,80.527958163693,25
253.799,1257.1925084353,-23.6135382852066,-23.6135382852066,16.3945136603336,80.5434350836537,25
253.899,1257.19250843532,-23.6135382852278,-23.6135382852278,16.3945136603365,80.558908008124,25
253.99901,1257.16370051643,-23.6717190846859,-23.6717190846859,16.3381683751689,80.5743805993678,25
254.09901,1257.16370051645,-23.6717190847073,-23.6717190847073,16.3381683751717,80.5898455356662,25
254.199,1257.1925084353,-23.6135382852059,-23.6135382852059,16.3945136603335,80.6053028189047,25
254.299,1257.19250843532,-23.6135382852273,-23.6135382852273,16.3945136603364,80.6207597717251,25
254.399,1257.1925084353,-23.6135382852058,-23.6135382852058,16.3945136603335,80.6362127342094,25
254.49901,1257.16370051644,-23.6717190847068,-23.6717190847068,16.3381683751716,80.6516653671992,25
254.59901,1257.16370051642,-23.6717190846852,-23.6717190846852,16.3381683751688,80.6671103518186,25
254.699,1257.19250843531,-23.6135382852267,-23.6135382852267,16.3945136603363,80.6825476899492,25
254.799,1257.19250843529,-23.6135382852052,-23.6135382852052,16.3945136603334,80.6979847013889,25
254.899,1257.19250843531,-23.6135382852264,-23.6135382852264,16.3945136603363,80.7134177276409,25
254.99901,1257.16370051642,-23.6717190846845,-23.6717190846845,16.3381683751687,80.7288504281243,25
255.09901,1257.16370051644,-23.6717190847059,-23.6717190847059,16.3381683751716,80.7442754868036,25
255.199,1257.19250843529,-23.6135382852047,-23.6135382852047,16.3945136603333,80.7596929055584,25
255.299,1257.19250843531,-23.6135382852259,-23.6135382852259,16.3945136603362,80.7751100013451,25
255.399,1257.19250843529,-23.6135382852045,-23.6135382852045,16.3945136603334,80.7905231170859,25
255.49901,1257.16370051643,-23.6717190847054,-23.6717190847054,16.3381683751715,80.8059359107793,25
255.59901,1257.16370051641,-23.6717190846837,-23.6717190846837,16.3381683751687,80.8213410692256,25
255.699,1257.1925084353,-23.6135382852252,-23.6135382852252,16.3945136603363,80.8367385943021,25
255.799,1257.19250843528,-23.6135382852037,-23.6135382852037,16.3945136603332,80.8521358001298,25
255.899,1257.1925084353,-23.613538285225,-23.613538285225,16.3945136603362,80.8675290310455,25
255.99901,1257.16370051641,-23.6717190846831,-23.6717190846831,16.3381683751685,80.8829219436309,25
256.09901,1257.16370051643,-23.6717190847044,-23.6717190847044,16.3381683751713,80.898307227518,25
256.199,1257.19250843528,-23.613538285203,-23.613538285203,16.3945136603331,80.9136848845816,25
256.299,1257.1925084353,-23.6135382852242,-23.6135382852242,16.394513660336,80.9290622261095,25
256.399,1257.19250843528,-23.6135382852027,-23.6135382852027,16.394513660333,80.9444355978536,25
256.499,1257.1925084353,-23.6135382852239,-23.6135382852239,16.3945136603359,80.9598050008393,25
256.59901,1257.16370051641,-23.6717190846821,-23.6717190846821,16.3381683751684,80.9751740899486,25
256.699,1257.19250843529,-23.6135382852236,-23.6135382852236,16.3945136603359,80.9905319046325,25
256.799,1257.19250843528,-23.6135382852021,-23.6135382852021,16.394513660333,81.0058894074887,25
256.899,1257.19250843529,-23.6135382852233,-23.6135382852233,16.3945136603359,81.0212429456816,25
256.999,1257.19250843527,-23.6135382852017,-23.6135382852017,16.394513660333,81.0365925202369,25
257.09901,1257.16370051642,-23.6717190847028,-23.6717190847028,16.3381683751711,81.0519417846232,25
257.199,1257.19250843527,-23.6135382852015,-23.6135382852015,16.3945136603329,81.0672797825254,25
257.299,1257.19250843529,-23.6135382852228,-23.6135382852228,16.3945136603358,81.0826174723036,25
257.399,1257.19250843527,-23.6135382852011,-23.6135382852011,16.3945136603329,81.097951202535,25
257.499,1257.19250843529,-23.6135382852225,-23.6135382852225,16.3945136603359,81.1132809742417,25
257.59901,1257.1637005164,-23.6717190846805,-23.6717190846805,16.3381683751682,81.1286104394797,25
257.699,1257.19250843529,-23.6135382852222,-23.6135382852222,16.3945136603358,81.1439286461661,25
257.799,1257.19250843527,-23.6135382852005,-23.6135382852005,16.3945136603327,81.1592465484288,25
257.899,1257.19250843528,-23.6135382852219,-23.6135382852219,16.3945136603357,81.1745604962526,25
257.999,1257.19250843526,-23.6135382852003,-23.6135382852003,16.3945136603327,81.1898704906583,25
258.09901,1257.16370051641,-23.6717190847014,-23.6717190847014,16.3381683751709,81.205180182292,25
258.199,1257.19250843526,-23.6135382852,-23.6135382852,16.3945136603327,81.2204786232974,25
258.299,1257.19250843528,-23.6135382852214,-23.6135382852214,16.3945136603356,81.2357767635717,25
258.399,1257.19250843526,-23.6135382851997,-23.6135382851997,16.3945136603327,81.2510709545081,25
258.499,1257.19250843528,-23.6135382852212,-23.6135382852212,16.3945136603357,81.266361197128,25
258.59901,1257.16370051639,-23.671719084679,-23.671719084679,16.3381683751681,81.2816511406673,25
258.699,1257.19250843527,-23.6135382852209,-23.6135382852209,16.3945136603357,81.2969298414911,25
258.799,1257.19250843526,-23.6135382851991,-23.6135382851991,16.3945136603327,81.3122082452731,25
258.899,1257.19250843527,-23.6135382852205,-23.6135382852205,16.3945136603356,81.3274827048129,25
258.999,1257.19250843526,-23.6135382851987,-23.6135382851987,16.3945136603326,81.3427532211288,25
259.09901,1257.1637005164,-23.6717190846998,-23.6717190846998,16.3381683751709,81.3580234420532,25
259.199,1257.19250843525,-23.6135382851984,-23.6135382851984,16.3945136603326,81.3732824281617,25
259.299,1257.19250843527,-23.6135382852198,-23.6135382852198,16.3945136603355,81.3885411209139,25
259.399,1257.19250843525,-23.6135382851982,-23.6135382851982,16.3945136603325,81.403795874513,25
259.499,1257.19250843526,-23.6135382852196,-23.6135382852196,16.3945136603356,81.4190466899749,25
259.59901,1257.16370051637,-23.6717190846776,-23.6717190846776,16.3381683751679,81.4342972137266,25
259.699,1257.19250843526,-23.6135382852193,-23.6135382852193,16.3945136603355,81.4495365105554,25
259.799,1257.19250843525,-23.6135382851977,-23.6135382851977,16.3945136603324,81.4647755177061,25
259.899,1257.19250843526,-23.6135382852189,-23.6135382852189,16.3945136603354,81.4800105907861,25
259.999,1257.19250843524,-23.6135382851975,-23.6135382851975,16.3945136603324,81.4952417308105,25
260.09901,1257.16370051638,-23.6717190846984,-23.6717190846984,16.3381683751707,81.5104725828024,25
260.199,1257.19250843524,-23.6135382851972,-23.6135382851972,16.3945136603324,81.5256922157517,25
260.299,1257.19250843526,-23.6135382852183,-23.6135382852183,16.3945136603354,81.5409115626996,25
260.399,1257.19250843524,-23.613538285197,-23.613538285197,16.3945136603324,81.5561269806517,25
260.499,1257.19250843525,-23.6135382852181,-23.6135382852181,16.3945136603354,81.571338470622,25
260.59901,1257.16370051636,-23.6717190846762,-23.6717190846762,16.3381683751678,81.5865496762331,25
260.699,1257.19250843525,-23.6135382852178,-23.6135382852178,16.3945136603355,81.6017496706742,25
260.799,1257.19250843524,-23.6135382851964,-23.6135382851964,16.3945136603323,81.6169493827825,25
260.899,1257.19250843525,-23.6135382852175,-23.6135382852175,16.3945136603354,81.6321451709638,25
260.999,1257.19250843523,-23.6135382851961,-23.6135382851961,16.3945136603323,81.6473370362319,25
261.09901,1257.16370051638,-23.6717190846969,-23.6717190846969,16.3381683751707,81.6625286208087,25
261.199,1257.19250843523,-23.6135382851957,-23.6135382851957,16.3945136603322,81.6777090020754,25
261.299,1257.19250843525,-23.6135382852169,-23.6135382852169,16.3945136603353,81.6928891046766,25
261.399,1257.19250843523,-23.6135382851954,-23.6135382851954,16.3945136603322,81.7080652884122,25
261.499,1257.19250843525,-23.6135382852166,-23.6135382852166,16.3945136603353,81.7232375542958,25
261.59901,1257.16370051636,-23.6717190846748,-23.6717190846748,16.3381683751676,81.7384095431512,25
261.699,1257.19250843524,-23.6135382852162,-23.6135382852162,16.3945136603352,81.7535703365476,25
261.799,1257.19250843523,-23.6135382851948,-23.6135382851948,16.394513660332,81.7687308549387,25
261.899,1257.19250843524,-23.613538285216,-23.613538285216,16.3945136603352,81.7838874595213,25
261.999,1257.19250843523,-23.6135382851944,-23.6135382851944,16.394513660332,81.7990401513048,25
262.09901,1257.16370051637,-23.6717190846955,-23.6717190846955,16.3381683751705,81.8141925697199,25
262.199,1257.19250843522,-23.6135382851942,-23.6135382851942,16.394513660332,81.8293338005168,25
262.299,1257.19250843524,-23.6135382852154,-23.6135382852154,16.3945136603351,81.8444747599647,25
262.399,1257.19250843522,-23.613538285194,-23.613538285194,16.394513660332,81.8596118106534,25
262.499,1257.19250843524,-23.613538285215,-23.613538285215,16.3945136603351,81.8747449535914,25
262.59901,1257.16370051635,-23.6717190846733,-23.6717190846733,16.3381683751674,81.8898778268152,25
262.699,1257.19250843523,-23.6135382852149,-23.6135382852149,16.394513660335,81.9049995202511,25
262.799,1257.19250843522,-23.6135382851933,-23.6135382851933,16.3945136603319,81.9201209459899,25
262.899,1257.19250843523,-23.6135382852144,-23.6135382852144,16.394513660335,81.9352384680122,25
262.999,1257.19250843522,-23.613538285193,-23.613538285193,16.3945136603318,81.9503520873245,25
263.09901,1257.16370051636,-23.6717190846939,-23.6717190846939,16.3381683751703,81.9654654405714,25
263.199,1257.19250843522,-23.6135382851927,-23.6135382851927,16.3945136603317,81.9805676218525,25
263.299,1257.19250843523,-23.6135382852137,-23.6135382852137,16.3945136603348,81.9956695390825,25
263.399,1257.19250843521,-23.6135382851923,-23.6135382851923,16.3945136603317,82.0107675576312,25
263.499,1257.19250843523,-23.6135382852134,-23.6135382852134,16.3945136603348,82.0258616785067,25
263.59901,1257.16370051634,-23.6717190846716,-23.6717190846716,16.3381683751672,82.0409555369612,25
263.699,1257.19250843522,-23.6135382852131,-23.6135382852131,16.3945136603347,82.0560382312595,25
263.799,1257.19250843521,-23.6135382851916,-23.6135382851916,16.3945136603316,82.0711206651493,25
263.899,1257.19250843522,-23.6135382852127,-23.6135382852127,16.3945136603347,82.0861992053875,25
263.999,1257.19250843521,-23.6135382851912,-23.6135382851912,16.3945136603316,82.1012738529801,25
264.09901,1257.16370051635,-23.6717190846923,-23.6717190846923,16.33816837517,82.1163482417922,25
264.199,1257.1925084352,-23.6135382851909,-23.6135382851909,16.3945136603315,82.1314114742484,25
264.299,1257.19250843522,-23.6135382852122,-23.6135382852122,16.3945136603346,82.1464744499332,25
264.399,1257.1925084352,-23.6135382851906,-23.6135382851906,16.3945136603315,82.1615335369912,25
264.499,1257.19250843522,-23.6135382852119,-23.6135382852119,16.3945136603346,82.1765887364253,25
264.59901,1257.16370051633,-23.67171908467,-23.67171908467,16.338168375167,82.1916436807132,25
264.699,1257.19250843521,-23.6135382852117,-23.6135382852117,16.3945136603346,82.2066874764357,25
264.799,1257.1925084352,-23.6135382851901,-23.6135382851901,16.3945136603315,82.2217310190188,25
264.899,1257.19250843521,-23.6135382852114,-23.6135382852114,16.3945136603346,82.236770677992,25
264.999,1257.1925084352,-23.6135382851899,-23.6135382851899,16.3945136603315,82.2518064543565,25
265.09901,1257.16370051634,-23.671719084691,-23.671719084691,16.3381683751699,82.2668419792068,25
265.199,1257.19250843519,-23.6135382851896,-23.6135382851896,16.3945136603315,82.281866363271,25
265.299,1257.19250843521,-23.613538285211,-23.613538285211,16.3945136603345,82.2968904978245,25
265.399,1257.19250843519,-23.6135382851892,-23.6135382851892,16.3945136603313,82.3119107537777,25
265.499,1257.19250843521,-23.6135382852105,-23.6135382852105,16.3945136603343,82.3269271321316,25
265.59901,1257.16370051632,-23.6717190846686,-23.6717190846686,16.3381683751668,82.3419432625967,25
265.699,1257.19250843521,-23.6135382852101,-23.6135382852101,16.3945136603342,82.3569482600471,25
265.799,1257.19250843519,-23.6135382851886,-23.6135382851886,16.3945136603312,82.37195301161,25
265.899,1257.1925084352,-23.6135382852099,-23.6135382852099,16.3945136603342,82.3869538895762,25
265.999,1257.19250843519,-23.6135382851883,-23.6135382851883,16.3945136603312,82.401950894946,25
266.09901,1257.16370051633,-23.6717190846894,-23.6717190846894,16.3381683751696,82.4169476560468,25
266.199,1257.19250843518,-23.613538285188,-23.613538285188,16.3945136603313,82.4319332918938,25
266.299,1257.1925084352,-23.6135382852094,-23.6135382852094,16.3945136603342,82.4469186854712,25
266.399,1257.19250843518,-23.6135382851876,-23.6135382851876,16.3945136603313,82.4619002104493,25
266.499,1257.1925084352,-23.6135382852091,-23.6135382852091,16.3945136603342,82.476877867827,25
266.59901,1257.16370051631,-23.671719084667,-23.671719084667,16.3381683751668,82.4918552845537,25
266.699,1257.1925084352,-23.6135382852088,-23.6135382852088,16.3945136603342,82.506821583776,25
266.799,1257.19250843518,-23.6135382851871,-23.6135382851871,16.3945136603313,82.5217876443427,25
266.899,1257.19250843519,-23.6135382852086,-23.6135382852086,16.3945136603341,82.536749841302,25
266.999,1257.19250843518,-23.6135382851867,-23.6135382851867,16.3945136603312,82.5517081756508,25
267.09901,1257.16370051632,-23.6717190846879,-23.6717190846879,16.3381683751695,82.5666662729591,25
267.199,1257.19250843517,-23.6135382851864,-23.6135382851864,16.3945136603311,82.5816132605032,25
267.299,1257.19250843519,-23.6135382852078,-23.6135382852078,16.3945136603341,82.5965600130016,25
267.399,1257.19250843517,-23.6135382851861,-23.6135382851861,16.3945136603311,82.6115029068763,25
267.499,1257.19250843519,-23.6135382852075,-23.6135382852075,16.394513660334,82.626441943124,25
267.59901,1257.1637005163,-23.6717190846655,-23.6717190846655,16.3381683751665,82.6413807459395,25
267.699,1257.19250843519,-23.6135382852072,-23.6135382852072,16.3945136603339,82.6563084467205,25
267.799,1257.19250843517,-23.6135382851857,-23.6135382851857,16.394513660331,82.6712359160603,25
267.899,1257.19250843518,-23.6135382852069,-23.6135382852069,16.394513660334,82.6861595317545,25
267.999,1257.19250843517,-23.6135382851854,-23.6135382851854,16.394513660331,82.7010792947978,25
268.09901,1257.16370051631,-23.6717190846864,-23.6717190846864,16.3381683751693,82.7159988280112,25
268.199,1257.19250843516,-23.6135382851851,-23.6135382851851,16.394513660331,82.7309072669108,25
268.299,1257.19250843518,-23.6135382852064,-23.6135382852064,16.3945136603339,82.7458154779695,25
268.399,1257.19250843516,-23.6135382851848,-23.6135382851848,16.394513660331,82.7607198403538,25
268.499,1257.19250843518,-23.6135382852061,-23.6135382852061,16.3945136603339,82.7756203550584,25
268.59901,1257.16370051629,-23.6717190846641,-23.6717190846641,16.3381683751664,82.7905206435312,25
268.699,1257.19250843518,-23.6135382852058,-23.6135382852058,16.3945136603339,82.805409845401,25
268.799,1257.19250843516,-23.6135382851842,-23.6135382851842,16.3945136603309,82.8202988230236,25
268.899,1257.19250843517,-23.6135382852054,-23.6135382852054,16.3945136603338,82.8351839569382,25
268.999,1257.19250843516,-23.6135382851839,-23.6135382851839,16.3945136603308,82.8500652481368,25
269.09901,1257.1637005163,-23.6717190846848,-23.6717190846848,16.3381683751692,82.864946316697,25
269.199,1257.19250843515,-23.6135382851836,-23.6135382851836,16.3945136603307,82.8798163063537,25
269.299,1257.19250843517,-23.6135382852048,-23.6135382852048,16.3945136603338,82.8946860753549,25
269.399,1257.19250843515,-23.6135382851834,-23.6135382851834,16.3945136603307,82.9095520056056,25
269.499,1257.19250843517,-23.6135382852045,-23.6135382852045,16.3945136603336,82.9244140980983,25
269.59901,1257.16370051628,-23.6717190846627,-23.6717190846627,16.3381683751661,82.9392759715411,25
269.699,1257.19250843517,-23.6135382852042,-23.6135382852042,16.3945136603336,82.9541267737716,25
269.799,1257.19250843515,-23.6135382851828,-23.6135382851828,16.3945136603306,82.9689773589309,25
269.899,1257.19250843516,-23.613538285204,-23.613538285204,16.3945136603336,82.9838241102939,25
269.999,1257.19250843515,-23.6135382851824,-23.6135382851824,16.3945136603306,82.9986670288489,25
270.09901,1257.16370051629,-23.6717190846835,-23.6717190846835,16.3381683751689,83.0135097319389,25
270.199,1257.19250843514,-23.6135382851821,-23.6135382851821,16.3945136603306,83.0283413714966,25
270.299,1257.19250843516,-23.6135382852034,-23.6135382852034,16.3945136603335,83.0431727975654,25
270.399,1257.19250843514,-23.6135382851818,-23.6135382851818,16.3945136603306,83.0580003947826,25
270.499,1257.19250843516,-23.6135382852031,-23.6135382852031,16.3945136603334,83.0728241641384,25
270.59901,1257.16370051627,-23.6717190846612,-23.6717190846612,16.3381683751661,83.0876477216071,25
270.699,1257.19250843516,-23.6135382852027,-23.6135382852027,16.3945136603334,83.1024602232137,25
270.799,1257.19250843514,-23.6135382851813,-23.6135382851813,16.3945136603305,83.1172725149096,25
270.899,1257.19250843515,-23.6135382852024,-23.6135382852024,16.3945136603334,83.1320809826938,25
270.999,1257.19250843514,-23.613538285181,-23.613538285181,16.3945136603305,83.1468856275541,25
271.09901,1257.16370051628,-23.6717190846818,-23.6717190846818,16.3381683751687,83.1616900641017,25
271.199,1257.19250843513,-23.6135382851807,-23.6135382851807,16.3945136603303,83.1764834524489,25
271.299,1257.19250843515,-23.6135382852018,-23.6135382852018,16.3945136603332,83.1912766344569,25
271.399,1257.19250843513,-23.6135382851803,-23.6135382851803,16.3945136603303,83.2060659974871,25
271.499,1257.19250843515,-23.6135382852015,-23.6135382852015,16.3945136603331,83.2208515425256,25
271.59901,1257.16370051626,-23.6717190846597,-23.6717190846597,16.3381683751658,83.2356368828214,25
271.699,1257.19250843515,-23.6135382852014,-23.6135382852014,16.3945136603331,83.2504111825671,25
271.799,1257.19250843513,-23.6135382851797,-23.6135382851797,16.3945136603303,83.2651852795412,25
271.899,1257.19250843515,-23.6135382852011,-23.6135382852011,16.394513660333,83.2799555624649,25
271.999,1257.19250843513,-23.6135382851793,-23.6135382851793,16.3945136603303,83.2947220323216,25
272.09901,1257.16370051627,-23.6717190846806,-23.6717190846806,16.3381683751684,83.3094883010018,25
272.199,1257.19250843513,-23.6135382851791,-23.6135382851791,16.3945136603302,83.324243536772,25
272.299,1257.19250843514,-23.6135382852005,-23.6135382852005,16.394513660333,83.3389985733348,25
272.399,1257.19250843513,-23.6135382851788,-23.6135382851788,16.3945136603301,83.3537498007666,25
272.499,1257.19250843514,-23.6135382852002,-23.6135382852002,16.394513660333,83.3684972200515,25
272.59901,1257.16370051625,-23.6717190846582,-23.6717190846582,16.3381683751656,83.3832444417207,25
272.699,1257.19250843514,-23.6135382851998,-23.6135382851998,16.394513660333,83.3979806381112,25
272.799,1257.19250843512,-23.6135382851782,-23.6135382851782,16.39451366033,83.4127166388527,25
272.899,1257.19250843514,-23.6135382851996,-23.6135382851996,16.394513660333,83.4274488353766,25
272.999,1257.19250843512,-23.6135382851779,-23.6135382851779,16.3945136603299,83.4421772286672,25
273.09901,1257.16370051626,-23.6717190846791,-23.6717190846791,16.3381683751684,83.4569054278981,25
273.199,1257.19250843512,-23.6135382851776,-23.6135382851776,16.3945136603299,83.4716226094717,25
273.299,1257.19250843513,-23.613538285199,-23.613538285199,16.3945136603329,83.4863395989499,25
273.399,1257.19250843512,-23.6135382851774,-23.6135382851774,16.3945136603298,83.50105278912,25
273.499,1257.19250843513,-23.6135382851988,-23.6135382851988,16.3945136603328,83.5157621809611,25
273.59901,1257.16370051624,-23.6717190846568,-23.6717190846568,16.3381683751655,83.5304713822955,25
273.699,1257.19250843513,-23.6135382851985,-23.6135382851985,16.3945136603328,83.5451695735844,25
273.799,1257.19250843511,-23.6135382851768,-23.6135382851768,16.3945136603298,83.5598675763257,25
273.899,1257.19250843513,-23.6135382851982,-23.6135382851982,16.3945136603328,83.5745617846607,25
273.999,1257.19250843511,-23.6135382851765,-23.6135382851765,16.3945136603298,83.5892521995684,25
274.09901,1257.16370051625,-23.6717190846776,-23.6717190846776,16.3381683751682,83.6039424275158,25
274.199,1257.19250843511,-23.6135382851763,-23.6135382851763,16.3945136603298,83.6186216530187,25
274.299,1257.19250843512,-23.6135382851976,-23.6135382851976,16.3945136603328,83.6333006935195,25
274.399,1257.19250843511,-23.6135382851761,-23.6135382851761,16.3945136603298,83.6479759445097,25
274.499,1257.19250843512,-23.6135382851973,-23.6135382851973,16.3945136603327,83.6626474069652,25
274.59901,1257.16370051623,-23.6717190846554,-23.6717190846554,16.3381683751653,83.6773186860035,25
274.699,1257.19250843512,-23.6135382851971,-23.6135382851971,16.3945136603327,83.6919789701898,25
274.799,1257.1925084351,-23.6135382851754,-23.6135382851754,16.3945136603297,83.7066390729131,25
274.899,1257.19250843512,-23.6135382851968,-23.6135382851968,16.3945136603325,83.7212953910139,25
274.999,1257.1925084351,-23.6135382851753,-23.6135382851753,16.3945136603297,83.73594792547,25
275.09901,1257.16370051624,-23.6717190846762,-23.6717190846762,16.338168375168,83.7506002800459,25
275.199,1257.1925084351,-23.6135382851749,-23.6135382851749,16.3945136603296,83.7652416473518,25
275.299,1257.19250843512,-23.6135382851962,-23.6135382851962,16.3945136603324,83.7798828367309,25
275.399,1257.1925084351,-23.6135382851746,-23.6135382851746,16.3945136603296,83.7945202463689,25
275.499,1257.19250843511,-23.6135382851959,-23.6135382851959,16.3945136603324,83.8091538772433,25
275.59901,1257.16370051622,-23.6717190846539,-23.6717190846539,16.3381683751651,83.8237873317714,25
275.699,1257.19250843511,-23.6135382851956,-23.6135382851956,16.3945136603324,83.8384098066014,25
275.799,1257.19250843509,-23.6135382851739,-23.6135382851739,16.3945136603294,83.8530321070349,25
275.899,1257.19250843511,-23.6135382851953,-23.6135382851953,16.3945136603324,83.8676506326059,25
275.999,1257.19250843509,-23.6135382851737,-23.6135382851737,16.3945136603294,83.882265384287,25
276.09901,1257.16370051623,-23.6717190846748,-23.6717190846748,16.3381683751679,83.8968799631514,25
276.199,1257.19250843509,-23.6135382851734,-23.6135382851734,16.3945136603293,83.9114835698787,25
276.299,1257.19250843511,-23.6135382851947,-23.6135382851947,16.3945136603324,83.9260870057368,25
276.399,1257.19250843509,-23.6135382851732,-23.6135382851732,16.3945136603294,83.9406866716016,25
276.499,1257.1925084351,-23.6135382851944,-23.6135382851944,16.3945136603323,83.9552825684464,25
276.59901,1257.16370051621,-23.6717190846526,-23.6717190846526,16.3381683751649,83.9698782959979,25
276.699,1257.1925084351,-23.6135382851942,-23.6135382851942,16.3945136603323,83.9844630589666,25
276.799,1257.19250843508,-23.6135382851727,-23.6135382851727,16.3945136603294,83.9990476545875,25
276.899,1257.1925084351,-23.6135382851939,-23.6135382851939,16.3945136603323,84.0136284850781,25
276.999,1257.19250843508,-23.6135382851724,-23.6135382851724,16.3945136603293,84.0282055514108,25
277.09901,1257.16370051622,-23.6717190846733,-23.6717190846733,16.3381683751676,84.0427824519706,25
277.199,1257.19250843508,-23.6135382851721,-23.6135382851721,16.3945136603293,84.0573483954905,25
277.299,1257.1925084351,-23.6135382851933,-23.6135382851933,16.3945136603321,84.071914175179,25
277.399,1257.19250843508,-23.6135382851718,-23.6135382851718,16.3945136603292,84.0864761945956,25
277.499,1257.19250843509,-23.613538285193,-23.613538285193,16.3945136603321,84.1010344547117,25
277.59901,1257.1637005162,-23.6717190846511,-23.6717190846511,16.3381683751648,84.1155925525685,25
277.699,1257.19250843509,-23.6135382851928,-23.6135382851928,16.3945136603321,84.1301397009185,25
277.799,1257.19250843508,-23.6135382851711,-23.6135382851711,16.3945136603291,84.1446866889505,25
277.899,1257.19250843509,-23.6135382851924,-23.6135382851924,16.394513660332,84.1592299215615,25
277.999,1257.19250843507,-23.6135382851709,-23.6135382851709,16.3945136603291,84.1737693997208,25
278.09901,1257.16370051622,-23.6717190846718,-23.6717190846718,16.3381683751675,84.1883087191328,25
278.199,1257.19250843507,-23.6135382851705,-23.6135382851705,16.394513660329,84.2028370965613,25
278.299,1257.19250843509,-23.6135382851917,-23.6135382851917,16.3945136603319,84.21736531718,25
278.399,1257.19250843507,-23.6135382851701,-23.6135382851701,16.394513660329,84.2318897872233,25
278.499,1257.19250843509,-23.6135382851914,-23.6135382851914,16.3945136603319,84.2464105076587,25
278.59901,1257.1637005162,-23.6717190846495,-23.6717190846495,16.3381683751645,84.2609310728524,25
278.699,1257.19250843508,-23.6135382851911,-23.6135382851911,16.3945136603318,84.2754407035763,25
278.799,1257.19250843507,-23.6135382851695,-23.6135382851695,16.3945136603288,84.2899501809936,25
278.899,1257.19250843508,-23.6135382851908,-23.6135382851908,16.3945136603317,84.3044559126742,25
278.999,1257.19250843506,-23.6135382851692,-23.6135382851692,16.3945136603288,84.3189578995843,25
279.09901,1257.16370051621,-23.6717190846703,-23.6717190846703,16.3381683751672,84.3334597347546,25
279.199,1257.19250843506,-23.6135382851689,-23.6135382851689,16.3945136603288,84.3479506429596,25
279.299,1257.19250843508,-23.6135382851902,-23.6135382851902,16.3945136603316,84.3624414013584,25
279.399,1257.19250843506,-23.6135382851685,-23.6135382851685,16.3945136603287,84.376928418851,25
279.499,1257.19250843508,-23.61353828519,-23.61353828519,16.3945136603316,84.3914116964046,25
279.59901,1257.16370051619,-23.6717190846479,-23.6717190846479,16.3381683751643,84.4058948257154,25
279.699,1257.19250843508,-23.6135382851897,-23.6135382851897,16.3945136603315,84.4203670355553,25
279.799,1257.19250843506,-23.613538285168,-23.613538285168,16.3945136603287,84.4348390990838,25
279.899,1257.19250843507,-23.6135382851894,-23.6135382851894,16.3945136603315,84.4493074265332,25
279.999,1257.19250843506,-23.6135382851677,-23.6135382851677,16.3945136603286,84.4637720188688,25
280.09901,1257.1637005162,-23.6717190846687,-23.6717190846687,16.338168375167,84.4782364664533,25
280.199,1257.19250843505,-23.6135382851674,-23.6135382851674,16.3945136603286,84.492690002052,25
280.299,1257.19250843507,-23.6135382851887,-23.6135382851887,16.3945136603314,84.507143394829,25
280.399,1257.19250843505,-23.6135382851671,-23.6135382851671,16.3945136603285,84.5215930563467,25
280.499,1257.19250843507,-23.6135382851883,-23.6135382851883,16.3945136603314,84.5360389875679,25
280.59901,1257.16370051618,-23.6717190846464,-23.6717190846464,16.3381683751641,84.5504847775287,25
280.699,1257.19250843507,-23.613538285188,-23.613538285188,16.3945136603313,84.5649196629784,25
280.799,1257.19250843505,-23.6135382851664,-23.6135382851664,16.3945136603284,84.579354409091,25
280.899,1257.19250843506,-23.6135382851879,-23.6135382851879,16.3945136603313,84.5937854287584,25
280.999,1257.19250843505,-23.6135382851662,-23.6135382851662,16.3945136603284,84.6082127229429,25
281.09901,1257.16370051619,-23.6717190846673,-23.6717190846673,16.3381683751668,84.62263987935,25
281.199,1257.19250843504,-23.6135382851658,-23.6135382851658,16.3945136603284,84.6370561387111,25
281.299,1257.19250843506,-23.6135382851873,-23.6135382851873,16.3945136603313,84.6514722622168,25
281.399,1257.19250843504,-23.6135382851655,-23.6135382851655,16.3945136603284,84.6658846640853,25
281.499,1257.19250843506,-23.6135382851871,-23.6135382851871,16.3945136603312,84.6802933452766,25
281.59901,1257.16370051617,-23.6717190846449,-23.6717190846449,16.338168375164,84.6947018921691,25
281.699,1257.19250843506,-23.6135382851868,-23.6135382851868,16.3945136603312,84.7090995494717,25
281.799,1257.19250843504,-23.613538285165,-23.613538285165,16.3945136603284,84.7234970743959,25
281.899,1257.19250843506,-23.6135382851864,-23.6135382851864,16.3945136603312,84.7378908824836,25
281.999,1257.19250843504,-23.6135382851647,-23.6135382851647,16.3945136603283,84.7522809746954,25
282.09901,1257.16370051618,-23.6717190846657,-23.6717190846657,16.3381683751666,84.7666709360824,25
282.199,1257.19250843503,-23.6135382851643,-23.6135382851643,16.3945136603282,84.7810500153251,25
282.299,1257.19250843505,-23.6135382851858,-23.6135382851858,16.3945136603311,84.7954289656619,25
282.399,1257.19250843503,-23.6135382851642,-23.6135382851642,16.3945136603282,84.809804203958,25
282.499,1257.19250843505,-23.6135382851854,-23.6135382851854,16.394513660331,84.8241757311716,25
282.59901,1257.16370051616,-23.6717190846434,-23.6717190846434,16.3381683751637,84.8385471310306,25
282.699,1257.19250843505,-23.6135382851851,-23.6135382851851,16.394513660331,84.8529076561824,25
282.799,1257.19250843503,-23.6135382851634,-23.6135382851634,16.394513660328,84.8672680558953,25
282.899,1257.19250843505,-23.613538285185,-23.613538285185,16.3945136603309,84.881624748356,25
282.999,1257.19250843503,-23.6135382851631,-23.6135382851631,16.394513660328,84.8959777345217,25
283.09901,1257.16370051617,-23.6717190846643,-23.6717190846643,16.3381683751665,84.910330596799,25
283.199,1257.19250843502,-23.6135382851628,-23.6135382851628,16.3945136603279,84.9246725917965,25
283.299,1257.19250843504,-23.6135382851842,-23.6135382851842,16.3945136603309,84.9390144648168,25
283.399,1257.19250843502,-23.6135382851624,-23.6135382851624,16.3945136603279,84.9533526353697,25
283.499,1257.19250843504,-23.6135382851839,-23.6135382851839,16.3945136603309,84.9676871044088,25
283.59901,1257.16370051615,-23.6717190846419,-23.6717190846419,16.3381683751636,84.9820214530213,25
283.699,1257.19250843504,-23.6135382851835,-23.6135382851835,16.3945136603309,84.9963449417712,25
283.799,1257.19250843502,-23.6135382851619,-23.6135382851619,16.3945136603279,85.0106683120027,25
283.899,1257.19250843503,-23.6135382851833,-23.6135382851833,16.3945136603309,85.0249879845418,25
283.999,1257.19250843501,-23.6135382851616,-23.6135382851616,16.3945136603279,85.0393039603433,25
284.09901,1257.16370051616,-23.6717190846627,-23.6717190846627,16.3381683751665,85.0536198191746,25
284.199,1257.19250843501,-23.6135382851615,-23.6135382851615,16.3945136603279,85.0679248255508,25
284.299,1257.19250843503,-23.6135382851826,-23.6135382851826,16.3945136603308,85.0822297168647,25
284.399,1257.19250843501,-23.6135382851612,-23.6135382851612,16.3945136603279,85.0965309152561,25
284.499,1257.19250843503,-23.6135382851823,-23.6135382851823,16.3945136603307,85.1108284216793,25
284.59901,1257.16370051614,-23.6717190846405,-23.6717190846405,16.3381683751634,85.1251258145843,25
284.699,1257.19250843502,-23.6135382851819,-23.6135382851819,16.3945136603307,85.1394123624325,25
284.799,1257.19250843501,-23.6135382851606,-23.6135382851606,16.3945136603277,85.153698798668,25
284.899,1257.19250843502,-23.6135382851818,-23.6135382851818,16.3945136603307,85.1679815467461,25
284.999,1257.192508435,-23.6135382851602,-23.6135382851602,16.3945136603278,85.1822606076188,25
285.09901,1257.16370051615,-23.6717190846612,-23.6717190846612,16.3381683751662,85.1965395584201,25
285.199,1257.192508435,-23.6135382851598,-23.6135382851598,16.3945136603277,85.210807671553,25
285.299,1257.19250843502,-23.6135382851811,-23.6135382851811,16.3945136603306,85.2250756765184,25
285.399,1257.192508435,-23.6135382851596,-23.6135382851596,16.3945136603276,85.2393399980846,25
285.499,1257.19250843502,-23.6135382851808,-23.6135382851808,16.3945136603306,85.2536006372019,25
285.59901,1257.16370051613,-23.6717190846389,-23.6717190846389,16.3381683751633,85.2678611696925,25
285.699,1257.19250843501,-23.6135382851804,-23.6135382851804,16.3945136603306,85.2821108718949,25
285.799,1257.192508435,-23.6135382851588,-23.6135382851588,16.3945136603275,85.2963604693701,25
285.899,1257.19250843501,-23.6135382851801,-23.6135382851801,16.3945136603305,85.3106063881979,25
285.999,1257.192508435,-23.6135382851585,-23.6135382851585,16.3945136603274,85.3248486293278,25
286.09901,1257.16370051614,-23.6717190846596,-23.6717190846596,16.338168375166,85.33909076727,25
286.199,1257.19250843499,-23.6135382851582,-23.6135382851582,16.3945136603274,85.3533220822922,25
286.299,1257.19250843501,-23.6135382851795,-23.6135382851795,16.3945136603304,85.3675532960252,25
286.399,1257.19250843499,-23.6135382851579,-23.6135382851579,16.3945136603273,85.381780835856,25
286.499,1257.19250843501,-23.6135382851792,-23.6135382851792,16.3945136603304,85.3960047027345,25
286.59901,1257.16370051612,-23.6717190846372,-23.6717190846372,16.338168375163,85.4102284698599,25
286.699,1257.19250843501,-23.613538285179,-23.613538285179,16.3945136603304,85.4244414214255,25
286.799,1257.19250843499,-23.6135382851573,-23.6135382851573,16.3945136603272,85.438654275133,25
286.899,1257.192508435,-23.6135382851787,-23.6135382851787,16.3945136603303,85.4528634596786,25
286.999,1257.19250843499,-23.613538285157,-23.613538285157,16.3945136603272,85.4670689760096,25
287.09901,1257.16370051613,-23.6717190846582,-23.6717190846582,16.338168375166,85.4812743960163,25
287.199,1257.19250843498,-23.6135382851567,-23.6135382851567,16.3945136603272,85.4954690078152,25
287.299,1257.192508435,-23.6135382851781,-23.6135382851781,16.3945136603303,85.5096635251839,25
287.399,1257.19250843498,-23.6135382851564,-23.6135382851564,16.3945136603272,85.523854378125,25
287.499,1257.192508435,-23.6135382851779,-23.6135382851779,16.3945136603303,85.5380415675843,25
287.59901,1257.16370051611,-23.6717190846357,-23.6717190846357,16.3381683751629,85.5522286641448,25
287.699,1257.192508435,-23.6135382851775,-23.6135382851775,16.3945136603302,85.5664049598384,25
287.799,1257.19250843498,-23.6135382851557,-23.6135382851557,16.3945136603271,85.5805811645241,25
287.899,1257.19250843499,-23.6135382851771,-23.6135382851771,16.3945136603301,85.5947537095102,25
287.999,1257.19250843498,-23.6135382851554,-23.6135382851554,16.394513660327,85.6089225957407,25
288.09901,1257.16370051612,-23.6717190846565,-23.6717190846565,16.3381683751657,85.6230913924938,25
288.199,1257.19250843498,-23.6135382851551,-23.6135382851551,16.394513660327,85.6372493957111,25
288.299,1257.19250843499,-23.6135382851766,-23.6135382851766,16.3945136603301,85.6514073113406,25
288.399,1257.19250843497,-23.6135382851548,-23.6135382851548,16.394513660327,85.6655615719915,25
288.499,1257.19250843499,-23.6135382851763,-23.6135382851763,16.3945136603301,85.6797121786066,25
288.59901,1257.1637005161,-23.6717190846342,-23.6717190846342,16.3381683751627,85.6938626991617,25
288.699,1257.19250843499,-23.613538285176,-23.613538285176,16.39451366033,85.7080024335043,25
288.799,1257.19250843497,-23.6135382851543,-23.6135382851543,16.3945136603269,85.7221420836721,25
288.899,1257.19250843498,-23.6135382851756,-23.6135382851756,16.39451366033,85.7362780835762,25
288.999,1257.19250843497,-23.613538285154,-23.613538285154,16.3945136603269,85.7504104341594,25
289.09901,1257.16370051611,-23.6717190846549,-23.6717190846549,16.3381683751655,85.7645427020946,25
289.199,1257.19250843497,-23.6135382851537,-23.6135382851537,16.3945136603268,85.7786641911297,25
289.299,1257.19250843498,-23.6135382851749,-23.6135382851749,16.3945136603299,85.7927855994001,25
289.399,1257.19250843497,-23.6135382851534,-23.6135382851534,16.3945136603267,85.8069033621166,25
289.499,1257.19250843498,-23.6135382851747,-23.6135382851747,16.3945136603299,85.8210174802198,25
289.59901,1257.16370051609,-23.6717190846327,-23.6717190846327,16.3381683751625,85.8351315190836,25
289.699,1257.19250843498,-23.6135382851744,-23.6135382851744,16.3945136603298,85.8492347863496,25
289.799,1257.19250843496,-23.6135382851527,-23.6135382851527,16.3945136603267,85.8633379762582,25
289.899,1257.19250843497,-23.6135382851741,-23.6135382851741,16.3945136603297,85.8774375253156,25
289.999,1257.19250843496,-23.6135382851525,-23.6135382851525,16.3945136603266,85.8915334344621,25
290.09901,1257.1637005161,-23.6717190846536,-23.6717190846536,16.3381683751652,85.905629267772,25
290.199,1257.19250843496,-23.6135382851522,-23.6135382851522,16.3945136603265,85.919714336779,25
290.299,1257.19250843497,-23.6135382851736,-23.6135382851736,16.3945136603297,85.9337993318293,25
290.399,1257.19250843495,-23.6135382851519,-23.6135382851519,16.3945136603265,85.9478806907249,25
290.499,1257.19250843497,-23.6135382851733,-23.6135382851733,16.3945136603296,85.9619584144054,25
290.59901,1257.16370051608,-23.6717190846311,-23.6717190846311,16.3381683751622,85.976036065649,25
290.699,1257.19250843497,-23.613538285173,-23.613538285173,16.3945136603296,85.9901029598733,25
290.799,1257.19250843495,-23.6135382851513,-23.6135382851513,16.3945136603265,86.0041697835368,25
290.899,1257.19250843497,-23.6135382851727,-23.6135382851727,16.3945136603296,86.0182329757387,25
290.999,1257.19250843495,-23.6135382851511,-23.6135382851511,16.3945136603265,86.0322925374143,25
291.09901,1257.16370051609,-23.6717190846521,-23.6717190846521,16.3381683751651,86.0463520300485,25
291.199,1257.19250843495,-23.6135382851508,-23.6135382851508,16.3945136603265,86.0604007729393,25
291.299,1257.19250843496,-23.6135382851721,-23.6135382851721,16.3945136603294,86.0744494486614,25
291.399,1257.19250843494,-23.6135382851504,-23.6135382851504,16.3945136603265,86.0884944976058,25
291.499,1257.19250843496,-23.6135382851719,-23.6135382851719,16.3945136603295,86.1025359207088,25
291.59901,1257.16370051607,-23.6717190846299,-23.6717190846299,16.3381683751622,86.1165772781601,25
291.699,1257.19250843496,-23.6135382851716,-23.6135382851716,16.3945136603295,86.1306078931344,25
291.799,1257.19250843494,-23.61353828515,-23.61353828515,16.3945136603264,86.1446384443282,25
291.899,1257.19250843496,-23.6135382851713,-23.6135382851713,16.3945136603293,86.1586653734224,25
291.999,1257.19250843494,-23.6135382851497,-23.6135382851497,16.3945136603263,86.1726886813527,25
292.09901,1257.16370051608,-23.6717190846507,-23.6717190846507,16.3381683751648,86.1867119270187,25
292.199,1257.19250843494,-23.6135382851494,-23.6135382851494,16.3945136603263,86.2007244374624,25
292.299,1257.19250843495,-23.6135382851707,-23.6135382851707,16.3945136603292,86.2147368875103,25
292.399,1257.19250843493,-23.6135382851491,-23.6135382851491,16.3945136603263,86.2287457201327,25
292.499,1257.19250843495,-23.6135382851704,-23.6135382851704,16.3945136603292,86.2427509362623,25
292.59901,1257.16370051606,-23.6717190846285,-23.6717190846285,16.338168375162,86.2567560935086,25
292.699,1257.19250843495,-23.61353828517,-23.61353828517,16.3945136603292,86.2707505227807,25
292.799,1257.19250843493,-23.6135382851485,-23.6135382851485,16.3945136603263,86.2847448950356,25
292.899,1257.19250843494,-23.6135382851698,-23.6135382851698,16.3945136603292,86.2987356545318,25
292.999,1257.19250843493,-23.6135382851482,-23.6135382851482,16.3945136603263,86.3127228022011,25
293.09901,1257.16370051607,-23.6717190846492,-23.6717190846492,16.3381683751649,86.3267098943647,25
293.199,1257.19250843493,-23.6135382851479,-23.6135382851479,16.3945136603262,86.3406862657918,25
293.299,1257.19250843494,-23.6135382851692,-23.6135382851692,16.3945136603292,86.3546625835762,25
293.399,1257.19250843492,-23.6135382851475,-23.6135382851475,16.3945136603262,86.3686352932626,25
293.499,1257.19250843494,-23.613538285169,-23.613538285169,16.3945136603292,86.3826043957821,25
293.59901,1257.16370051605,-23.6717190846269,-23.6717190846269,16.3381683751618,86.3965734461688,25
293.699,1257.19250843494,-23.6135382851687,-23.6135382851687,16.3945136603291,86.410531783046,25
293.799,1257.19250843492,-23.613538285147,-23.613538285147,16.394513660326,86.4244900696527,25
293.899,1257.19250843494,-23.6135382851684,-23.6135382851684,16.3945136603289,86.4384447528156,25
293.999,1257.19250843492,-23.6135382851467,-23.6135382851467,16.394513660326,86.4523958334658,25
294.09901,1257.16370051606,-23.6717190846479,-23.6717190846479,16.3381683751646,86.4663468653515,25
294.199,1257.19250843491,-23.6135382851465,-23.6135382851465,16.394513660326,86.4802871909479,25
294.299,1257.19250843493,-23.6135382851679,-23.6135382851679,16.394513660329,86.4942274696382,25
294.399,1257.19250843491,-23.6135382851462,-23.6135382851462,16.394513660326,86.5081641495343,25
294.499,1257.19250843493,-23.6135382851676,-23.6135382851676,16.3945136603288,86.5220972315646,25
294.59901,1257.16370051604,-23.6717190846256,-23.6717190846256,16.3381683751618,86.5360302681956,25
294.699,1257.19250843493,-23.6135382851673,-23.6135382851673,16.3945136603288,86.5499526057461,25
294.799,1257.19250843491,-23.6135382851457,-23.6135382851457,16.3945136603259,86.5638748997539,25
294.899,1257.19250843493,-23.613538285167,-23.613538285167,16.3945136603289,86.5777935996099,25
294.999,1257.19250843491,-23.6135382851454,-23.6135382851454,16.3945136603259,86.5917087062424,25
295.09901,1257.16370051605,-23.6717190846465,-23.6717190846465,16.3381683751645,86.6056237708348,25
295.199,1257.19250843491,-23.6135382851451,-23.6135382851451,16.3945136603258,86.6195281435474,25
295.299,1257.19250843492,-23.6135382851665,-23.6135382851665,16.3945136603288,86.6334324760741,25
295.399,1257.1925084349,-23.6135382851448,-23.6135382851448,16.3945136603258,86.6473332190862,25
295.499,1257.19250843492,-23.6135382851662,-23.6135382851662,16.3945136603287,86.6612303735107,25
295.59901,1257.16370051603,-23.6717190846241,-23.6717190846241,16.3381683751616,86.6751274892506,25
295.699,1257.19250843492,-23.6135382851659,-23.6135382851659,16.3945136603287,86.6890139203021,25
295.799,1257.1925084349,-23.6135382851443,-23.6135382851443,16.3945136603257,86.7029003145211,25
295.899,1257.19250843492,-23.6135382851656,-23.6135382851656,16.3945136603286,86.7167831238561,25
295.999,1257.1925084349,-23.6135382851439,-23.6135382851439,16.3945136603256,86.7306623492336,25
296.09901,1257.16370051604,-23.6717190846449,-23.6717190846449,16.3381683751642,86.7445415392774,25
296.199,1257.1925084349,-23.6135382851436,-23.6135382851436,16.3945136603256,86.7584100518145,25
296.299,1257.19250843491,-23.613538285165,-23.613538285165,16.3945136603285,86.772278530867,25
296.399,1257.1925084349,-23.6135382851433,-23.6135382851433,16.3945136603256,86.7861434296619,25
296.499,1257.19250843491,-23.6135382851648,-23.6135382851648,16.3945136603286,86.8000047491218,25
296.59901,1257.16370051602,-23.6717190846227,-23.6717190846227,16.3381683751614,86.8138660365955,25
296.699,1257.19250843491,-23.6135382851646,-23.6135382851646,16.3945136603286,86.8277166537358,25
296.799,1257.19250843489,-23.6135382851428,-23.6135382851428,16.3945136603256,86.8415672407362,25
296.899,1257.19250843491,-23.6135382851642,-23.6135382851642,16.3945136603285,86.8554142520974,25
296.999,1257.19250843489,-23.6135382851425,-23.6135382851425,16.3945136603255,86.869257688741,25
297.09901,1257.16370051603,-23.6717190846436,-23.6717190846436,16.3381683751642,86.8831010967412,25
297.199,1257.19250843489,-23.6135382851423,-23.6135382851423,16.3945136603254,86.8969338415715,25
297.299,1257.1925084349,-23.6135382851634,-23.6135382851634,16.3945136603284,86.9107665596023,25
297.399,1257.19250843489,-23.6135382851419,-23.6135382851419,16.3945136603254,86.9245957066062,25
297.499,1257.1925084349,-23.6135382851632,-23.6135382851632,16.3945136603284,86.9384212835058,25
297.59901,1257.16370051601,-23.6717190846212,-23.6717190846212,16.3381683751612,86.952246835099,25
297.699,1257.1925084349,-23.6135382851629,-23.6135382851629,16.3945136603283,86.9660617306763,25
297.799,1257.19250843488,-23.6135382851413,-23.6135382851413,16.3945136603254,86.9798766027903,25
297.899,1257.1925084349,-23.6135382851626,-23.6135382851626,16.3945136603282,86.9936879084856,25
297.999,1257.19250843488,-23.613538285141,-23.613538285141,16.3945136603253,87.0074956486818,25
298.09901,1257.16370051602,-23.6717190846419,-23.6717190846419,16.3381683751639,87.0213033669057,25
298.199,1257.19250843488,-23.6135382851407,-23.6135382851407,16.3945136603253,87.0351004362586,25
298.299,1257.19250843489,-23.6135382851619,-23.6135382851619,16.3945136603281,87.04889748548,25
298.399,1257.19250843488,-23.6135382851404,-23.6135382851404,16.3945136603252,87.0626909728827,25
298.499,1257.19250843489,-23.6135382851616,-23.6135382851616,16.3945136603282,87.0764808993866,25
298.59901,1257.163700516,-23.6717190846197,-23.6717190846197,16.3381683751611,87.0902708072487,25
298.699,1257.19250843489,-23.6135382851612,-23.6135382851612,16.3945136603282,87.1040500733748,25
298.799,1257.19250843487,-23.6135382851398,-23.6135382851398,16.3945136603252,87.1178293226961,25
298.899,1257.19250843489,-23.613538285161,-23.613538285161,16.3945136603281,87.1316050147946,25
298.999,1257.19250843487,-23.6135382851396,-23.6135382851396,16.3945136603252,87.1453771505879,25
299.09901,1257.16370051601,-23.6717190846405,-23.6717190846405,16.3381683751637,87.159149271065,25
299.199,1257.19250843487,-23.6135382851392,-23.6135382851392,16.3945136603251,87.1729107569326,25
299.299,1257.19250843488,-23.6135382851604,-23.6135382851604,16.394513660328,87.1866722293195,25
299.399,1257.19250843487,-23.613538285139,-23.613538285139,16.394513660325,87.2004301490718,25
299.499,1257.19250843488,-23.6135382851602,-23.6135382851602,16.394513660328,87.2141845171075,25
299.59901,1257.16370051599,-23.6717190846183,-23.6717190846183,16.3381683751608,87.227938873148,25
299.699,1257.19250843488,-23.6135382851599,-23.6135382851599,16.3945136603279,87.2416826016957,25
299.799,1257.19250843486,-23.6135382851384,-23.6135382851384,16.394513660325,87.2554263200811,25
299.899,1257.19250843488,-23.6135382851597,-23.6135382851597,16.3945136603279,87.2691664904161,25
299.999,1257.19250843486,-23.613538285138,-23.613538285138,16.394513660325,87.2829031136165,25
300.09901,1257.163700516,-23.6717190846391,-23.6717190846391,16.3381683751635,87.2966397281379,25
300.199,1257.19250843486,-23.6135382851377,-23.6135382851377,16.3945136603249,87.3103657222748,25
300.299,1257.19250843487,-23.6135382851592,-23.6135382851592,16.3945136603278,87.3240917095641,25
300.399,1257.19250843486,-23.6135382851375,-23.6135382851375,16.394513660325,87.3378141533804,25
300.499,1257.19250843487,-23.6135382851589,-23.6135382851589,16.3945136603279,87.3515330546381,25
300.59901,1257.16370051598,-23.6717190846168,-23.6717190846168,16.3381683751607,87.3652519505296,25
300.699,1257.19250843487,-23.6135382851586,-23.6135382851586,16.3945136603278,87.3789602331361,25
300.799,1257.19250843485,-23.6135382851369,-23.6135382851369,16.3945136603248,87.3926685122047,25
300.899,1257.19250843487,-23.6135382851582,-23.6135382851582,16.3945136603277,87.4063732523712,25
300.999,1257.19250843485,-23.6135382851366,-23.6135382851366,16.3945136603248,87.4200744545493,25
301.09901,1257.16370051599,-23.6717190846377,-23.6717190846377,16.3381683751633,87.4337756546695,25
301.199,1257.19250843485,-23.6135382851363,-23.6135382851363,16.3945136603248,87.4474662485951,25
301.299,1257.19250843487,-23.6135382851576,-23.6135382851576,16.3945136603275,87.461156842289,25
301.399,1257.19250843485,-23.6135382851359,-23.6135382851359,16.3945136603247,87.4748439016462,25
301.499,1257.19250843486,-23.6135382851574,-23.6135382851574,16.3945136603275,87.4885274275799,25
301.59901,1257.16370051597,-23.6717190846153,-23.6717190846153,16.3381683751605,87.5022109547603,25
301.699,1257.19250843486,-23.6135382851572,-23.6135382851572,16.3945136603276,87.515883882825,25
301.799,1257.19250843484,-23.6135382851353,-23.6135382851353,16.3945136603246,87.5295568139597,25
301.899,1257.19250843486,-23.6135382851569,-23.6135382851569,16.3945136603275,87.5432262153183,25
301.999,1257.19250843484,-23.613538285135,-23.613538285135,16.3945136603246,87.5568920878115,25
302.09901,1257.16370051598,-23.6717190846361,-23.6717190846361,16.3381683751632,87.5705579648513,25
302.199,1257.19250843484,-23.6135382851346,-23.6135382851346,16.3945136603245,87.5842132498466,25
302.299,1257.19250843486,-23.6135382851561,-23.6135382851561,16.3945136603275,87.59786854121,25
302.399,1257.19250843484,-23.6135382851344,-23.6135382851344,16.3945136603245,87.6115203073508,25
302.499,1257.19250843485,-23.6135382851558,-23.6135382851558,16.3945136603275,87.6251685491789,25
302.59901,1257.16370051596,-23.6717190846137,-23.6717190846137,16.3381683751603,87.6388167988487,25
302.699,1257.19250843485,-23.6135382851554,-23.6135382851554,16.3945136603274,87.6524544635371,25
302.799,1257.19250843484,-23.6135382851337,-23.6135382851337,16.3945136603244,87.666092137886,25
302.899,1257.19250843485,-23.613538285155,-23.613538285155,16.3945136603273,87.6797262915604,25
302.999,1257.19250843483,-23.6135382851333,-23.6135382851333,16.3945136603242,87.6933569254693,25
303.09901,1257.16370051598,-23.6717190846344,-23.6717190846344,16.338168375163,87.7069875705106,25
303.199,1257.19250843483,-23.6135382851331,-23.6135382851331,16.3945136603242,87.7206076376245,25
303.299,1257.19250843485,-23.6135382851545,-23.6135382851545,16.3945136603272,87.7342277176876,25
303.399,1257.19250843483,-23.6135382851328,-23.6135382851328,16.3945136603241,87.7478442816179,25
303.499,1257.19250843484,-23.6135382851542,-23.6135382851542,16.3945136603272,87.7614573303241,25
303.59901,1257.16370051595,-23.6717190846122,-23.6717190846122,16.33816837516,87.7750703934495,25
303.699,1257.19250843484,-23.6135382851538,-23.6135382851538,16.3945136603271,87.7886728856902,25
303.799,1257.19250843483,-23.6135382851322,-23.6135382851322,16.3945136603241,87.8022753941659,25
303.899,1257.19250843484,-23.6135382851535,-23.6135382851535,16.394513660327,87.8158743910455,25
303.999,1257.19250843483,-23.6135382851318,-23.6135382851318,16.394513660324,87.8294698772357,25
304.09901,1257.16370051597,-23.6717190846328,-23.6717190846328,16.3381683751627,87.8430653811282,25
304.199,1257.19250843482,-23.6135382851315,-23.6135382851315,16.3945136603239,87.8566503211709,25
304.299,1257.19250843484,-23.6135382851528,-23.6135382851528,16.394513660327,87.8702352807288,25
304.399,1257.19250843482,-23.6135382851311,-23.6135382851311,16.3945136603239,87.8838167332207,25
304.499,1257.19250843484,-23.6135382851524,-23.6135382851524,16.394513660327,87.8973946795515,25
304.59901,1257.16370051595,-23.6717190846105,-23.6717190846105,16.3381683751599,87.9109726468642,25
304.699,1257.19250843483,-23.6135382851522,-23.6135382851522,16.394513660327,87.9245400573538,25
304.799,1257.19250843482,-23.6135382851306,-23.6135382851306,16.3945136603239,87.9381074906343,25
304.899,1257.19250843483,-23.6135382851519,-23.6135382851519,16.3945136603269,87.9516714213737,25
304.999,1257.19250843481,-23.6135382851303,-23.6135382851303,16.3945136603239,87.9652318504762,25
305.09901,1257.16370051596,-23.6717190846312,-23.6717190846312,16.3381683751626,87.9787923038339,25
305.199,1257.19250843481,-23.6135382851299,-23.6135382851299,16.3945136603239,87.9923422073847,25
305.299,1257.19250843483,-23.6135382851512,-23.6135382851512,16.3945136603267,88.0058921369991,25
305.399,1257.19250843481,-23.6135382851296,-23.6135382851296,16.3945136603239,88.0194385685897,25
305.499,1257.19250843483,-23.6135382851508,-23.6135382851508,16.3945136603267,88.0329815030611,25
305.59901,1257.16370051593,-23.6717190846089,-23.6717190846089,16.3381683751598,88.0465244650583,25
305.699,1257.19250843483,-23.6135382851504,-23.6135382851504,16.3945136603266,88.0600568842572,25
305.799,1257.19250843481,-23.6135382851289,-23.6135382851289,16.3945136603237,88.0735893327861,25
305.899,1257.19250843482,-23.6135382851501,-23.6135382851501,16.3945136603266,88.0871182878061,25
305.999,1257.1925084348,-23.6135382851286,-23.6135382851286,16.3945136603238,88.1006437502181,25
306.09901,1257.16370051595,-23.6717190846296,-23.6717190846296,16.3381683751624,88.1141692434212,25
306.199,1257.1925084348,-23.6135382851282,-23.6135382851282,16.3945136603237,88.1276842008251,25
306.299,1257.19250843482,-23.6135382851496,-23.6135382851496,16.3945136603267,88.1411991908232,25
306.399,1257.1925084348,-23.6135382851279,-23.6135382851279,16.3945136603237,88.1547106918186,25
306.499,1257.19250843482,-23.6135382851492,-23.6135382851492,16.3945136603266,88.1682187047122,25
306.59901,1257.16370051592,-23.6717190846071,-23.6717190846071,16.3381683751595,88.1817267516584,25
306.699,1257.19250843482,-23.6135382851489,-23.6135382851489,16.3945136603265,88.1952242697949,25
306.799,1257.1925084348,-23.6135382851271,-23.6135382851271,16.3945136603236,88.208721823785,25
306.899,1257.19250843481,-23.6135382851487,-23.6135382851487,16.3945136603264,88.2222158932729,25
306.999,1257.19250843479,-23.6135382851269,-23.6135382851269,16.3945136603235,88.2357064791589,25
307.09901,1257.16370051594,-23.6717190846281,-23.6717190846281,16.3381683751622,88.2491971023556,25
307.199,1257.19250843479,-23.6135382851265,-23.6135382851265,16.3945136603234,88.2626772037229,25
307.299,1257.19250843481,-23.613538285148,-23.613538285148,16.3945136603264,88.276157344198,25
307.399,1257.19250843479,-23.6135382851262,-23.6135382851262,16.3945136603234,88.2896340046675,25
307.499,1257.19250843481,-23.6135382851477,-23.6135382851477,16.3945136603264,88.303107186031,25
307.59901,1257.16370051592,-23.6717190846055,-23.6717190846055,16.3381683751592,88.3165804079574,25
307.699,1257.19250843481,-23.6135382851474,-23.6135382851474,16.3945136603263,88.3300431150245,25
307.799,1257.19250843479,-23.6135382851257,-23.6135382851257,16.3945136603232,88.3435058644519,25
307.899,1257.1925084348,-23.613538285147,-23.613538285147,16.3945136603262,88.3569651383633,25
307.999,1257.19250843478,-23.6135382851253,-23.6135382851253,16.3945136603232,88.3704209376549,25
308.09901,1257.16370051593,-23.6717190846263,-23.6717190846263,16.338168375162,88.3838767807604,25
308.199,1257.19250843478,-23.613538285125,-23.613538285125,16.3945136603232,88.3973221159714,25
308.299,1257.1925084348,-23.6135382851464,-23.6135382851464,16.3945136603262,88.4107674967881,25
308.399,1257.19250843478,-23.6135382851247,-23.6135382851247,16.3945136603232,88.4242094065719,25
308.499,1257.1925084348,-23.6135382851461,-23.6135382851461,16.3945136603262,88.4376478462191,25
308.59901,1257.16370051591,-23.671719084604,-23.671719084604,16.338168375159,88.4510863329245,25
308.699,1257.1925084348,-23.6135382851457,-23.6135382851457,16.3945136603261,88.4645143186887,25
308.799,1257.19250843478,-23.6135382851241,-23.6135382851241,16.394513660323,88.477942353302,25
308.899,1257.19250843479,-23.6135382851455,-23.6135382851455,16.3945136603261,88.4913669213603,25
308.999,1257.19250843478,-23.6135382851238,-23.6135382851238,16.394513660323,88.5047880237585,25
309.09901,1257.16370051592,-23.6717190846249,-23.6717190846249,16.3381683751618,88.5182091764554,25
309.199,1257.19250843477,-23.6135382851234,-23.6135382851234,16.394513660323,88.5316198351563,25
309.299,1257.19250843479,-23.6135382851449,-23.6135382851449,16.3945136603259,88.545030545944,25
309.399,1257.19250843477,-23.6135382851232,-23.6135382851232,16.394513660323,88.5584377946494,25
309.499,1257.19250843479,-23.6135382851446,-23.6135382851446,16.3945136603259,88.5718415821668,25
309.59901,1257.1637005159,-23.6717190846025,-23.6717190846025,16.3381683751589,88.5852454232187,25
309.699,1257.19250843479,-23.6135382851443,-23.6135382851443,16.3945136603259,88.5986387772102,25
309.799,1257.19250843477,-23.6135382851226,-23.6135382851226,16.3945136603229,88.6120321865232,25
309.899,1257.19250843478,-23.6135382851439,-23.6135382851439,16.3945136603258,88.6254221382207,25
309.999,1257.19250843477,-23.6135382851223,-23.6135382851223,16.3945136603228,88.6388086331953,25
310.09901,1257.16370051591,-23.6717190846232,-23.6717190846232,16.3381683751616,88.6521951849367,25
310.199,1257.19250843476,-23.6135382851219,-23.6135382851219,16.3945136603228,88.665571256545,25
310.299,1257.19250843478,-23.6135382851433,-23.6135382851433,16.3945136603258,88.6789473867031,25
310.399,1257.19250843476,-23.6135382851217,-23.6135382851217,16.3945136603229,88.6923200637066,25
310.499,1257.19250843478,-23.6135382851431,-23.6135382851431,16.3945136603258,88.7056892884472,25
310.59901,1257.16370051589,-23.6717190846009,-23.6717190846009,16.3381683751587,88.7190585731831,25
310.699,1257.19250843478,-23.6135382851428,-23.6135382851428,16.3945136603258,88.7324173847031,25
310.799,1257.19250843476,-23.6135382851211,-23.6135382851211,16.3945136603227,88.7457762580008,25
310.899,1257.19250843477,-23.6135382851425,-23.6135382851425,16.3945136603257,88.7591316825981,25
310.999,1257.19250843476,-23.6135382851208,-23.6135382851208,16.3945136603226,88.7724836593861,25
311.09901,1257.1637005159,-23.6717190846219,-23.6717190846219,16.3381683751615,88.785835699393,25
311.199,1257.19250843475,-23.6135382851205,-23.6135382851205,16.3945136603227,88.7991772730928,25
311.299,1257.19250843477,-23.6135382851419,-23.6135382851419,16.3945136603257,88.8125189117919,25
311.399,1257.19250843475,-23.6135382851201,-23.6135382851201,16.3945136603226,88.8258571062403,25
311.499,1257.19250843477,-23.6135382851416,-23.6135382851416,16.3945136603257,88.8391918573266,25
311.59901,1257.16370051588,-23.6717190845996,-23.6717190845996,16.3381683751585,88.852526674852,25
311.699,1257.19250843476,-23.6135382851413,-23.6135382851413,16.3945136603256,88.8658510329709,25
311.799,1257.19250843475,-23.6135382851198,-23.6135382851198,16.3945136603226,88.8791754593057,25
311.899,1257.19250843476,-23.613538285141,-23.613538285141,16.3945136603256,88.8924964458336,25
311.999,1257.19250843475,-23.6135382851195,-23.6135382851195,16.3945136603226,88.9058139934422,25
312.09901,1257.16370051589,-23.6717190846204,-23.6717190846204,16.3381683751614,88.919131610706,25
312.199,1257.19250843474,-23.6135382851191,-23.6135382851191,16.3945136603226,88.9324387754542,25
312.299,1257.19250843476,-23.6135382851404,-23.6135382851404,16.3945136603256,88.9457460116316,25
312.399,1257.19250843474,-23.6135382851189,-23.6135382851189,16.3945136603226,88.9590498124395,25
312.499,1257.19250843476,-23.6135382851401,-23.6135382851401,16.3945136603255,88.9723501787643,25
312.59901,1257.16370051586,-23.6717190845982,-23.6717190845982,16.3381683751585,88.9856506179563,25
312.699,1257.19250843475,-23.6135382851399,-23.6135382851399,16.3945136603255,88.9989406115153,25
312.799,1257.19250843474,-23.6135382851183,-23.6135382851183,16.3945136603225,89.0122306797124,25
312.899,1257.19250843475,-23.6135382851396,-23.6135382851396,16.3945136603255,89.0255173169724,25
312.999,1257.19250843473,-23.613538285118,-23.613538285118,16.3945136603225,89.0388005241814,25
313.09901,1257.16370051588,-23.671719084619,-23.671719084619,16.3381683751612,89.0520838074637,25
313.199,1257.19250843473,-23.6135382851177,-23.6135382851177,16.3945136603225,89.0653566519856,25
313.299,1257.19250843475,-23.613538285139,-23.613538285139,16.3945136603254,89.0786295743519,25
313.399,1257.19250843473,-23.6135382851175,-23.6135382851175,16.3945136603224,89.0918990702076,25
313.499,1257.19250843474,-23.6135382851386,-23.6135382851386,16.3945136603254,89.1051651404371,25
313.59901,1257.16370051586,-23.6717190845967,-23.6717190845967,16.3381683751583,89.1184312899433,25
313.699,1257.19250843474,-23.6135382851383,-23.6135382851383,16.3945136603254,89.1316870075544,25
313.799,1257.19250843473,-23.6135382851168,-23.6135382851168,16.3945136603223,89.1449428062096,25
313.899,1257.19250843474,-23.613538285138,-23.613538285138,16.3945136603254,89.1581951827748,25
313.999,1257.19250843473,-23.6135382851164,-23.6135382851164,16.3945136603223,89.1714441381337,25
314.09901,1257.16370051587,-23.6717190846175,-23.6717190846175,16.3381683751611,89.1846931759684,25
314.199,1257.19250843472,-23.6135382851162,-23.6135382851162,16.3945136603223,89.1979317887636,25
314.299,1257.19250843474,-23.6135382851376,-23.6135382851376,16.3945136603252,89.2111704858004,25
314.399,1257.19250843472,-23.613538285116,-23.613538285116,16.3945136603223,89.2244057651608,25
314.499,1257.19250843474,-23.6135382851373,-23.6135382851373,16.3945136603251,89.237637627729,25
314.59901,1257.16370051585,-23.6717190845953,-23.6717190845953,16.3381683751582,89.2508695759675,25
314.699,1257.19250843473,-23.613538285137,-23.613538285137,16.394513660325,89.264091106013,25
314.799,1257.19250843472,-23.6135382851154,-23.6135382851154,16.3945136603222,89.2773127234934,25
314.899,1257.19250843473,-23.6135382851367,-23.6135382851367,16.394513660325,89.2905309277066,25
314.999,1257.19250843471,-23.6135382851152,-23.6135382851152,16.3945136603222,89.3037457195358,25
315.09901,1257.16370051586,-23.6717190846161,-23.6717190846161,16.3381683751608,89.3169606002262,25
315.199,1257.19250843471,-23.6135382851149,-23.6135382851149,16.3945136603221,89.3301650695619,25
315.299,1257.19250843473,-23.6135382851362,-23.6135382851362,16.394513660325,89.3433696295219,25
315.399,1257.19250843471,-23.6135382851146,-23.6135382851146,16.3945136603221,89.3565707806173,25
315.499,1257.19250843473,-23.6135382851359,-23.6135382851359,16.394513660325,89.3697685237311,25
315.59901,1257.16370051583,-23.6717190845939,-23.6717190845939,16.338168375158,89.3829663588931,25
315.699,1257.19250843472,-23.6135382851356,-23.6135382851356,16.394513660325,89.396153789529,25
315.799,1257.19250843471,-23.613538285114,-23.613538285114,16.394513660322,89.409341313973,25
315.899,1257.19250843472,-23.6135382851353,-23.6135382851353,16.394513660325,89.4225254339521,25
315.999,1257.1925084347,-23.6135382851137,-23.6135382851137,16.394513660322,89.4357061503455,25
316.09901,1257.16370051585,-23.6717190846148,-23.6717190846148,16.3381683751608,89.4488869619695,25
316.199,1257.1925084347,-23.6135382851134,-23.6135382851134,16.3945136603219,89.4620573758883,25
316.299,1257.19250843472,-23.6135382851347,-23.6135382851347,16.3945136603248,89.4752278867946,25
316.399,1257.1925084347,-23.6135382851131,-23.6135382851131,16.3945136603219,89.4883949976289,25
316.499,1257.19250843472,-23.6135382851343,-23.6135382851343,16.3945136603247,89.5015587092682,25
316.59901,1257.16370051583,-23.6717190845925,-23.6717190845925,16.3381683751578,89.5147225193172,25
316.699,1257.19250843471,-23.6135382851341,-23.6135382851341,16.3945136603247,89.5278759384729,25
316.799,1257.1925084347,-23.6135382851125,-23.6135382851125,16.3945136603218,89.5410294577924,25
316.899,1257.19250843471,-23.6135382851338,-23.6135382851338,16.3945136603247,89.554179581426,25
316.999,1257.19250843469,-23.6135382851122,-23.6135382851122,16.3945136603218,89.5673263102498,25
317.09901,1257.16370051584,-23.6717190846131,-23.6717190846131,16.3381683751606,89.5804731406567,25
317.199,1257.19250843469,-23.6135382851119,-23.6135382851119,16.3945136603218,89.5936095869734,25
317.299,1257.19250843471,-23.6135382851332,-23.6135382851332,16.3945136603247,89.6067461366261,25
317.399,1257.19250843469,-23.6135382851115,-23.6135382851115,16.3945136603217,89.6198792949741,25
317.499,1257.19250843471,-23.613538285133,-23.613538285133,16.3945136603246,89.633009062892,25
317.59901,1257.16370051582,-23.6717190845908,-23.6717190845908,16.3381683751577,89.6461389355651,25
317.699,1257.19250843471,-23.6135382851326,-23.6135382851326,16.3945136603246,89.6592584309415,25
317.799,1257.19250843469,-23.6135382851109,-23.6135382851109,16.3945136603216,89.6723780328213,25
317.899,1257.1925084347,-23.6135382851323,-23.6135382851323,16.3945136603246,89.6854942477703,25
317.999,1257.19250843469,-23.6135382851106,-23.6135382851106,16.3945136603214,89.6986070766645,25
318.09901,1257.16370051583,-23.6717190846116,-23.6717190846116,16.3381683751604,89.7117200134784,25
318.199,1257.19250843468,-23.6135382851104,-23.6135382851104,16.3945136603214,89.724822579781,25
318.299,1257.1925084347,-23.6135382851316,-23.6135382851316,16.3945136603243,89.7379252557518,25
318.399,1257.19250843468,-23.6135382851101,-23.6135382851101,16.3945136603214,89.7510245491636,25
318.499,1257.1925084347,-23.6135382851313,-23.6135382851313,16.3945136603243,89.7641204608875,25
318.59901,1257.16370051581,-23.6717190845894,-23.6717190845894,16.3381683751573,89.7772164836928,25
318.699,1257.1925084347,-23.613538285131,-23.613538285131,16.3945136603243,89.7903021427639,25
318.799,1257.19250843468,-23.6135382851095,-23.6135382851095,16.3945136603214,89.803387914663,25
318.899,1257.19250843469,-23.6135382851307,-23.6135382851307,16.3945136603242,89.8164703083656,25
318.999,1257.19250843468,-23.6135382851093,-23.6135382851093,16.3945136603213,89.8295493247437,25
319.09901,1257.16370051582,-23.6717190846099,-23.6717190846099,16.33816837516,89.8426284553622,25
319.199,1257.19250843468,-23.6135382851089,-23.6135382851089,16.3945136603212,89.8556972290132,25
319.299,1257.19250843469,-23.61353828513,-23.61353828513,16.3945136603241,89.8687661186487,25
319.399,1257.19250843467,-23.6135382851086,-23.6135382851086,16.3945136603213,89.8818316344468,25
319.499,1257.19250843469,-23.6135382851297,-23.6135382851297,16.394513660324,89.8948937772763,25
319.59901,1257.1637005158,-23.6717190845879,-23.6717190845879,16.3381683751572,89.9079560375002,25
319.699,1257.19250843469,-23.6135382851294,-23.6135382851294,16.394513660324,89.9210079475165,25
319.799,1257.19250843467,-23.6135382851081,-23.6135382851081,16.3945136603212,89.9340599766682,25
319.899,1257.19250843469,-23.6135382851291,-23.6135382851291,16.394513660324,89.9471086363347,25
319.999,1257.19250843467,-23.6135382851078,-23.6135382851078,16.3945136603212,89.9601539273844,25
320.09901,1257.16370051581,-23.6717190846085,-23.6717190846085,16.3381683751599,89.9731993389794,25
320.199,1257.19250843467,-23.6135382851074,-23.6135382851074,16.3945136603211,89.9862344071174,25
320.299,1257.19250843468,-23.6135382851285,-23.6135382851285,16.394513660324,89.9992695975374,25
320.399,1257.19250843467,-23.6135382851072,-23.6135382851072,16.3945136603211,90.0123014228183,25
320.499,1257.19250843468,-23.6135382851283,-23.6135382851283,16.394513660324,90.0253298838303,25
320.59901,1257.16370051579,-23.6717190845865,-23.6717190845865,16.338168375157,90.0383584685324,25
320.699,1257.19250843468,-23.613538285128,-23.613538285128,16.3945136603239,90.0513767165185,25
320.799,1257.19250843466,-23.6135382851067,-23.6135382851067,16.3945136603209,90.064395089931,25
320.899,1257.19250843468,-23.6135382851279,-23.6135382851279,16.3945136603239,90.0774101025472,25
320.999,1257.19250843466,-23.6135382851064,-23.6135382851064,16.394513660321,90.0904217552335,25
321.09901,1257.1637005158,-23.6717190846072,-23.6717190846072,16.3381683751598,90.1034335347525,25
321.199,1257.19250843466,-23.6135382851062,-23.6135382851062,16.394513660321,90.1164349842877,25
321.299,1257.19250843467,-23.6135382851273,-23.6135382851273,16.3945136603239,90.1294365623888,25
321.399,1257.19250843465,-23.6135382851058,-23.6135382851058,16.394513660321,90.1424347840294,25
321.499,1257.19250843467,-23.613538285127,-23.613538285127,16.3945136603237,90.1554296500752,25
321.59901,1257.16370051578,-23.6717190845851,-23.6717190845851,16.338168375157,90.1684246460911,25
321.699,1257.19250843467,-23.6135382851266,-23.6135382851266,16.3945136603237,90.1814093188471,25
321.799,1257.19250843465,-23.6135382851053,-23.6135382851053,16.3945136603209,90.1943941233056,25
321.899,1257.19250843467,-23.6135382851263,-23.6135382851263,16.3945136603237,90.2073755756325,25
321.999,1257.19250843465,-23.613538285105,-23.613538285105,16.3945136603208,90.2203536766945,25
322.09901,1257.16370051579,-23.6717190846057,-23.6717190846057,16.3381683751595,90.2333319108602,25
322.199,1257.19250843465,-23.6135382851046,-23.6135382851046,16.3945136603207,90.2462998284815,25
322.299,1257.19250843466,-23.6135382851257,-23.6135382851257,16.3945136603236,90.2592678809369,25
322.399,1257.19250843465,-23.6135382851043,-23.6135382851043,16.3945136603207,90.2722325855851,25
322.499,1257.19250843466,-23.6135382851255,-23.6135382851255,16.3945136603236,90.2851939432924,25
322.59901,1257.16370051577,-23.6717190845836,-23.6717190845836,16.3381683751566,90.2981554372325,25
322.699,1257.19250843466,-23.6135382851252,-23.6135382851252,16.3945136603235,90.3111066213363,25
322.799,1257.19250843464,-23.6135382851038,-23.6135382851038,16.3945136603205,90.3240579434003,25
322.899,1257.19250843466,-23.6135382851249,-23.6135382851249,16.3945136603235,90.3370059219769,25
322.999,1257.19250843464,-23.6135382851034,-23.6135382851034,16.3945136603205,90.3499505579299,25
323.09901,1257.16370051578,-23.6717190846043,-23.6717190846043,16.3381683751594,90.3628953332407,25
323.199,1257.19250843464,-23.6135382851031,-23.6135382851031,16.3945136603205,90.3758298054145,25
323.299,1257.19250843466,-23.6135382851244,-23.6135382851244,16.3945136603234,90.3887644186714,25
323.399,1257.19250843464,-23.6135382851028,-23.6135382851028,16.3945136603205,90.4016956927551,25
323.499,1257.19250843465,-23.6135382851241,-23.6135382851241,16.3945136603233,90.4146236285264,25
323.59901,1257.16370051576,-23.6717190845821,-23.6717190845821,16.3381683751565,90.4275517067778,25
323.699,1257.19250843465,-23.6135382851237,-23.6135382851237,16.3945136603234,90.4404694885818,25
323.799,1257.19250843463,-23.6135382851022,-23.6135382851022,16.3945136603204,90.4533874145891,25
323.899,1257.19250843465,-23.6135382851234,-23.6135382851234,16.3945136603233,90.4663020057295,25
323.999,1257.19250843463,-23.6135382851019,-23.6135382851019,16.3945136603203,90.4792132628662,25
324.09901,1257.16370051578,-23.6717190846028,-23.6717190846028,16.3381683751592,90.4921246656004,25
324.199,1257.19250843463,-23.6135382851015,-23.6135382851015,16.3945136603202,90.5050257785666,25
324.299,1257.19250843465,-23.6135382851228,-23.6135382851228,16.3945136603233,90.5179270388516,25
324.399,1257.19250843463,-23.6135382851011,-23.6135382851011,16.3945136603201,90.5308249685731,25
324.499,1257.19250843465,-23.6135382851224,-23.6135382851224,16.3945136603232,90.5437195685906,25
324.59901,1257.16370051576,-23.6717190845803,-23.6717190845803,16.3381683751561,90.5566143173206,25
324.699,1257.19250843464,-23.6135382851221,-23.6135382851221,16.3945136603232,90.5694987829545,25
324.799,1257.19250843463,-23.6135382851004,-23.6135382851004,16.39451366032,90.5823833990186,25
324.899,1257.19250843464,-23.6135382851218,-23.6135382851218,16.394513660323,90.595264688817,25
324.999,1257.19250843462,-23.6135382851002,-23.6135382851002,16.3945136603201,90.6081426532068,25
325.09901,1257.16370051577,-23.671719084601,-23.671719084601,16.3381683751588,90.6210207694177,25
325.199,1257.19250843462,-23.6135382850999,-23.6135382850999,16.39451366032,90.6338886091963,25
325.299,1257.19250843464,-23.6135382851211,-23.6135382851211,16.3945136603229,90.6467566025131,25
325.399,1257.19250843462,-23.6135382850995,-23.6135382850995,16.3945136603201,90.6596212738539,25
325.499,1257.19250843464,-23.6135382851208,-23.6135382851208,16.3945136603229,90.6724826240776,25
325.59901,1257.16370051574,-23.6717190845789,-23.6717190845789,16.3381683751561,90.6853441292277,25
325.699,1257.19250843463,-23.6135382851206,-23.6135382851206,16.3945136603229,90.698195364601,25
325.799,1257.19250843462,-23.6135382850991,-23.6135382850991,16.39451366032,90.7110467566151,25
325.899,1257.19250843463,-23.6135382851202,-23.6135382851202,16.3945136603228,90.7238948309389,25
325.999,1257.19250843461,-23.6135382850987,-23.6135382850987,16.3945136603199,90.7367395884301,25
326.09901,1257.16370051576,-23.6717190845995,-23.6717190845995,16.3381683751587,90.7495845039495,25
326.199,1257.19250843461,-23.6135382850985,-23.6135382850985,16.3945136603198,90.7624191563385,25
326.299,1257.19250843463,-23.6135382851195,-23.6135382851195,16.3945136603227,90.7752539684679,25
326.399,1257.19250843461,-23.6135382850982,-23.6135382850982,16.3945136603198,90.788085467188,25
326.499,1257.19250843463,-23.6135382851193,-23.6135382851193,16.3945136603227,90.8009136533539,25
326.59901,1257.16370051574,-23.6717190845775,-23.6717190845775,16.3381683751558,90.8137420006457,25
326.699,1257.19250843462,-23.613538285119,-23.613538285119,16.3945136603227,90.8265600914455,25
326.799,1257.19250843461,-23.6135382850975,-23.6135382850975,16.3945136603197,90.83937834508,25
326.899,1257.19250843462,-23.6135382851186,-23.6135382851186,16.3945136603226,90.8521932895805,25
326.999,1257.1925084346,-23.6135382850971,-23.6135382850971,16.3945136603197,90.8650049258012,25
327.09901,1257.16370051575,-23.671719084598,-23.671719084598,16.3381683751586,90.8778167262399,25
327.199,1257.1925084346,-23.6135382850968,-23.6135382850968,16.3945136603197,90.8906182768156,25
327.299,1257.19250843462,-23.613538285118,-23.613538285118,16.3945136603226,90.9034199933177,25
327.399,1257.1925084346,-23.6135382850964,-23.6135382850964,16.3945136603198,90.9162184049549,25
327.499,1257.19250843462,-23.6135382851178,-23.6135382851178,16.3945136603226,90.9290135125798,25
327.59901,1257.16370051572,-23.6717190845757,-23.6717190845757,16.3381683751558,90.9418087875131,25
327.699,1257.19250843461,-23.6135382851176,-23.6135382851176,16.3945136603226,90.9545938192054,25
327.799,1257.19250843459,-23.6135382850958,-23.6135382850958,16.3945136603198,90.9673790199106,25
327.899,1257.19250843461,-23.6135382851172,-23.6135382851172,16.3945136603225,90.9801609200142,25
327.999,1257.19250843459,-23.6135382850954,-23.6135382850954,16.3945136603196,90.9929395203682,25
328.09901,1257.16370051574,-23.6717190845964,-23.6717190845964,16.3381683751584,91.0057182911162,25
328.199,1257.19250843459,-23.6135382850952,-23.6135382850952,16.3945136603195,91.0184868252348,25
328.299,1257.19250843461,-23.6135382851164,-23.6135382851164,16.3945136603224,91.031255531451,25
328.399,1257.19250843459,-23.6135382850949,-23.6135382850949,16.3945136603195,91.0440209413233,25
328.499,1257.19250843461,-23.6135382851162,-23.6135382851162,16.3945136603223,91.0567830557032,25
328.59901,1257.16370051571,-23.6717190845741,-23.6717190845741,16.3381683751556,91.0695453435585,25
328.699,1257.1925084346,-23.6135382851158,-23.6135382851158,16.3945136603222,91.0822974013881,25
328.799,1257.19250843458,-23.6135382850943,-23.6135382850943,16.3945136603195,91.0950496343947,25
328.899,1257.1925084346,-23.6135382851155,-23.6135382851155,16.3945136603223,91.1077985753099,25
328.999,1257.19250843458,-23.613538285094,-23.613538285094,16.3945136603195,91.1205442249843,25
329.09901,1257.16370051573,-23.6717190845948,-23.6717190845948,16.3381683751582,91.1332900512108,25
329.199,1257.19250843458,-23.6135382850937,-23.6135382850937,16.3945136603195,91.1460256540082,25
329.299,1257.1925084346,-23.6135382851148,-23.6135382851148,16.3945136603221,91.158761435057,25
329.399,1257.19250843458,-23.6135382850932,-23.6135382850932,16.3945136603194,91.1714939282619,25
329.499,1257.1925084346,-23.6135382851144,-23.6135382851144,16.3945136603221,91.1842231344728,25
329.59901,1257.1637005157,-23.6717190845723,-23.6717190845723,16.3381683751554,91.1969525203102,25
329.699,1257.1925084346,-23.6135382851141,-23.6135382851141,16.3945136603221,91.2096716893033,25
329.799,1257.19250843458,-23.6135382850925,-23.6135382850925,16.3945136603192,91.2223910396202,25
329.899,1257.19250843459,-23.6135382851138,-23.6135382851138,16.3945136603221,91.2351071063347,25
329.999,1257.19250843457,-23.6135382850922,-23.6135382850922,16.3945136603191,91.2478198902956,25
330.09901,1257.16370051572,-23.6717190845932,-23.6717190845932,16.3381683751581,91.2605328569527,25
330.199,1257.19250843457,-23.6135382850918,-23.6135382850918,16.3945136603191,91.2732356133444,25
330.299,1257.19250843459,-23.6135382851133,-23.6135382851133,16.394513660322,91.2859385541265,25
330.399,1257.19250843457,-23.6135382850916,-23.6135382850916,16.3945136603191,91.298638215543,25
330.499,1257.19250843459,-23.613538285113,-23.613538285113,16.394513660322,91.3113345984399,25
330.59901,1257.16370051569,-23.6717190845709,-23.6717190845709,16.3381683751552,91.3240311670993,25
330.699,1257.19250843458,-23.6135382851127,-23.6135382851127,16.3945136603219,91.3367175320623,25
330.799,1257.19250843457,-23.6135382850912,-23.6135382850912,16.3945136603191,91.3494040844796,25
330.899,1257.19250843458,-23.6135382851124,-23.6135382851124,16.3945136603219,91.3620873617633,25
330.999,1257.19250843456,-23.6135382850908,-23.6135382850908,16.394513660319,91.3747673647562,25
331.09901,1257.16370051571,-23.6717190845918,-23.6717190845918,16.3381683751579,91.3874475565738,25
331.199,1257.19250843456,-23.6135382850905,-23.6135382850905,16.394513660319,91.4001175512558,25
331.299,1257.19250843458,-23.6135382851119,-23.6135382851119,16.3945136603219,91.4127877364524,25
331.399,1257.19250843456,-23.6135382850902,-23.6135382850902,16.3945136603189,91.4254546507386,25
331.499,1257.19250843457,-23.6135382851116,-23.6135382851116,16.3945136603219,91.4381182949601,25
331.59901,1257.16370051568,-23.6717190845694,-23.6717190845694,16.338168375155,91.4507821310634,25
331.699,1257.19250843457,-23.6135382851112,-23.6135382851112,16.3945136603218,91.4634357765841,25
331.799,1257.19250843455,-23.6135382850896,-23.6135382850896,16.3945136603189,91.4760896156753,25
331.899,1257.19250843457,-23.6135382851109,-23.6135382851109,16.3945136603217,91.4887401880761,25
331.999,1257.19250843455,-23.6135382850893,-23.6135382850893,16.3945136603188,91.5013874946311,25
332.09901,1257.1637005157,-23.6717190845902,-23.6717190845902,16.3381683751576,91.5140349961215,25
332.199,1257.19250843455,-23.6135382850889,-23.6135382850889,16.3945136603187,91.526672313575,25
332.299,1257.19250843457,-23.6135382851102,-23.6135382851102,16.3945136603216,91.5393098276492,25
332.399,1257.19250843455,-23.6135382850887,-23.6135382850887,16.3945136603187,91.5519440792476,25
332.499,1257.19250843457,-23.61353828511,-23.61353828511,16.3945136603216,91.564575069213,25
332.59901,1257.16370051567,-23.671719084568,-23.671719084568,16.3381683751548,91.5772062571634,25
332.699,1257.19250843456,-23.6135382851097,-23.6135382851097,16.3945136603216,91.5898272676133,25
332.799,1257.19250843454,-23.6135382850882,-23.6135382850882,16.3945136603187,91.602448477732,25
332.899,1257.19250843456,-23.6135382851094,-23.6135382851094,16.3945136603216,91.615066429584,25
332.999,1257.19250843454,-23.6135382850879,-23.6135382850879,16.3945136603187,91.6276811240111,25
333.09901,1257.16370051569,-23.6717190845888,-23.6717190845888,16.3381683751576,91.6402960194683,25
333.199,1257.19250843454,-23.6135382850876,-23.6135382850876,16.3945136603186,91.6529007439528,25
333.299,1257.19250843456,-23.6135382851089,-23.6135382851089,16.3945136603215,91.6655056711496,25
333.399,1257.19250843454,-23.6135382850873,-23.6135382850873,16.3945136603186,91.6781073442839,25
333.499,1257.19250843456,-23.6135382851086,-23.6135382851086,16.3945136603214,91.6907057641953,25
333.59901,1257.16370051566,-23.6717190845665,-23.6717190845665,16.3381683751547,91.703304388181,25
333.699,1257.19250843455,-23.6135382851081,-23.6135382851081,16.3945136603213,91.7158928477107,25
333.799,1257.19250843454,-23.6135382850866,-23.6135382850866,16.3945136603185,91.7284815129927,25
333.899,1257.19250843455,-23.6135382851079,-23.6135382851079,16.3945136603214,91.7410669284099,25
333.999,1257.19250843453,-23.6135382850863,-23.6135382850863,16.3945136603184,91.7536490948014,25
334.09901,1257.16370051568,-23.6717190845873,-23.6717190845873,16.3381683751574,91.7662314683042,25
334.199,1257.19250843453,-23.613538285086,-23.613538285086,16.3945136603184,91.7788036838627,25
334.299,1257.19250843455,-23.6135382851073,-23.6135382851073,16.3945136603213,91.7913761082098,25
334.399,1257.19250843453,-23.6135382850857,-23.6135382850857,16.3945136603184,91.8039452868841,25
334.499,1257.19250843455,-23.613538285107,-23.613538285107,16.3945136603213,91.8165112207266,25
334.59901,1257.16370051566,-23.6717190845649,-23.6717190845649,16.3381683751545,91.8290773647129,25
334.699,1257.19250843454,-23.6135382851067,-23.6135382851067,16.3945136603212,91.8416333572586,25
334.799,1257.19250843453,-23.613538285085,-23.613538285085,16.3945136603183,91.8541895616239,25
334.899,1257.19250843454,-23.6135382851065,-23.6135382851065,16.3945136603212,91.8667425245048,25
334.999,1257.19250843452,-23.6135382850848,-23.6135382850848,16.3945136603183,91.8792922467382,25
335.09901,1257.16370051567,-23.6717190845858,-23.6717190845858,16.3381683751572,91.8918421821484,25
335.199,1257.19250843452,-23.6135382850846,-23.6135382850846,16.3945136603183,91.9043819726087,25
335.299,1257.19250843454,-23.6135382851059,-23.6135382851059,16.394513660321,91.9169219779186,25
335.399,1257.19250843452,-23.6135382850844,-23.6135382850844,16.3945136603182,91.9294587459259,25
335.499,1257.19250843454,-23.6135382851056,-23.6135382851056,16.3945136603211,91.9419922774655,25
335.59901,1257.16370051565,-23.6717190845636,-23.6717190845636,16.3381683751543,91.9545260252074,25
335.699,1257.19250843453,-23.6135382851052,-23.6135382851052,16.3945136603211,91.967049634487,25
335.799,1257.19250843452,-23.6135382850838,-23.6135382850838,16.3945136603181,91.9795734616388,25
335.899,1257.19250843453,-23.613538285105,-23.613538285105,16.394513660321,91.9920940556646,25
335.999,1257.19250843452,-23.6135382850836,-23.6135382850836,16.394513660318,92.0046114173993,25
336.09901,1257.16370051566,-23.6717190845844,-23.6717190845844,16.338168375157,92.0171289983576,25
336.199,1257.19250843451,-23.6135382850833,-23.6135382850833,16.394513660318,92.0296364473314,25
336.299,1257.19250843453,-23.6135382851043,-23.6135382851043,16.3945136603209,92.0421441171987,25
336.399,1257.19250843451,-23.613538285083,-23.613538285083,16.394513660318,92.0546485581106,25
336.499,1257.19250843453,-23.6135382851042,-23.6135382851042,16.3945136603209,92.0671497709004,25
336.59901,1257.16370051564,-23.6717190845623,-23.6717190845623,16.3381683751542,92.0796512059337,25
336.699,1257.19250843452,-23.613538285104,-23.613538285104,16.394513660321,92.0921425154505,25
336.799,1257.19250843451,-23.6135382850824,-23.6135382850824,16.3945136603179,92.104634048877,25
336.899,1257.19250843452,-23.6135382851036,-23.6135382851036,16.3945136603209,92.1171223575135,25
336.999,1257.19250843451,-23.6135382850821,-23.6135382850821,16.394513660318,92.1296074421943,25
337.09901,1257.16370051565,-23.671719084583,-23.671719084583,16.338168375157,92.1420927521325,25
337.199,1257.1925084345,-23.6135382850818,-23.6135382850818,16.3945136603179,92.1545679430142,25
337.299,1257.19250843452,-23.613538285103,-23.613538285103,16.3945136603209,92.1670433608172,25
337.399,1257.1925084345,-23.6135382850815,-23.6135382850815,16.3945136603178,92.1795155579917,25
337.499,1257.19250843452,-23.6135382851027,-23.6135382851027,16.3945136603208,92.1919845353683,25
337.59901,1257.16370051563,-23.6717190845607,-23.6717190845607,16.3381683751539,92.2044537410132,25
337.699,1257.19250843452,-23.6135382851024,-23.6135382851024,16.3945136603207,92.2169128340551,25
337.799,1257.1925084345,-23.6135382850809,-23.6135382850809,16.3945136603176,92.2293721570263,25
337.899,1257.19250843451,-23.6135382851021,-23.6135382851021,16.3945136603207,92.2418282635239,25
337.999,1257.1925084345,-23.6135382850805,-23.6135382850805,16.3945136603176,92.2542811543786,25
338.09901,1257.16370051564,-23.6717190845815,-23.6717190845815,16.3381683751567,92.2667342765076,25
338.199,1257.19250843449,-23.6135382850802,-23.6135382850802,16.3945136603175,92.279177292477,25
338.299,1257.19250843451,-23.6135382851016,-23.6135382851016,16.3945136603206,92.2916205413812,25
338.399,1257.19250843449,-23.61353828508,-23.61353828508,16.3945136603176,92.3040605779615,25
338.499,1257.19250843451,-23.6135382851012,-23.6135382851012,16.3945136603206,92.3164974030466,25
338.59901,1257.16370051562,-23.6717190845592,-23.6717190845592,16.3381683751538,92.3289344624108,25
338.699,1257.19250843451,-23.6135382851009,-23.6135382851009,16.3945136603205,92.3413614220498,25
338.799,1257.19250843449,-23.6135382850793,-23.6135382850793,16.3945136603175,92.3537886176241,25
338.899,1257.1925084345,-23.6135382851006,-23.6135382851006,16.3945136603204,92.3662126050191,25
338.999,1257.19250843449,-23.6135382850791,-23.6135382850791,16.3945136603175,92.3786333850623,25
339.09901,1257.16370051563,-23.6717190845798,-23.6717190845798,16.3381683751564,92.3910544023837,25
339.199,1257.19250843448,-23.6135382850786,-23.6135382850786,16.3945136603174,92.4034653264076,25
339.299,1257.1925084345,-23.6135382850999,-23.6135382850999,16.3945136603202,92.4158764893635,25
339.399,1257.19250843448,-23.6135382850783,-23.6135382850783,16.3945136603173,92.4282844482782,25
339.499,1257.1925084345,-23.6135382850996,-23.6135382850996,16.3945136603202,92.4406892039799,25
339.59901,1257.16370051561,-23.6717190845576,-23.6717190845576,16.3381683751536,92.4530941999543,25
339.699,1257.1925084345,-23.6135382850994,-23.6135382850994,16.3945136603202,92.4654891090495,25
339.799,1257.19250843448,-23.6135382850777,-23.6135382850777,16.3945136603173,92.4778842600706,25
339.899,1257.1925084345,-23.6135382850991,-23.6135382850991,16.3945136603202,92.4902762111847,25
339.999,1257.19250843448,-23.6135382850775,-23.6135382850775,16.3945136603174,92.5026649632176,25
340.09901,1257.16370051562,-23.6717190845785,-23.6717190845785,16.3381683751563,92.5150539585144,25
340.199,1257.19250843447,-23.6135382850772,-23.6135382850772,16.3945136603173,92.5274328733435,25
340.299,1257.19250843449,-23.6135382850986,-23.6135382850986,16.3945136603202,92.539812033087,25
340.399,1257.19250843447,-23.6135382850769,-23.6135382850769,16.3945136603172,92.5521879970513,25
340.499,1257.19250843449,-23.6135382850983,-23.6135382850983,16.3945136603203,92.5645607660618,25
340.59901,1257.1637005156,-23.6717190845562,-23.6717190845562,16.3381683751534,92.5769337813244,25
340.699,1257.19250843449,-23.613538285098,-23.613538285098,16.3945136603202,92.5892967225207,25
340.799,1257.19250843447,-23.6135382850763,-23.6135382850763,16.3945136603172,92.6016599116176,25
340.899,1257.19250843448,-23.6135382850977,-23.6135382850977,16.3945136603201,92.6140199090592,25
340.999,1257.19250843447,-23.6135382850761,-23.6135382850761,16.3945136603171,92.6263767156681,25
341.09901,1257.16370051561,-23.671719084577,-23.671719084577,16.3381683751563,92.638733771512,25
341.199,1257.19250843447,-23.6135382850759,-23.6135382850759,16.394513660317,92.6510807596841,25
341.299,1257.19250843448,-23.6135382850971,-23.6135382850971,16.3945136603201,92.6634279987386,25
341.399,1257.19250843447,-23.6135382850756,-23.6135382850756,16.394513660317,92.6757720502547,25
341.499,1257.19250843448,-23.6135382850967,-23.6135382850967,16.3945136603201,92.6881129150549,25
341.59901,1257.16370051559,-23.6717190845548,-23.6717190845548,16.3381683751532,92.7004540320706,25
341.699,1257.19250843448,-23.6135382850965,-23.6135382850965,16.39451366032,92.7127850878,25
341.799,1257.19250843446,-23.6135382850749,-23.6135382850749,16.3945136603169,92.7251163973894,25
341.899,1257.19250843448,-23.6135382850961,-23.6135382850961,16.3945136603199,92.7374445235524,25
341.999,1257.19250843446,-23.6135382850746,-23.6135382850746,16.3945136603169,92.7497694671121,25
342.09901,1257.1637005156,-23.6717190845754,-23.6717190845754,16.3381683751559,92.7620946658619,25
342.199,1257.19250843446,-23.6135382850743,-23.6135382850743,16.3945136603168,92.7744098097034,25
342.299,1257.19250843447,-23.6135382850955,-23.6135382850955,16.3945136603198,92.7867252103785,25
342.399,1257.19250843446,-23.6135382850741,-23.6135382850741,16.3945136603168,92.7990374317356,25
342.499,1257.19250843447,-23.6135382850952,-23.6135382850952,16.3945136603198,92.8113464745935,25
342.59901,1257.16370051558,-23.6717190845533,-23.6717190845533,16.338168375153,92.8236557756149,25
342.699,1257.19250843447,-23.613538285095,-23.613538285095,16.3945136603198,92.8359550280975,25
342.799,1257.19250843445,-23.6135382850734,-23.6135382850734,16.3945136603168,92.8482545403836,25
342.899,1257.19250843447,-23.6135382850948,-23.6135382850948,16.3945136603197,92.8605508774525,25
342.999,1257.19250843445,-23.6135382850732,-23.6135382850732,16.3945136603167,92.8728440401237,25
343.09901,1257.16370051559,-23.6717190845742,-23.6717190845742,16.3381683751559,92.8851374639258,25
343.199,1257.19250843445,-23.613538285073,-23.613538285073,16.3945136603168,92.8974208455503,25
343.299,1257.19250843446,-23.6135382850943,-23.6135382850943,16.3945136603197,92.9097044899442,25
343.399,1257.19250843445,-23.6135382850727,-23.6135382850727,16.3945136603168,92.9219849632171,25
343.499,1257.19250843446,-23.6135382850941,-23.6135382850941,16.3945136603197,92.9342622661885,25
343.59901,1257.16370051557,-23.671719084552,-23.671719084552,16.338168375153,92.9465398332567,25
343.699,1257.19250843446,-23.6135382850937,-23.6135382850937,16.3945136603197,92.9588073644987,25
343.799,1257.19250843444,-23.613538285072,-23.613538285072,16.3945136603166,92.9710751614726,25
343.899,1257.19250843446,-23.6135382850935,-23.6135382850935,16.3945136603197,92.9833397914168,25
343.999,1257.19250843444,-23.6135382850718,-23.6135382850718,16.3945136603166,92.9956012551492,25
344.09901,1257.16370051558,-23.6717190845728,-23.6717190845728,16.3381683751558,93.0078629859381,25
344.199,1257.19250843444,-23.6135382850715,-23.6135382850715,16.3945136603166,93.0201146872469,25
344.299,1257.19250843445,-23.6135382850928,-23.6135382850928,16.3945136603197,93.0323666572464,25
344.399,1257.19250843444,-23.6135382850712,-23.6135382850712,16.3945136603165,93.0446154643014,25
344.499,1257.19250843445,-23.6135382850925,-23.6135382850925,16.3945136603196,93.056861109229,25
344.59901,1257.16370051556,-23.6717190845506,-23.6717190845506,16.3381683751527,93.0691070241706,25
344.699,1257.19250843445,-23.6135382850922,-23.6135382850922,16.3945136603196,93.0813429159686,25
344.799,1257.19250843443,-23.6135382850708,-23.6135382850708,16.3945136603164,93.093579079412,25
344.899,1257.19250843445,-23.6135382850918,-23.6135382850918,16.3945136603195,93.1058120839915,25
344.999,1257.19250843443,-23.6135382850705,-23.6135382850705,16.3945136603163,93.1180419305246,25
345.09901,1257.16370051557,-23.6717190845711,-23.6717190845711,16.3381683751556,93.1302720500236,25
345.199,1257.19250843443,-23.6135382850702,-23.6135382850702,16.3945136603163,93.1424921527057,25
345.299,1257.19250843444,-23.6135382850911,-23.6135382850911,16.3945136603195,93.1547125299847,25
345.399,1257.19250843443,-23.6135382850699,-23.6135382850699,16.3945136603162,93.1669297524762,25
345.499,1257.19250843444,-23.6135382850908,-23.6135382850908,16.3945136603194,93.1791438209931,25
345.59901,1257.16370051555,-23.671719084549,-23.671719084549,16.3381683751526,93.1913581654265,25
345.699,1257.19250843444,-23.6135382850905,-23.6135382850905,16.3945136603193,93.2035624993648,25
345.799,1257.19250843442,-23.6135382850691,-23.6135382850691,16.3945136603162,93.2157671108466,25
345.899,1257.19250843444,-23.6135382850902,-23.6135382850902,16.3945136603193,93.2279685716099,25
345.999,1257.19250843442,-23.6135382850688,-23.6135382850688,16.3945136603161,93.2401668824692,25
346.09901,1257.16370051556,-23.6717190845695,-23.6717190845695,16.3381683751554,93.2523654721887,25
346.199,1257.19250843442,-23.6135382850683,-23.6135382850683,16.394513660316,93.2645540577248,25
346.299,1257.19250843443,-23.6135382850896,-23.6135382850896,16.3945136603191,93.2767429237495,25
346.399,1257.19250843442,-23.613538285068,-23.613538285068,16.394513660316,93.2889286431209,25
346.499,1257.19250843443,-23.6135382850893,-23.6135382850893,16.394513660319,93.3011112166516,25
346.59901,1257.16370051554,-23.6717190845473,-23.6717190845473,16.3381683751523,93.3132940719834,25
346.699,1257.19250843443,-23.6135382850891,-23.6135382850891,16.3945136603191,93.3254669294367,25
346.799,1257.19250843441,-23.6135382850674,-23.6135382850674,16.3945136603161,93.3376400703166,25
346.899,1257.19250843443,-23.6135382850888,-23.6135382850888,16.3945136603191,93.3498100686025,25
346.999,1257.19250843441,-23.6135382850672,-23.6135382850672,16.394513660316,93.3619769251067,25
347.09901,1257.16370051555,-23.6717190845682,-23.6717190845682,16.3381683751551,93.3741440663519,25
347.199,1257.19250843441,-23.6135382850669,-23.6135382850669,16.394513660316,93.3863012160124,25
347.299,1257.19250843442,-23.6135382850883,-23.6135382850883,16.3945136603189,93.398458652035,25
347.399,1257.19250843441,-23.6135382850665,-23.6135382850665,16.394513660316,93.4106129495193,25
347.499,1257.19250843442,-23.613538285088,-23.613538285088,16.3945136603189,93.4227641092741,25
347.59901,1257.16370051553,-23.6717190845457,-23.6717190845457,16.3381683751522,93.4349155567035,25
347.699,1257.19250843442,-23.6135382850877,-23.6135382850877,16.3945136603189,93.447057018837,25
347.799,1257.1925084344,-23.613538285066,-23.613538285066,16.3945136603159,93.4591987702645,25
347.899,1257.19250843442,-23.6135382850873,-23.6135382850873,16.3945136603189,93.4713373872013,25
347.999,1257.1925084344,-23.6135382850657,-23.6135382850657,16.3945136603158,93.4834728704576,25
348.09901,1257.16370051554,-23.6717190845666,-23.6717190845666,16.338168375155,93.4956086443188,25
348.199,1257.1925084344,-23.6135382850654,-23.6135382850654,16.3945136603157,93.5077344391628,25
348.299,1257.19250843441,-23.6135382850866,-23.6135382850866,16.3945136603188,93.5198605262292,25
348.399,1257.1925084344,-23.6135382850653,-23.6135382850653,16.3945136603157,93.53198348285,25
348.499,1257.19250843441,-23.6135382850864,-23.6135382850864,16.3945136603188,93.5441033098325,25
348.59901,1257.16370051552,-23.6717190845445,-23.6717190845445,16.3381683751519,93.5562234303461,25
348.699,1257.19250843441,-23.613538285086,-23.613538285086,16.3945136603187,93.5683335781148,25
348.799,1257.19250843439,-23.6135382850646,-23.6135382850646,16.3945136603156,93.5804440210294,25
348.899,1257.19250843441,-23.6135382850856,-23.6135382850856,16.3945136603186,93.5925513375378,25
348.999,1257.19250843439,-23.6135382850642,-23.6135382850642,16.3945136603156,93.6046555284451,25
349.09901,1257.16370051553,-23.6717190845649,-23.6717190845649,16.3381683751547,93.6167600158059,25
349.199,1257.19250843439,-23.6135382850639,-23.6135382850639,16.3945136603156,93.6288545366851,25
349.299,1257.1925084344,-23.6135382850851,-23.6135382850851,16.3945136603186,93.640949355631,25
349.399,1257.19250843439,-23.6135382850635,-23.6135382850635,16.3945136603155,93.6530410522025,25
349.499,1257.1925084344,-23.6135382850848,-23.6135382850848,16.3945136603186,93.6651296272067,25
349.59901,1257.16370051551,-23.6717190845427,-23.6717190845427,16.3381683751519,93.6772185015832,25
349.699,1257.1925084344,-23.6135382850846,-23.6135382850846,16.3945136603186,93.6892974157329,25
349.799,1257.19250843438,-23.6135382850629,-23.6135382850629,16.3945136603155,93.7013766308668,25
349.899,1257.1925084344,-23.6135382850844,-23.6135382850844,16.3945136603186,93.7134527276551,25
349.999,1257.19250843438,-23.6135382850627,-23.6135382850627,16.3945136603155,93.7255257069025,25
350.09901,1257.16370051552,-23.6717190845637,-23.6717190845637,16.3381683751547,93.7375989884382,25
350.199,1257.19250843438,-23.6135382850623,-23.6135382850623,16.3945136603155,93.7496623159946,25
350.299,1257.19250843439,-23.6135382850838,-23.6135382850838,16.3945136603185,93.7617259474476,25
350.399,1257.19250843437,-23.6135382850619,-23.6135382850619,16.3945136603154,93.7737864645778,25
350.499,1257.19250843439,-23.6135382850834,-23.6135382850834,16.3945136603185,93.7858438681895,25
350.59901,1257.1637005155,-23.6717190845412,-23.6717190845412,16.3381683751517,93.7979015770003,25
350.699,1257.19250843439,-23.6135382850832,-23.6135382850832,16.3945136603184,93.8099493380711,25
350.799,1257.19250843437,-23.6135382850613,-23.6135382850613,16.3945136603153,93.8219974059481,25
350.899,1257.19250843439,-23.6135382850828,-23.6135382850828,16.3945136603183,93.8340423635208,25
350.999,1257.19250843437,-23.613538285061,-23.613538285061,16.3945136603152,93.846084211591,25
351.09901,1257.16370051551,-23.671719084562,-23.671719084562,16.3381683751544,93.8581263677685,25
351.199,1257.19250843437,-23.6135382850607,-23.6135382850607,16.3945136603153,93.8701585824367,25
351.299,1257.19250843438,-23.6135382850821,-23.6135382850821,16.3945136603182,93.8821911068168,25
351.399,1257.19250843437,-23.6135382850605,-23.6135382850605,16.3945136603153,93.8942205249046,25
351.499,1257.19250843438,-23.6135382850818,-23.6135382850818,16.3945136603182,93.9062468375026,25
351.59901,1257.16370051549,-23.6717190845398,-23.6717190845398,16.3381683751515,93.9182734611104,25
351.699,1257.19250843438,-23.6135382850815,-23.6135382850815,16.3945136603182,93.9302901494328,25
351.799,1257.19250843436,-23.6135382850599,-23.6135382850599,16.3945136603151,93.9423071503684,25
351.899,1257.19250843438,-23.6135382850812,-23.6135382850812,16.3945136603181,93.9543210490191,25
351.999,1257.19250843436,-23.6135382850597,-23.6135382850597,16.3945136603151,93.9663318461861,25
352.09901,1257.1637005155,-23.6717190845604,-23.6717190845604,16.3381683751543,93.9783429572637,25
352.199,1257.19250843436,-23.6135382850593,-23.6135382850593,16.394513660315,93.99034413927,25
352.299,1257.19250843438,-23.6135382850804,-23.6135382850804,16.394513660318,94.0023456367889,25
352.399,1257.19250843436,-23.6135382850589,-23.6135382850589,16.3945136603149,94.0143440360249,25
352.499,1257.19250843437,-23.6135382850801,-23.6135382850801,16.3945136603179,94.0263393377785,25
352.59901,1257.16370051548,-23.6717190845382,-23.6717190845382,16.3381683751512,94.038334956339,25
352.699,1257.19250843437,-23.6135382850799,-23.6135382850799,16.3945136603179,94.050320652035,25
352.799,1257.19250843435,-23.6135382850583,-23.6135382850583,16.3945136603149,94.0623066661378,25
352.899,1257.19250843437,-23.6135382850796,-23.6135382850796,16.3945136603178,94.0742895859548,25
352.999,1257.19250843435,-23.6135382850579,-23.6135382850579,16.3945136603148,94.0862694122859,25
353.09901,1257.1637005155,-23.6717190845589,-23.6717190845589,16.3381683751539,94.0982495583172,25
353.199,1257.19250843435,-23.6135382850576,-23.6135382850576,16.3945136603148,94.1102197876829,25
353.299,1257.19250843437,-23.6135382850791,-23.6135382850791,16.3945136603177,94.1221903383453,25
353.399,1257.19250843435,-23.6135382850574,-23.6135382850574,16.3945136603148,94.1341577987147,25
353.499,1257.19250843436,-23.6135382850788,-23.6135382850788,16.3945136603177,94.1461221695884,25
353.59901,1257.16370051547,-23.6717190845366,-23.6717190845366,16.3381683751511,94.1580868630514,25
353.699,1257.19250843436,-23.6135382850784,-23.6135382850784,16.3945136603177,94.1700416460397,25
353.799,1257.19250843434,-23.6135382850567,-23.6135382850567,16.3945136603147,94.1819967532124,25
353.899,1257.19250843436,-23.6135382850782,-23.6135382850782,16.3945136603177,94.1939487740782,25
353.999,1257.19250843434,-23.6135382850565,-23.6135382850565,16.3945136603147,94.2058977094331,25
354.09901,1257.16370051549,-23.6717190845574,-23.6717190845574,16.3381683751538,94.2178469702635,25
354.199,1257.19250843434,-23.6135382850562,-23.6135382850562,16.3945136603147,94.2297863268028,25
354.299,1257.19250843436,-23.6135382850775,-23.6135382850775,16.3945136603175,94.2417260104087,25
354.399,1257.19250843434,-23.6135382850558,-23.6135382850558,16.3945136603146,94.2536626116907,25
354.499,1257.19250843436,-23.6135382850772,-23.6135382850772,16.3945136603174,94.2655961314425,25
354.59901,1257.16370051546,-23.6717190845349,-23.6717190845349,16.3381683751509,94.2775299795505,25
354.699,1257.19250843436,-23.6135382850769,-23.6135382850769,16.3945136603173,94.2894539295416,25
354.799,1257.19250843434,-23.6135382850551,-23.6135382850551,16.3945136603145,94.3013782094794,25
354.899,1257.19250843435,-23.6135382850766,-23.6135382850766,16.3945136603173,94.3132994110691,25
354.999,1257.19250843433,-23.6135382850549,-23.6135382850549,16.3945136603144,94.3252175351053,25
355.09901,1257.16370051548,-23.6717190845559,-23.6717190845559,16.3381683751534,94.3371359903745,25
355.199,1257.19250843433,-23.6135382850546,-23.6135382850546,16.3945136603144,94.3490445536952,25
355.299,1257.19250843435,-23.613538285076,-23.613538285076,16.3945136603171,94.3609534498369,25
355.399,1257.19250843433,-23.6135382850542,-23.6135382850542,16.3945136603143,94.3728592716026,25
355.499,1257.19250843435,-23.6135382850756,-23.6135382850756,16.3945136603171,94.3847620197851,25
355.59901,1257.16370051546,-23.6717190845335,-23.6717190845335,16.3381683751506,94.3966651020752,25
355.699,1257.19250843435,-23.6135382850752,-23.6135382850752,16.394513660317,94.4085582985755,25
355.799,1257.19250843433,-23.6135382850536,-23.6135382850536,16.3945136603142,94.4204518307696,25
355.899,1257.19250843435,-23.6135382850749,-23.6135382850749,16.394513660317,94.4323422925523,25
355.999,1257.19250843433,-23.6135382850533,-23.6135382850533,16.394513660314,94.4442296847176,25
356.09901,1257.16370051547,-23.6717190845542,-23.6717190845542,16.3381683751532,94.4561174138603,25
356.199,1257.19250843433,-23.6135382850531,-23.6135382850531,16.3945136603141,94.4679952633647,25
356.299,1257.19250843434,-23.6135382850742,-23.6135382850742,16.3945136603169,94.4798734514311,25
356.399,1257.19250843432,-23.6135382850528,-23.6135382850528,16.394513660314,94.4917485730487,25
356.499,1257.19250843434,-23.613538285074,-23.613538285074,16.3945136603169,94.5036206290089,25
356.59901,1257.16370051545,-23.671719084532,-23.671719084532,16.3381683751504,94.5154930248136,25
356.699,1257.19250843434,-23.6135382850736,-23.6135382850736,16.3945136603168,94.527355547122,25
356.799,1257.19250843432,-23.6135382850522,-23.6135382850522,16.394513660314,94.5392184108568,25
356.899,1257.19250843434,-23.6135382850734,-23.6135382850734,16.3945136603168,94.5510782120993,25
356.999,1257.19250843432,-23.6135382850519,-23.6135382850519,16.3945136603139,94.5629349516392,25
357.09901,1257.16370051546,-23.6717190845527,-23.6717190845527,16.338168375153,94.5747920338864,25
357.199,1257.19250843432,-23.6135382850516,-23.6135382850516,16.3945136603139,94.5866392487738,25
357.299,1257.19250843433,-23.6135382850729,-23.6135382850729,16.3945136603167,94.5984868079474,25
357.399,1257.19250843431,-23.6135382850513,-23.6135382850513,16.3945136603139,94.6103313085792,25
357.499,1257.19250843433,-23.6135382850727,-23.6135382850727,16.3945136603168,94.6221727514592,25
357.59901,1257.16370051544,-23.6717190845306,-23.6717190845306,16.3381683751502,94.6340145399055,25
357.699,1257.19250843433,-23.6135382850723,-23.6135382850723,16.3945136603166,94.6458464671183,25
357.799,1257.19250843431,-23.6135382850507,-23.6135382850507,16.3945136603138,94.6576787414773,25
357.899,1257.19250843433,-23.613538285072,-23.613538285072,16.3945136603166,94.6695079612389,25
357.999,1257.19250843431,-23.6135382850504,-23.6135382850504,16.3945136603137,94.681334127193,25
358.09901,1257.16370051545,-23.6717190845513,-23.6717190845513,16.3381683751529,94.6931606415704,25
358.199,1257.19250843431,-23.6135382850502,-23.6135382850502,16.3945136603138,94.7049773008332,25
358.299,1257.19250843432,-23.6135382850715,-23.6135382850715,16.3945136603166,94.7167943100941,25
358.399,1257.19250843431,-23.6135382850499,-23.6135382850499,16.3945136603137,94.7286082687003,25
358.499,1257.19250843432,-23.6135382850711,-23.6135382850711,16.3945136603166,94.7404191774376,25
358.59901,1257.16370051543,-23.6717190845291,-23.6717190845291,16.33816837515,94.7522304374498,25
358.699,1257.19250843432,-23.6135382850709,-23.6135382850709,16.3945136603165,94.7640318484599,25
358.799,1257.1925084343,-23.6135382850492,-23.6135382850492,16.3945136603136,94.7758336123181,25
358.899,1257.19250843432,-23.6135382850706,-23.6135382850706,16.3945136603166,94.7876323294564,25
358.999,1257.1925084343,-23.613538285049,-23.613538285049,16.3945136603137,94.799428000662,25
359.09901,1257.16370051544,-23.67171908455,-23.67171908455,16.3381683751528,94.8112240259907,25
359.199,1257.1925084343,-23.6135382850487,-23.6135382850487,16.3945136603135,94.8230102084201,25
359.299,1257.19250843431,-23.61353828507,-23.61353828507,16.3945136603165,94.834796746544,25
359.399,1257.19250843429,-23.6135382850484,-23.6135382850484,16.3945136603135,94.8465802418781,25
359.499,1257.19250843431,-23.6135382850696,-23.6135382850696,16.3945136603165,94.8583606952101,25
359.59901,1257.16370051542,-23.6717190845277,-23.6717190845277,16.3381683751499,94.8701415055076,25
359.699,1257.19250843431,-23.6135382850693,-23.6135382850693,16.3945136603165,94.8819124790026,25
359.799,1257.19250843429,-23.6135382850479,-23.6135382850479,16.3945136603134,94.8936838110341,25
359.899,1257.19250843431,-23.6135382850691,-23.6135382850691,16.3945136603164,94.9054521042026,25
359.999,1257.19250843429,-23.6135382850476,-23.6135382850476,16.3945136603134,94.917217359292,25
360.09901,1257.16370051543,-23.6717190845484,-23.6717190845484,16.3381683751527,94.9289829741893,25
360.199,1257.19250843429,-23.6135382850473,-23.6135382850473,16.3945136603134,94.9407387583724,25
360.299,1257.1925084343,-23.6135382850686,-23.6135382850686,16.3945136603163,94.95249490393,25
360.399,1257.19250843428,-23.613538285047,-23.613538285047,16.3945136603133,94.9642480145456,25
360.499,1257.1925084343,-23.6135382850683,-23.6135382850683,16.3945136603164,94.9759980910009,25
360.59901,1257.16370051541,-23.6717190845263,-23.6717190845263,16.3381683751497,94.9877485301013,25
360.699,1257.1925084343,-23.613538285068,-23.613538285068,16.3945136603163,94.9994891445672,25
360.799,1257.19250843428,-23.6135382850465,-23.6135382850465,16.3945136603133,95.0112301232443,25
360.899,1257.1925084343,-23.6135382850676,-23.6135382850676,16.3945136603163,95.0229680708943,25
360.999,1257.19250843428,-23.6135382850462,-23.6135382850462,16.3945136603132,95.0347029882995,25
361.09901,1257.16370051542,-23.6717190845469,-23.6717190845469,16.3381683751525,95.0464382711823,25
361.199,1257.19250843428,-23.6135382850459,-23.6135382850459,16.3945136603132,95.0581637355038,25
361.299,1257.19250843429,-23.6135382850671,-23.6135382850671,16.3945136603162,95.0698895668673,25
361.399,1257.19250843428,-23.6135382850456,-23.6135382850456,16.3945136603132,95.081612371113,25
361.499,1257.19250843429,-23.6135382850669,-23.6135382850669,16.3945136603162,95.0933321490226,25
361.59901,1257.1637005154,-23.6717190845247,-23.6717190845247,16.3381683751496,95.1050522952411,25
361.699,1257.19250843429,-23.6135382850665,-23.6135382850665,16.3945136603161,95.1167626289615,25
361.799,1257.19250843427,-23.613538285045,-23.613538285045,16.3945136603132,95.1284733325521,25
361.899,1257.19250843429,-23.6135382850663,-23.6135382850663,16.3945136603161,95.1401810129304,25
361.999,1257.19250843427,-23.6135382850447,-23.6135382850447,16.3945136603131,95.1518856708787,25
362.09901,1257.16370051541,-23.6717190845457,-23.6717190845457,16.3381683751524,95.1635906999609,25
362.199,1257.19250843427,-23.6135382850443,-23.6135382850443,16.3945136603131,95.1752859226016,25
362.299,1257.19250843428,-23.6135382850657,-23.6135382850657,16.3945136603159,95.1869815179368,25
362.399,1257.19250843426,-23.613538285044,-23.613538285044,16.394513660313,95.1986740939605,25
362.499,1257.19250843428,-23.6135382850654,-23.6135382850654,16.394513660316,95.2103636514521,25
362.59901,1257.16370051539,-23.6717190845233,-23.6717190845233,16.3381683751494,95.2220535828997,25
362.699,1257.19250843428,-23.6135382850652,-23.6135382850652,16.394513660316,95.2337337139558,25
362.799,1257.19250843426,-23.6135382850435,-23.6135382850435,16.394513660313,95.2454142205263,25
362.899,1257.19250843427,-23.6135382850648,-23.6135382850648,16.3945136603159,95.2570917116816,25
362.999,1257.19250843426,-23.6135382850431,-23.6135382850431,16.3945136603129,95.2687661881981,25
363.09901,1257.1637005154,-23.6717190845442,-23.6717190845442,16.3381683751522,95.2804410414911,25
363.199,1257.19250843426,-23.6135382850429,-23.6135382850429,16.3945136603129,95.2921061004324,25
363.299,1257.19250843427,-23.6135382850643,-23.6135382850643,16.3945136603159,95.303771537705,25
363.399,1257.19250843425,-23.6135382850427,-23.6135382850427,16.3945136603128,95.3154339634523,25
363.499,1257.19250843427,-23.613538285064,-23.613538285064,16.3945136603159,95.3270933784522,25
363.59901,1257.16370051538,-23.6717190845219,-23.6717190845219,16.3381683751493,95.3387531730424,25
363.699,1257.19250843427,-23.6135382850638,-23.6135382850638,16.3945136603158,95.3504031793145,25
363.799,1257.19250843425,-23.6135382850422,-23.6135382850422,16.3945136603128,95.3620535667314,25
363.899,1257.19250843426,-23.6135382850635,-23.6135382850635,16.3945136603159,95.3737009465077,25
363.999,1257.19250843425,-23.613538285042,-23.613538285042,16.3945136603128,95.3853453194191,25
364.09901,1257.16370051539,-23.6717190845429,-23.6717190845429,16.3381683751521,95.3969900747344,25
364.199,1257.19250843424,-23.6135382850416,-23.6135382850416,16.3945136603128,95.4086250477559,25
364.299,1257.19250843426,-23.613538285063,-23.613538285063,16.3945136603158,95.4202604047315,25
364.399,1257.19250843424,-23.6135382850413,-23.6135382850413,16.3945136603127,95.431892757948,25
364.499,1257.19250843426,-23.6135382850627,-23.6135382850627,16.3945136603158,95.4435221081795,25
364.59901,1257.16370051537,-23.6717190845205,-23.6717190845205,16.3381683751492,95.455151843621,25
364.699,1257.19250843425,-23.6135382850624,-23.6135382850624,16.3945136603158,95.4667718027874,25
364.799,1257.19250843424,-23.6135382850407,-23.6135382850407,16.3945136603127,95.4783921487149,25
364.899,1257.19250843425,-23.6135382850622,-23.6135382850622,16.3945136603158,95.4900094947572,25
364.999,1257.19250843424,-23.6135382850404,-23.6135382850404,16.3945136603126,95.5016238416888,25
365.09901,1257.16370051538,-23.6717190845414,-23.6717190845414,16.3381683751521,95.5132385766358,25
365.199,1257.19250843423,-23.61353828504,-23.61353828504,16.3945136603125,95.5248435413167,25
365.299,1257.19250843425,-23.6135382850615,-23.6135382850615,16.3945136603157,95.5364488955611,25
365.399,1257.19250843423,-23.6135382850398,-23.6135382850398,16.3945136603126,95.5480512537905,25
365.499,1257.19250843425,-23.6135382850612,-23.6135382850612,16.3945136603156,95.5596506167776,25
365.59901,1257.16370051536,-23.671719084519,-23.671719084519,16.338168375149,95.5712503705811,25
365.699,1257.19250843424,-23.6135382850609,-23.6135382850609,16.3945136603156,95.5828403601217,25
365.799,1257.19250843423,-23.6135382850392,-23.6135382850392,16.3945136603125,95.5944307420242,25
365.899,1257.19250843424,-23.6135382850605,-23.6135382850605,16.3945136603155,95.6060181317766,25
365.999,1257.19250843423,-23.613538285039,-23.613538285039,16.3945136603126,95.6176025301527,25
366.09901,1257.16370051537,-23.6717190845399,-23.6717190845399,16.3381683751518,95.6291873221413,25
366.199,1257.19250843423,-23.6135382850386,-23.6135382850386,16.3945136603125,95.6407623558605,25
366.299,1257.19250843424,-23.6135382850599,-23.6135382850599,16.3945136603154,95.6523377847372,25
366.399,1257.19250843422,-23.6135382850383,-23.6135382850383,16.3945136603124,95.6639102253243,25
366.499,1257.19250843424,-23.6135382850596,-23.6135382850596,16.3945136603153,95.6754796783934,25
366.59901,1257.16370051535,-23.6717190845176,-23.6717190845176,16.3381683751489,95.6870495278699,25
366.699,1257.19250843424,-23.6135382850592,-23.6135382850592,16.3945136603153,95.6986096250642,25
366.799,1257.19250843422,-23.6135382850377,-23.6135382850377,16.3945136603124,95.7101701202065,25
366.899,1257.19250843423,-23.613538285059,-23.613538285059,16.3945136603152,95.7217276309149,25
366.999,1257.19250843422,-23.6135382850374,-23.6135382850374,16.3945136603123,95.7332821579593,25
367.09901,1257.16370051536,-23.6717190845383,-23.6717190845383,16.3381683751516,95.744837084201,25
367.199,1257.19250843421,-23.6135382850371,-23.6135382850371,16.3945136603122,95.7563822641386,25
367.299,1257.19250843423,-23.6135382850584,-23.6135382850584,16.3945136603152,95.7679278448122,25
367.399,1257.19250843421,-23.6135382850368,-23.6135382850368,16.3945136603122,95.779470444902,25
367.499,1257.19250843423,-23.6135382850581,-23.6135382850581,16.3945136603151,95.7910100651775,25
367.59901,1257.16370051534,-23.671719084516,-23.671719084516,16.3381683751487,95.8025500874362,25
367.699,1257.19250843423,-23.6135382850577,-23.6135382850577,16.3945136603151,95.8140803693631,25
367.799,1257.19250843421,-23.6135382850362,-23.6135382850362,16.394513660312,95.8256110548111,25
367.899,1257.19250843423,-23.6135382850574,-23.6135382850574,16.394513660315,95.83713876352,25
367.999,1257.19250843421,-23.6135382850359,-23.6135382850359,16.394513660312,95.8486634962585,25
368.09901,1257.16370051535,-23.6717190845368,-23.6717190845368,16.3381683751514,95.8601886337632,25
368.199,1257.19250843421,-23.6135382850354,-23.6135382850354,16.3945136603119,95.8717040368996,25
368.299,1257.19250843422,-23.6135382850569,-23.6135382850569,16.3945136603149,95.8832198463369,25
368.399,1257.19250843421,-23.6135382850351,-23.6135382850351,16.3945136603119,95.8947326828764,25
368.499,1257.19250843422,-23.6135382850566,-23.6135382850566,16.3945136603149,95.906242547285,25
368.59901,1257.16370051533,-23.6717190845143,-23.6717190845143,16.3381683751484,95.9177528192381,25
368.699,1257.19250843422,-23.6135382850563,-23.6135382850563,16.3945136603149,95.9292533627785,25
368.799,1257.1925084342,-23.6135382850345,-23.6135382850345,16.3945136603118,95.9407543153981,25
368.899,1257.19250843422,-23.613538285056,-23.613538285056,16.3945136603149,95.9522522989548,25
368.999,1257.1925084342,-23.6135382850342,-23.6135382850342,16.3945136603117,95.9637473142161,25
369.09901,1257.16370051534,-23.6717190845352,-23.6717190845352,16.3381683751512,95.9752427397978,25
369.199,1257.1925084342,-23.6135382850339,-23.6135382850339,16.3945136603117,95.986728442914,25
369.299,1257.19250843422,-23.6135382850553,-23.6135382850553,16.3945136603148,95.9982145578821,25
369.399,1257.1925084342,-23.6135382850335,-23.6135382850335,16.3945136603116,96.0096977076188,25
369.499,1257.19250843421,-23.613538285055,-23.613538285055,16.3945136603147,96.021177892888,25
369.59901,1257.16370051532,-23.6717190845128,-23.6717190845128,16.338168375148,96.0326584912501,25
369.699,1257.19250843421,-23.6135382850546,-23.6135382850546,16.3945136603147,96.044129373088,25
369.799,1257.19250843419,-23.613538285033,-23.613538285033,16.3945136603115,96.0556006695478,25
369.899,1257.19250843421,-23.6135382850544,-23.6135382850544,16.3945136603146,96.0670690046018,25
369.999,1257.19250843419,-23.6135382850326,-23.6135382850326,16.3945136603114,96.078534379012,25
370.09901,1257.16370051533,-23.6717190845336,-23.6717190845336,16.338168375151,96.090000169284,25
370.199,1257.19250843419,-23.6135382850323,-23.6135382850323,16.3945136603114,96.1014562489637,25
370.299,1257.19250843421,-23.6135382850537,-23.6135382850537,16.3945136603145,96.1129127460333,25
370.399,1257.19250843419,-23.6135382850319,-23.6135382850319,16.3945136603113,96.1243662855162,25
370.499,1257.1925084342,-23.6135382850533,-23.6135382850533,16.3945136603145,96.1358168681767,25
370.59901,1257.16370051532,-23.6717190845112,-23.6717190845112,16.3381683751478,96.1472678694636,25
370.699,1257.1925084342,-23.613538285053,-23.613538285053,16.3945136603144,96.1587091660831,25
370.799,1257.19250843419,-23.6135382850313,-23.6135382850313,16.3945136603113,96.1701508828553,25
370.899,1257.1925084342,-23.6135382850526,-23.6135382850526,16.3945136603144,96.1815896458559,25
370.999,1257.19250843418,-23.6135382850311,-23.6135382850311,16.3945136603113,96.1930254558487,25
371.09901,1257.16370051533,-23.6717190845319,-23.6717190845319,16.3381683751508,96.2044616872287,25
371.199,1257.19250843418,-23.6135382850308,-23.6135382850308,16.3945136603113,96.2158882198593,25
371.299,1257.1925084342,-23.6135382850521,-23.6135382850521,16.3945136603144,96.2273151754018,25
371.399,1257.19250843418,-23.6135382850306,-23.6135382850306,16.3945136603112,96.2387391809845,25
371.499,1257.19250843419,-23.6135382850518,-23.6135382850518,16.3945136603143,96.2501602373685,25
371.59901,1257.16370051531,-23.6717190845097,-23.6717190845097,16.3381683751477,96.2615817178968,25
371.699,1257.19250843419,-23.6135382850514,-23.6135382850514,16.3945136603142,96.2729935055861,25
371.799,1257.19250843418,-23.6135382850299,-23.6135382850299,16.3945136603111,96.2844057189431,25
371.899,1257.19250843419,-23.613538285051,-23.613538285051,16.3945136603142,96.2958149861464,25
371.999,1257.19250843417,-23.6135382850295,-23.6135382850295,16.3945136603111,96.307221307955,25
372.09901,1257.16370051532,-23.6717190845304,-23.6717190845304,16.3381683751506,96.3186280566631,25
372.199,1257.19250843417,-23.6135382850292,-23.6135382850292,16.394513660311,96.3300251184347,25
372.29901,1257.16370051531,-23.6717190845301,-23.6717190845301,16.3381683751506,96.3414259797378,25
372.399,1257.19250843417,-23.613538285029,-23.613538285029,16.394513660311,96.3528171564624,25
372.499,1257.19250843418,-23.6135382850502,-23.6135382850502,16.3945136603142,96.364208762707,25
372.59901,1257.16370051529,-23.6717190845081,-23.6717190845081,16.3381683751475,96.3756007986005,25
372.699,1257.19250843418,-23.6135382850499,-23.6135382850499,16.3945136603141,96.3869831534514,25
372.79901,1257.16370051529,-23.6717190845078,-23.6717190845078,16.3381683751474,96.3983693095356,25
372.899,1257.19250843418,-23.6135382850496,-23.6135382850496,16.3945136603141,96.4097457869329,25
372.999,1257.19250843416,-23.613538285028,-23.613538285028,16.3945136603109,96.4211226965959,25
373.09901,1257.1637005153,-23.6717190845289,-23.6717190845289,16.3381683751504,96.4325000386555,25
373.199,1257.19250843416,-23.6135382850278,-23.6135382850278,16.3945136603109,96.4438677055595,25
373.29901,1257.1637005153,-23.6717190845287,-23.6717190845287,16.3381683751504,96.455239175395,25
373.399,1257.19250843416,-23.6135382850275,-23.6135382850275,16.394513660311,96.4666009724284,25
373.499,1257.19250843417,-23.613538285049,-23.613538285049,16.394513660314,96.477963204471,25
373.59901,1257.16370051528,-23.6717190845067,-23.6717190845067,16.3381683751475,96.489325871654,25
373.699,1257.19250843417,-23.6135382850487,-23.6135382850487,16.3945136603139,96.5006788695614,25
373.79901,1257.16370051528,-23.6717190845064,-23.6717190845064,16.3381683751475,96.5120356720965,25
373.899,1257.19250843417,-23.6135382850484,-23.6135382850484,16.394513660314,96.5233828077057,25
373.999,1257.19250843415,-23.6135382850266,-23.6135382850266,16.3945136603109,96.5347303810652,25
374.09901,1257.16370051529,-23.6717190845276,-23.6717190845276,16.3381683751503,96.5460783923048,25
374.199,1257.19250843415,-23.6135382850263,-23.6135382850263,16.3945136603109,96.5574167401404,25
374.29901,1257.16370051529,-23.6717190845272,-23.6717190845272,16.3381683751503,96.5687588942971,25
374.399,1257.19250843415,-23.6135382850261,-23.6135382850261,16.3945136603108,96.5800913873971,25
374.499,1257.19250843416,-23.6135382850474,-23.6135382850474,16.3945136603138,96.5914243209832,25
374.59901,1257.16370051527,-23.6717190845053,-23.6717190845053,16.3381683751474,96.6027576951858,25
374.699,1257.19250843416,-23.6135382850471,-23.6135382850471,16.3945136603137,96.6140814118485,25
374.79901,1257.16370051527,-23.671719084505,-23.671719084505,16.3381683751473,96.6254089365252,25
374.899,1257.19250843416,-23.6135382850468,-23.6135382850468,16.3945136603137,96.6367268060064,25
374.999,1257.19250843414,-23.6135382850252,-23.6135382850252,16.3945136603106,96.6480451187068,25
375.09901,1257.16370051528,-23.6717190845261,-23.6717190845261,16.3381683751501,96.6593638747571,25
375.199,1257.19250843414,-23.6135382850248,-23.6135382850248,16.3945136603106,96.6706729791234,25
375.29901,1257.16370051528,-23.6717190845257,-23.6717190845257,16.3381683751501,96.681985893194,25
375.399,1257.19250843414,-23.6135382850245,-23.6135382850245,16.3945136603105,96.6932891579226,25
375.499,1257.19250843415,-23.6135382850458,-23.6135382850458,16.3945136603136,96.7045928686009,25
375.59901,1257.16370051526,-23.6717190845036,-23.6717190845036,16.338168375147,96.7158970253572,25
375.699,1257.19250843415,-23.6135382850455,-23.6135382850455,16.3945136603135,96.7271915362799,25
375.79901,1257.16370051526,-23.6717190845033,-23.6717190845033,16.3381683751469,96.7384898585948,25
375.899,1257.19250843415,-23.6135382850451,-23.6135382850451,16.3945136603134,96.7497785374136,25
375.999,1257.19250843413,-23.6135382850235,-23.6135382850235,16.3945136603104,96.7610676649071,25
376.09901,1257.16370051528,-23.6717190845244,-23.6717190845244,16.3381683751498,96.7723572412054,25
376.199,1257.19250843413,-23.6135382850231,-23.6135382850231,16.3945136603104,96.7836371775115,25
376.29901,1257.16370051527,-23.6717190845241,-23.6717190845241,16.3381683751499,96.794920926894,25
376.399,1257.19250843413,-23.613538285023,-23.613538285023,16.3945136603104,96.8061950386196,25
376.499,1257.19250843414,-23.6135382850444,-23.6135382850444,16.3945136603134,96.8174696017425,25
376.59901,1257.16370051525,-23.6717190845021,-23.6717190845021,16.3381683751469,96.8287446163927,25
376.699,1257.19250843414,-23.6135382850441,-23.6135382850441,16.3945136603133,96.8400099968851,25
376.79901,1257.16370051525,-23.671719084502,-23.671719084502,16.3381683751469,96.8512791921381,25
376.899,1257.19250843414,-23.6135382850438,-23.6135382850438,16.3945136603133,96.8625387555634,25
376.999,1257.19250843412,-23.6135382850222,-23.6135382850222,16.3945136603103,96.8737987731065,25
377.09901,1257.16370051527,-23.6717190845232,-23.6717190845232,16.3381683751497,96.8850592448951,25
377.199,1257.19250843412,-23.6135382850219,-23.6135382850219,16.3945136603102,96.8963100883525,25
377.29901,1257.16370051527,-23.6717190845229,-23.6717190845229,16.3381683751497,96.9075647482512,25
377.399,1257.19250843412,-23.6135382850216,-23.6135382850216,16.3945136603102,96.9188097821471,25
377.499,1257.19250843414,-23.613538285043,-23.613538285043,16.3945136603132,96.9300552728758,25
377.59901,1257.16370051525,-23.6717190845009,-23.6717190845009,16.3381683751467,96.9413012205645,25
377.699,1257.19250843413,-23.6135382850428,-23.6135382850428,16.3945136603131,96.9525375457408,25
377.79901,1257.16370051524,-23.6717190845005,-23.6717190845005,16.3381683751467,96.9637776890383,25
377.899,1257.19250843413,-23.6135382850424,-23.6135382850424,16.3945136603131,96.9750082121473,25
377.999,1257.19250843411,-23.6135382850208,-23.6135382850208,16.3945136603102,96.986239194801,25
378.09901,1257.16370051526,-23.6717190845217,-23.6717190845217,16.3381683751497,96.9974706371291,25
378.199,1257.19250843411,-23.6135382850206,-23.6135382850206,16.3945136603101,97.0086924627551,25
378.29901,1257.16370051525,-23.6717190845215,-23.6717190845215,16.3381683751496,97.0199181081793,25
378.399,1257.19250843411,-23.6135382850203,-23.6135382850203,16.3945136603101,97.0311341392243,25
378.499,1257.19250843412,-23.6135382850416,-23.6135382850416,16.3945136603132,97.0423506325217,25
378.59901,1257.16370051523,-23.6717190844996,-23.6717190844996,16.3381683751466,97.0535675882019,25
378.699,1257.19250843412,-23.6135382850414,-23.6135382850414,16.3945136603132,97.0647749329847,25
378.79901,1257.16370051523,-23.6717190844993,-23.6717190844993,16.3381683751465,97.0759860992392,25
378.899,1257.19250843412,-23.6135382850411,-23.6135382850411,16.3945136603131,97.087187656916,25
378.999,1257.1925084341,-23.6135382850196,-23.6135382850196,16.3945136603099,97.0983896795509,25
379.09901,1257.16370051525,-23.6717190845204,-23.6717190845204,16.3381683751496,97.1095921672721,25
379.199,1257.1925084341,-23.6135382850194,-23.6135382850194,16.3945136603099,97.1207850498925,25
379.29901,1257.16370051525,-23.67171908452,-23.67171908452,16.3381683751495,97.1319817556579,25
379.399,1257.1925084341,-23.613538285019,-23.613538285019,16.3945136603099,97.1431688586393,25
379.499,1257.19250843412,-23.6135382850402,-23.6135382850402,16.394513660313,97.1543564292799,25
379.59901,1257.16370051522,-23.6717190844982,-23.6717190844982,16.3381683751465,97.165544467708,25
379.699,1257.19250843411,-23.61353828504,-23.61353828504,16.394513660313,97.1767229068239,25
379.79901,1257.16370051522,-23.6717190844979,-23.6717190844979,16.3381683751465,97.1879051707557,25
379.899,1257.19250843411,-23.6135382850397,-23.6135382850397,16.394513660313,97.1990778376895,25
379.999,1257.19250843409,-23.6135382850182,-23.6135382850182,16.39451366031,97.2102509749814,25
380.09901,1257.16370051524,-23.671719084519,-23.671719084519,16.3381683751494,97.2214245827581,25
380.199,1257.19250843409,-23.6135382850179,-23.6135382850179,16.3945136603099,97.232588597005,25
380.29901,1257.16370051523,-23.6717190845187,-23.6717190845187,16.3381683751492,97.2437564377355,25
380.399,1257.19250843409,-23.6135382850176,-23.6135382850176,16.3945136603098,97.2549146872456,25
380.499,1257.19250843411,-23.6135382850388,-23.6135382850388,16.3945136603126,97.2660734098087,25
380.59901,1257.16370051521,-23.6717190844968,-23.6717190844968,16.3381683751464,97.277232605551,25
380.699,1257.1925084341,-23.6135382850385,-23.6135382850385,16.3945136603125,97.2883822135381,25
380.79901,1257.16370051521,-23.6717190844964,-23.6717190844964,16.3381683751463,97.2995356496742,25
380.899,1257.1925084341,-23.6135382850381,-23.6135382850381,16.3945136603125,97.3106795003612,25
380.999,1257.19250843408,-23.6135382850166,-23.6135382850166,16.3945136603097,97.321823826792,25
381.09901,1257.16370051523,-23.6717190845175,-23.6717190845175,16.338168375149,97.332968629094,25
381.199,1257.19250843408,-23.6135382850163,-23.6135382850163,16.3945136603097,97.3441038494058,25
381.29901,1257.16370051522,-23.6717190845173,-23.6717190845173,16.338168375149,97.3552428995323,25
381.399,1257.19250843408,-23.6135382850161,-23.6135382850161,16.3945136603096,97.3663723699727,25
381.499,1257.1925084341,-23.6135382850375,-23.6135382850375,16.3945136603125,97.3775023188448,25
381.59901,1257.1637005152,-23.6717190844953,-23.6717190844953,16.3381683751462,97.3886327462749,25
381.699,1257.19250843409,-23.6135382850372,-23.6135382850372,16.3945136603125,97.3997535974744,25
381.79901,1257.1637005152,-23.6717190844949,-23.6717190844949,16.3381683751462,97.4108782801498,25
381.899,1257.19250843409,-23.6135382850369,-23.6135382850369,16.3945136603126,97.4219933888967,25
381.999,1257.19250843407,-23.6135382850153,-23.6135382850153,16.3945136603095,97.4331089787577,25
382.09901,1257.16370051522,-23.6717190845162,-23.6717190845162,16.338168375149,97.4442250498615,25
382.199,1257.19250843407,-23.6135382850148,-23.6135382850148,16.3945136603094,97.4553315504862,25
382.29901,1257.16370051521,-23.6717190845158,-23.6717190845158,16.3381683751488,97.4664418842472,25
382.399,1257.19250843407,-23.6135382850145,-23.6135382850145,16.3945136603094,97.4775426498281,25
382.499,1257.19250843409,-23.6135382850359,-23.6135382850359,16.3945136603123,97.4886438992041,25
382.59901,1257.16370051519,-23.6717190844937,-23.6717190844937,16.3381683751459,97.4997456325034,25
382.699,1257.19250843408,-23.6135382850356,-23.6135382850356,16.3945136603123,97.5108378010692,25
382.79901,1257.16370051519,-23.6717190844934,-23.6717190844934,16.338168375146,97.5219338044278,25
382.899,1257.19250843408,-23.6135382850353,-23.6135382850353,16.3945136603122,97.5330202453468,25
382.999,1257.19250843406,-23.6135382850136,-23.6135382850136,16.3945136603093,97.5441071727392,25
383.09901,1257.16370051521,-23.6717190845146,-23.6717190845146,16.3381683751487,97.555194586731,25
383.199,1257.19250843406,-23.6135382850133,-23.6135382850133,16.3945136603092,97.5662724417249,25
383.29901,1257.16370051521,-23.6717190845144,-23.6717190845144,16.3381683751487,97.5773541331683,25
383.399,1257.19250843406,-23.6135382850131,-23.6135382850131,16.3945136603092,97.5884262679063,25
383.499,1257.19250843408,-23.6135382850346,-23.6135382850346,16.3945136603122,97.5994988917908,25
383.59901,1257.16370051518,-23.6717190844923,-23.6717190844923,16.3381683751458,97.6105720049487,25
383.699,1257.19250843407,-23.6135382850343,-23.6135382850343,16.3945136603121,97.6216355648394,25
383.79901,1257.16370051518,-23.6717190844919,-23.6717190844919,16.3381683751458,97.6327029628317,25
383.899,1257.19250843407,-23.6135382850339,-23.6135382850339,16.394513660312,97.6437608098462,25
383.999,1257.19250843405,-23.6135382850122,-23.6135382850122,16.3945136603091,97.6548191486775,25
384.09901,1257.1637005152,-23.6717190845132,-23.6717190845132,16.3381683751485,97.6658779794515,25
384.199,1257.19250843405,-23.6135382850119,-23.6135382850119,16.3945136603091,97.6769272626811,25
384.29901,1257.1637005152,-23.6717190845129,-23.6717190845129,16.3381683751485,97.6879803856626,25
384.399,1257.19250843405,-23.6135382850115,-23.6135382850115,16.3945136603089,97.6990239633858,25
384.499,1257.19250843407,-23.613538285033,-23.613538285033,16.3945136603119,97.7100680355926,25
384.59901,1257.16370051518,-23.6717190844906,-23.6717190844906,16.3381683751455,97.7211126024098,25
384.699,1257.19250843407,-23.6135382850327,-23.6135382850327,16.3945136603119,97.7321476273957,25
384.79901,1257.16370051518,-23.6717190844904,-23.6717190844904,16.3381683751456,97.7431864937836,25
384.899,1257.19250843407,-23.6135382850324,-23.6135382850324,16.3945136603118,97.7542158206246,25
384.999,1257.19250843405,-23.6135382850106,-23.6135382850106,16.3945136603088,97.7652456446127,25
385.09901,1257.16370051519,-23.6717190845116,-23.6717190845116,16.3381683751483,97.7762759658744,25
385.199,1257.19250843405,-23.6135382850103,-23.6135382850103,16.3945136603087,97.7872967510121,25
385.29901,1257.16370051519,-23.6717190845112,-23.6717190845112,16.3381683751483,97.7983213791988,25
385.399,1257.19250843404,-23.61353828501,-23.61353828501,16.3945136603086,97.8093364735428,25
385.499,1257.19250843406,-23.6135382850313,-23.6135382850313,16.3945136603117,97.8203520676946,25
385.59901,1257.16370051517,-23.6717190844892,-23.6717190844892,16.3381683751452,97.8313681617798,25
385.699,1257.19250843406,-23.6135382850311,-23.6135382850311,16.3945136603117,97.8423747254405,25
385.79901,1257.16370051517,-23.6717190844888,-23.6717190844888,16.3381683751452,97.8533851337953,25
385.899,1257.19250843406,-23.6135382850308,-23.6135382850308,16.3945136603116,97.8643860140053,25
385.999,1257.19250843404,-23.613538285009,-23.613538285009,16.3945136603085,97.875387396678,25
386.09901,1257.16370051518,-23.67171908451,-23.67171908451,16.3381683751481,97.8863892819407,25
386.199,1257.19250843404,-23.6135382850088,-23.6135382850088,16.3945136603084,97.8973816424719,25
386.29901,1257.16370051518,-23.6717190845097,-23.6717190845097,16.3381683751481,97.9083778493397,25
386.399,1257.19250843404,-23.6135382850086,-23.6135382850086,16.3945136603083,97.9193645337526,25
386.499,1257.19250843405,-23.6135382850299,-23.6135382850299,16.3945136603115,97.9303517232813,25
386.59901,1257.16370051516,-23.6717190844879,-23.6717190844879,16.338168375145,97.9413394180527,25
386.699,1257.19250843405,-23.6135382850295,-23.6135382850295,16.3945136603116,97.9523175937785,25
386.79901,1257.16370051516,-23.6717190844877,-23.6717190844877,16.338168375145,97.963299617481,25
386.899,1257.19250843405,-23.6135382850293,-23.6135382850293,16.3945136603115,97.9742721244098,25
386.999,1257.19250843403,-23.6135382850078,-23.6135382850078,16.3945136603084,97.9852451391051,25
387.09901,1257.16370051517,-23.6717190845086,-23.6717190845086,16.3381683751481,97.9962186616936,25
387.199,1257.19250843403,-23.6135382850076,-23.6135382850076,16.3945136603084,98.0071826709148,25
387.29901,1257.16370051517,-23.6717190845083,-23.6717190845083,16.338168375148,98.01815052975,25
387.399,1257.19250843403,-23.6135382850073,-23.6135382850073,16.3945136603084,98.0291088774877,25
387.499,1257.19250843404,-23.6135382850285,-23.6135382850285,16.3945136603113,98.0400677356378,25
387.59901,1257.16370051515,-23.6717190844864,-23.6717190844864,16.338168375145,98.0510271043271,25
387.699,1257.19250843404,-23.6135382850281,-23.6135382850281,16.3945136603113,98.0619769653191,25
387.79901,1257.16370051515,-23.671719084486,-23.671719084486,16.3381683751449,98.072930677562,25
387.899,1257.19250843404,-23.6135382850278,-23.6135382850278,16.3945136603112,98.0838748843749,25
387.999,1257.19250843402,-23.6135382850062,-23.6135382850062,16.3945136603082,98.0948196042427,25
388.09901,1257.16370051516,-23.6717190845071,-23.6717190845071,16.3381683751477,98.1057648372921,25
388.199,1257.19250843402,-23.613538285006,-23.613538285006,16.3945136603082,98.1167005683078,25
388.29901,1257.16370051516,-23.6717190845069,-23.6717190845069,16.3381683751477,98.1276401522088,25
388.399,1257.19250843402,-23.6135382850056,-23.6135382850056,16.3945136603082,98.1385702363406,25
388.499,1257.19250843403,-23.613538285027,-23.613538285027,16.3945136603111,98.1495008361668,25
388.59901,1257.16370051514,-23.6717190844848,-23.6717190844848,16.3381683751448,98.1604319518135,25
388.699,1257.19250843403,-23.6135382850267,-23.6135382850267,16.3945136603111,98.1713535710831,25
388.79901,1257.16370051514,-23.6717190844845,-23.6717190844845,16.3381683751447,98.1822790448701,25
388.899,1257.19250843403,-23.6135382850264,-23.6135382850264,16.3945136603109,98.1931950245408,25
388.999,1257.19250843401,-23.6135382850047,-23.6135382850047,16.394513660308,98.204111522542,25
389.09901,1257.16370051515,-23.6717190845056,-23.6717190845056,16.3381683751476,98.2150285389995,25
389.199,1257.19250843401,-23.6135382850044,-23.6135382850044,16.394513660308,98.2259360647288,25
389.29901,1257.16370051515,-23.6717190845054,-23.6717190845054,16.3381683751476,98.236847446605,25
389.399,1257.19250843401,-23.6135382850042,-23.6135382850042,16.394513660308,98.2477493400105,25
389.499,1257.19250843402,-23.6135382850255,-23.6135382850255,16.394513660311,98.2586517543784,25
389.59901,1257.16370051513,-23.6717190844833,-23.6717190844833,16.3381683751446,98.2695546898361,25
389.699,1257.19250843402,-23.6135382850252,-23.6135382850252,16.394513660311,98.2804481402061,25
389.79901,1257.16370051513,-23.671719084483,-23.671719084483,16.3381683751446,98.2913454483523,25
389.899,1257.19250843401,-23.6135382850249,-23.6135382850249,16.394513660311,98.302233273665,25
389.999,1257.192508434,-23.6135382850032,-23.6135382850032,16.3945136603079,98.3131216225714,25
390.09901,1257.16370051514,-23.6717190845041,-23.6717190845041,16.3381683751475,98.3240104951962,25
390.199,1257.192508434,-23.613538285003,-23.613538285003,16.3945136603078,98.334889888368,25
390.29901,1257.16370051514,-23.6717190845037,-23.6717190845037,16.3381683751474,98.3457731409407,25
390.399,1257.192508434,-23.6135382850026,-23.6135382850026,16.3945136603077,98.3566469163125,25
390.499,1257.19250843401,-23.6135382850239,-23.6135382850239,16.3945136603107,98.3675212179028,25
390.59901,1257.16370051512,-23.6717190844816,-23.6717190844816,16.3381683751443,98.3783960458364,25
390.699,1257.19250843401,-23.6135382850235,-23.6135382850235,16.3945136603106,98.3892613999438,25
390.79901,1257.16370051512,-23.6717190844813,-23.6717190844813,16.3381683751444,98.4001306150761,25
390.899,1257.19250843401,-23.6135382850231,-23.6135382850231,16.3945136603106,98.4109903586309,25
390.999,1257.19250843399,-23.6135382850014,-23.6135382850014,16.3945136603077,98.4218506310273,25
391.09901,1257.16370051513,-23.6717190845024,-23.6717190845024,16.3381683751472,98.43271143239,25
391.199,1257.19250843399,-23.6135382850012,-23.6135382850012,16.3945136603076,98.4435627655461,25
391.29901,1257.16370051513,-23.6717190845021,-23.6717190845021,16.3381683751472,98.4544179613486,25
391.399,1257.19250843399,-23.6135382850008,-23.6135382850008,16.3945136603076,98.4652636911903,25
391.499,1257.192508434,-23.6135382850222,-23.6135382850222,16.3945136603105,98.476109952492,25
391.59901,1257.16370051511,-23.6717190844799,-23.6717190844799,16.3381683751442,98.4869567453792,25
391.699,1257.192508434,-23.6135382850219,-23.6135382850219,16.3945136603104,98.4977940756721,25
391.79901,1257.16370051511,-23.6717190844795,-23.6717190844795,16.3381683751442,98.5086352702311,25
391.899,1257.192508434,-23.6135382850217,-23.6135382850217,16.3945136603104,98.519467004439,25
391.999,1257.19250843398,-23.6135382849998,-23.6135382849998,16.3945136603074,98.5302992727228,25
392.09901,1257.16370051512,-23.6717190845009,-23.6717190845009,16.3381683751469,98.5411320752077,25
392.199,1257.19250843398,-23.6135382849995,-23.6135382849995,16.3945136603073,98.5519554207039,25
392.29901,1257.16370051512,-23.6717190845006,-23.6717190845006,16.3381683751469,98.562782632083,25
392.399,1257.19250843398,-23.6135382849992,-23.6135382849992,16.3945136603072,98.573600388713,25
392.499,1257.19250843399,-23.6135382850206,-23.6135382850206,16.3945136603103,98.5844186820321,25
392.59901,1257.1637005151,-23.6717190844783,-23.6717190844783,16.3381683751439,98.5952375121629,25
392.699,1257.19250843399,-23.6135382850202,-23.6135382850202,16.3945136603102,98.6060468909039,25
392.79901,1257.1637005151,-23.6717190844779,-23.6717190844779,16.338168375144,98.6168601371427,25
392.899,1257.19250843399,-23.6135382850199,-23.6135382850199,16.3945136603103,98.6276639342274,25
392.999,1257.19250843397,-23.6135382849982,-23.6135382849982,16.3945136603071,98.6384682706103,25
393.09901,1257.16370051511,-23.6717190844991,-23.6717190844991,16.3381683751468,98.6492731464145,25
393.199,1257.19250843397,-23.613538284998,-23.613538284998,16.3945136603072,98.6600685764184,25
393.29901,1257.16370051511,-23.6717190844989,-23.6717190844989,16.3381683751468,98.6708678755342,25
393.399,1257.19250843397,-23.6135382849978,-23.6135382849978,16.3945136603071,98.6816577310836,25
393.499,1257.19250843398,-23.6135382850191,-23.6135382850191,16.3945136603102,98.6924481285359,25
393.59901,1257.16370051509,-23.6717190844771,-23.6717190844771,16.3381683751438,98.7032390680159,25
393.699,1257.19250843398,-23.6135382850188,-23.6135382850188,16.3945136603101,98.7140205672791,25
393.79901,1257.16370051509,-23.6717190844769,-23.6717190844769,16.3381683751438,98.7248059372647,25
393.899,1257.19250843398,-23.6135382850185,-23.6135382850185,16.3945136603101,98.735581869265,25
393.999,1257.19250843396,-23.6135382849971,-23.6135382849971,16.394513660307,98.7463583457716,25
394.09901,1257.1637005151,-23.6717190844977,-23.6717190844977,16.3381683751466,98.7571353669063,25
394.199,1257.19250843396,-23.6135382849968,-23.6135382849968,16.394513660307,98.7679029534014,25
394.29901,1257.1637005151,-23.6717190844974,-23.6717190844974,16.3381683751465,98.7786744122275,25
394.399,1257.19250843396,-23.6135382849965,-23.6135382849965,16.394513660307,98.7894364386416,25
394.499,1257.19250843397,-23.6135382850175,-23.6135382850175,16.3945136603098,98.8001990121599,25
394.59901,1257.16370051508,-23.6717190844756,-23.6717190844756,16.3381683751437,98.810962132906,25
394.699,1257.19250843397,-23.6135382850171,-23.6135382850171,16.3945136603097,98.8217158245818,25
394.79901,1257.16370051508,-23.6717190844753,-23.6717190844753,16.3381683751437,98.8324733901961,25
394.899,1257.19250843397,-23.613538285017,-23.613538285017,16.3945136603099,98.8432215289642,25
394.999,1257.19250843395,-23.6135382849956,-23.6135382849956,16.3945136603069,98.8539702174329,25
395.09901,1257.1637005151,-23.6717190844962,-23.6717190844962,16.3381683751464,98.8647194557243,25
395.199,1257.19250843395,-23.6135382849952,-23.6135382849952,16.3945136603069,98.8754592705058,25
395.29901,1257.16370051509,-23.6717190844959,-23.6717190844959,16.3381683751464,98.8862029608314,25
395.399,1257.19250843395,-23.6135382849948,-23.6135382849948,16.3945136603067,98.8969372298711,25
395.499,1257.19250843397,-23.6135382850161,-23.6135382850161,16.3945136603096,98.9076720512021,25
395.59901,1257.16370051507,-23.6717190844739,-23.6717190844739,16.3381683751434,98.9184074249495,25
395.699,1257.19250843396,-23.6135382850157,-23.6135382850157,16.3945136603096,98.9291333807411,25
395.79901,1257.16370051507,-23.6717190844736,-23.6717190844736,16.3381683751433,98.9398632136791,25
395.899,1257.19250843396,-23.6135382850155,-23.6135382850155,16.3945136603096,98.9505836308821,25
395.999,1257.19250843394,-23.6135382849938,-23.6135382849938,16.3945136603066,98.9613046029666,25
396.09901,1257.16370051509,-23.6717190844947,-23.6717190844947,16.3381683751462,98.9720261300549,25
396.199,1257.19250843394,-23.6135382849934,-23.6135382849934,16.3945136603065,98.9827382447355,25
396.29901,1257.16370051509,-23.6717190844944,-23.6717190844944,16.3381683751461,98.9934542381642,25
396.399,1257.19250843394,-23.6135382849932,-23.6135382849932,16.3945136603066,99.0041608214023,25
396.499,1257.19250843396,-23.6135382850147,-23.6135382850147,16.3945136603094,99.0148679621067,25
396.59901,1257.16370051506,-23.6717190844724,-23.6717190844724,16.3381683751433,99.0255756604,25
396.699,1257.19250843395,-23.6135382850143,-23.6135382850143,16.3945136603095,99.0362739518271,25
396.79901,1257.16370051506,-23.6717190844721,-23.6717190844721,16.3381683751434,99.0469761235997,25
396.899,1257.19250843395,-23.6135382850141,-23.6135382850141,16.3945136603095,99.0576688907206,25
396.999,1257.19250843393,-23.6135382849925,-23.6135382849925,16.3945136603066,99.0683622178897,25
397.09901,1257.16370051508,-23.6717190844935,-23.6717190844935,16.3381683751461,99.0790561052306,25
397.199,1257.19250843393,-23.6135382849921,-23.6135382849921,16.3945136603065,99.0897405912377,25
397.29901,1257.16370051508,-23.6717190844932,-23.6717190844932,16.338168375146,99.1004289591868,25
397.399,1257.19250843393,-23.6135382849918,-23.6135382849918,16.3945136603065,99.1111079280145,25
397.499,1257.19250843395,-23.6135382850134,-23.6135382850134,16.3945136603094,99.1217874594695,25
397.59901,1257.16370051505,-23.6717190844709,-23.6717190844709,16.3381683751432,99.1324675536745,25
397.699,1257.19250843394,-23.613538285013,-23.613538285013,16.3945136603093,99.1431382520726,25
397.79901,1257.16370051505,-23.6717190844706,-23.6717190844706,16.3381683751431,99.1538128340068,25
397.899,1257.19250843394,-23.6135382850126,-23.6135382850126,16.3945136603092,99.1644780223432,25
397.999,1257.19250843392,-23.6135382849909,-23.6135382849909,16.3945136603063,99.1751437758818,25
398.09901,1257.16370051507,-23.6717190844919,-23.6717190844919,16.3381683751458,99.1858100947463,25
398.199,1257.19250843392,-23.6135382849906,-23.6135382849906,16.3945136603063,99.196467023323,25
398.29901,1257.16370051507,-23.6717190844917,-23.6717190844917,16.3381683751457,99.2071278370287,25
398.399,1257.19250843392,-23.6135382849902,-23.6135382849902,16.3945136603063,99.2177792626519,25
398.499,1257.19250843394,-23.6135382850119,-23.6135382850119,16.394513660309,99.2284312560503,25
398.59901,1257.16370051504,-23.6717190844694,-23.6717190844694,16.3381683751431,99.2390838173462,25
398.699,1257.19250843393,-23.6135382850116,-23.6135382850116,16.3945136603091,99.2497269938655,25
398.79901,1257.16370051504,-23.6717190844692,-23.6717190844692,16.338168375143,99.2603740571042,25
398.899,1257.19250843393,-23.6135382850112,-23.6135382850112,16.394513660309,99.2710117377697,25
398.999,1257.19250843391,-23.6135382849894,-23.6135382849894,16.3945136603061,99.2816499887795,25
399.09901,1257.16370051506,-23.6717190844905,-23.6717190844905,16.3381683751457,99.292288810255,25
399.199,1257.19250843391,-23.6135382849892,-23.6135382849892,16.3945136603061,99.3029182524594,25
399.29901,1257.16370051506,-23.6717190844901,-23.6717190844901,16.3381683751457,99.313551582971,25
399.399,1257.19250843391,-23.6135382849889,-23.6135382849889,16.394513660306,99.3241755364115,25
399.499,1257.19250843393,-23.6135382850103,-23.6135382850103,16.394513660309,99.3348000627626,25
399.59901,1257.16370051503,-23.6717190844681,-23.6717190844681,16.3381683751428,99.3454251621444,25
399.699,1257.19250843393,-23.61353828501,-23.61353828501,16.394513660309,99.3560408877527,25
399.79901,1257.16370051503,-23.6717190844678,-23.6717190844678,16.3381683751428,99.366660503255,25
399.899,1257.19250843392,-23.6135382850097,-23.6135382850097,16.3945136603089,99.3772707471806,25
399.999,1257.1925084339,-23.6135382849881,-23.6135382849881,16.3945136603059,99.3878815665782,25
400.09901,1257.16370051505,-23.671719084489,-23.671719084489,16.3381683751455,99.3984929615703,25
400.199,1257.1925084339,-23.613538284988,-23.613538284988,16.394513660306,99.4090949882783,25
400.29901,1257.16370051504,-23.6717190844887,-23.6717190844887,16.3381683751455,99.4197009064655,25
400.399,1257.1925084339,-23.6135382849878,-23.6135382849878,16.394513660306,99.4302974585628,25
400.499,1257.19250843392,-23.6135382850089,-23.6135382850089,16.3945136603088,99.4408945886915,25
400.59901,1257.16370051502,-23.6717190844669,-23.6717190844669,16.3381683751428,99.4514922969725,25
400.699,1257.19250843391,-23.6135382850086,-23.6135382850086,16.3945136603088,99.4620806424546,25
400.79901,1257.16370051502,-23.6717190844666,-23.6717190844666,16.3381683751428,99.4726728809968,25
400.899,1257.19250843391,-23.6135382850084,-23.6135382850084,16.3945136603088,99.4832557589312,25
400.999,1257.19250843389,-23.6135382849869,-23.6135382849869,16.3945136603059,99.4938392174519,25
401.09901,1257.16370051504,-23.6717190844876,-23.6717190844876,16.3381683751454,99.504423256681,25
401.199,1257.19250843389,-23.6135382849866,-23.6135382849866,16.3945136603058,99.5149979385865,25
401.29901,1257.16370051504,-23.6717190844872,-23.6717190844872,16.3381683751454,99.5255765151337,25
401.399,1257.19250843389,-23.6135382849864,-23.6135382849864,16.3945136603057,99.5361457365456,25
401.499,1257.19250843391,-23.6135382850074,-23.6135382850074,16.3945136603087,99.5467155410968,25
401.59901,1257.16370051502,-23.6717190844655,-23.6717190844655,16.3381683751424,99.5572859289077,25
401.699,1257.1925084339,-23.6135382850071,-23.6135382850071,16.3945136603086,99.5678469648641,25
401.79901,1257.16370051501,-23.6717190844652,-23.6717190844652,16.3381683751424,99.5784118970403,25
401.899,1257.1925084339,-23.6135382850069,-23.6135382850069,16.3945136603086,99.5889674795484,25
401.999,1257.19250843389,-23.6135382849855,-23.6135382849855,16.3945136603055,99.5995236477451,25
402.09901,1257.16370051503,-23.6717190844862,-23.6717190844862,16.3381683751451,99.6100804017506,25
402.199,1257.19250843388,-23.6135382849851,-23.6135382849851,16.3945136603056,99.6206278093635,25
402.29901,1257.16370051503,-23.6717190844859,-23.6717190844859,16.3381683751451,99.6311791147714,25
402.399,1257.19250843388,-23.6135382849848,-23.6135382849848,16.3945136603056,99.6417210759725,25
402.499,1257.1925084339,-23.613538285006,-23.613538285006,16.3945136603085,99.6522636254068,25
402.59901,1257.16370051501,-23.6717190844639,-23.6717190844639,16.3381683751422,99.6628067631952,25
402.699,1257.19250843389,-23.6135382850056,-23.6135382850056,16.3945136603084,99.6733405600471,25
402.79901,1257.163700515,-23.6717190844637,-23.6717190844637,16.3381683751422,99.6838782562689,25
402.899,1257.19250843389,-23.6135382850054,-23.6135382850054,16.3945136603084,99.6944066137343,25
402.999,1257.19250843388,-23.6135382849838,-23.6135382849838,16.3945136603053,99.7049355619753,25
403.09901,1257.16370051502,-23.6717190844846,-23.6717190844846,16.338168375145,99.7154651011137,25
403.199,1257.19250843387,-23.6135382849836,-23.6135382849836,16.3945136603053,99.7259853047635,25
403.29901,1257.16370051501,-23.6717190844842,-23.6717190844842,16.338168375145,99.7365094093557,25
403.399,1257.19250843387,-23.6135382849834,-23.6135382849834,16.3945136603053,99.7470241806363,25
403.499,1257.19250843389,-23.6135382850044,-23.6135382850044,16.3945136603082,99.7575395452335,25
403.59901,1257.163700515,-23.6717190844626,-23.6717190844626,16.338168375142,99.7680555032649,25
403.699,1257.19250843388,-23.6135382850042,-23.6135382850042,16.3945136603082,99.7785621312506,25
403.79901,1257.16370051499,-23.6717190844623,-23.6717190844623,16.3381683751421,99.7890726617471,25
403.899,1257.19250843388,-23.6135382850039,-23.6135382850039,16.3945136603081,99.7995738643721,25
403.999,1257.19250843387,-23.6135382849825,-23.6135382849825,16.3945136603052,99.8100756628485,25
404.09901,1257.16370051501,-23.6717190844832,-23.6717190844832,16.3381683751448,99.8205780572961,25
404.199,1257.19250843387,-23.6135382849821,-23.6135382849821,16.3945136603051,99.8310711271315,25
404.29901,1257.16370051501,-23.6717190844829,-23.6717190844829,16.3381683751447,99.8415681010463,25
404.399,1257.19250843386,-23.6135382849819,-23.6135382849819,16.3945136603052,99.8520557525195,25
404.499,1257.19250843388,-23.6135382850031,-23.6135382850031,16.394513660308,99.8625440023769,25
404.59901,1257.16370051499,-23.6717190844609,-23.6717190844609,16.338168375142,99.8730328507376,25
404.699,1257.19250843388,-23.6135382850029,-23.6135382850029,16.394513660308,99.8835123799136,25
404.79901,1257.16370051499,-23.6717190844605,-23.6717190844605,16.3381683751419,99.8939958147353,25
404.899,1257.19250843387,-23.6135382850025,-23.6135382850025,16.394513660308,99.9044699325407,25
404.999,1257.19250843386,-23.6135382849809,-23.6135382849809,16.3945136603051,99.9149446512587,25
405.09901,1257.163700515,-23.6717190844818,-23.6717190844818,16.3381683751447,99.9254199710097,25
405.199,1257.19250843385,-23.6135382849806,-23.6135382849806,16.394513660305,99.9358859769964,25
405.29901,1257.163700515,-23.6717190844815,-23.6717190844815,16.3381683751446,99.9463558901917,25
405.399,1257.19250843385,-23.6135382849804,-23.6135382849804,16.394513660305,99.9568164917882,25
405.499,1257.19250843387,-23.6135382850018,-23.6135382850018,16.3945136603079,99.9672776968246,25
405.59901,1257.16370051498,-23.6717190844595,-23.6717190844595,16.3381683751418,99.9777395054199,25
405.699,1257.19250843386,-23.6135382850016,-23.6135382850016,16.3945136603078,99.9881920056625,25
405.79901,1257.16370051497,-23.6717190844591,-23.6717190844591,16.3381683751418,99.9986484146759,25
405.899,1257.19250843386,-23.6135382850012,-23.6135382850012,16.3945136603079,100.009095517503,25
405.999,1257.19250843384,-23.6135382849794,-23.6135382849794,16.3945136603049,100.01954322629,25
406.09901,1257.16370051499,-23.6717190844805,-23.6717190844805,16.3381683751447,100.02999154116,25
406.199,1257.19250843384,-23.6135382849792,-23.6135382849792,16.3945136603049,100.040430553084,25
406.29901,1257.16370051499,-23.6717190844803,-23.6717190844803,16.3381683751447,100.050873475339,25
406.399,1257.19250843384,-23.613538284979,-23.613538284979,16.3945136603049,100.061307096809,25
406.499,1257.19250843386,-23.6135382850004,-23.6135382850004,16.3945136603079,100.071741326762,25
406.59901,1257.16370051497,-23.6717190844581,-23.6717190844581,16.3381683751417,100.082176165315,25
406.699,1257.19250843385,-23.6135382850001,-23.6135382850001,16.3945136603079,100.092601706321,25
406.79901,1257.16370051496,-23.6717190844578,-23.6717190844578,16.3381683751417,100.103031159217,25
406.899,1257.19250843385,-23.6135382849998,-23.6135382849998,16.3945136603078,100.113451316723,25
406.999,1257.19250843383,-23.6135382849781,-23.6135382849781,16.3945136603048,100.123872085228,25
407.09901,1257.16370051498,-23.6717190844791,-23.6717190844791,16.3381683751445,100.13429346485,25
407.199,1257.19250843383,-23.6135382849777,-23.6135382849777,16.3945136603047,100.144705552318,25
407.29901,1257.16370051498,-23.6717190844788,-23.6717190844788,16.3381683751445,100.155121553232,25
407.399,1257.19250843383,-23.6135382849775,-23.6135382849775,16.3945136603046,100.165528264145,25
407.499,1257.19250843385,-23.6135382849988,-23.6135382849988,16.3945136603077,100.175935588571,25
407.59901,1257.16370051496,-23.6717190844567,-23.6717190844567,16.3381683751415,100.186343526626,25
407.699,1257.19250843384,-23.6135382849986,-23.6135382849986,16.3945136603077,100.196742177913,25
407.79901,1257.16370051495,-23.6717190844564,-23.6717190844564,16.3381683751416,100.207144744199,25
407.899,1257.19250843384,-23.6135382849981,-23.6135382849981,16.3945136603076,100.217538025868,25
407.999,1257.19250843382,-23.6135382849766,-23.6135382849766,16.3945136603046,100.227931923558,25
408.09901,1257.16370051497,-23.6717190844774,-23.6717190844774,16.3381683751443,100.238326437388,25
408.199,1257.19250843382,-23.6135382849764,-23.6135382849764,16.3945136603045,100.248711669827,25
408.29901,1257.16370051497,-23.6717190844771,-23.6717190844771,16.3381683751443,100.259100818818,25
408.399,1257.19250843382,-23.6135382849762,-23.6135382849762,16.3945136603045,100.269480688567,25
408.499,1257.19250843384,-23.6135382849973,-23.6135382849973,16.3945136603075,100.279861176843,25
408.59901,1257.16370051495,-23.6717190844552,-23.6717190844552,16.3381683751413,100.290242283767,25
408.699,1257.19250843384,-23.613538284997,-23.613538284997,16.3945136603074,100.300614114671,25
408.79901,1257.16370051495,-23.671719084455,-23.671719084455,16.3381683751412,100.310989863676,25
408.899,1257.19250843383,-23.6135382849967,-23.6135382849967,16.3945136603074,100.321356338809,25
408.999,1257.19250843382,-23.6135382849753,-23.6135382849753,16.3945136603043,100.331723434973,25
409.09901,1257.16370051496,-23.6717190844758,-23.6717190844758,16.338168375144,100.342091152287,25
409.199,1257.19250843382,-23.6135382849749,-23.6135382849749,16.3945136603042,100.352449598945,25
409.29901,1257.16370051496,-23.6717190844754,-23.6717190844754,16.3381683751439,100.362811965253,25
409.399,1257.19250843381,-23.6135382849745,-23.6135382849745,16.3945136603042,100.373165063049,25
409.499,1257.19250843383,-23.6135382849957,-23.6135382849957,16.3945136603071,100.383518784377,25
409.59901,1257.16370051494,-23.6717190844537,-23.6717190844537,16.3381683751411,100.393873129354,25
409.699,1257.19250843383,-23.6135382849954,-23.6135382849954,16.3945136603071,100.404218209034,25
409.79901,1257.16370051494,-23.6717190844533,-23.6717190844533,16.3381683751411,100.414567209909,25
409.899,1257.19250843382,-23.6135382849952,-23.6135382849952,16.3945136603071,100.424906947628,25
409.999,1257.19250843381,-23.6135382849736,-23.6135382849736,16.3945136603042,100.435247311374,25
410.09901,1257.16370051495,-23.6717190844744,-23.6717190844744,16.3381683751439,100.445588301268,25
410.199,1257.1925084338,-23.6135382849733,-23.6135382849733,16.3945136603041,100.455920031215,25
410.29901,1257.16370051495,-23.6717190844741,-23.6717190844741,16.3381683751438,100.466255683901,25
410.399,1257.1925084338,-23.6135382849731,-23.6135382849731,16.3945136603041,100.476582078779,25
410.499,1257.19250843382,-23.6135382849943,-23.6135382849943,16.394513660307,100.486909102178,25
410.59901,1257.16370051493,-23.6717190844522,-23.6717190844522,16.338168375141,100.497236754216,25
410.699,1257.19250843382,-23.613538284994,-23.613538284994,16.394513660307,100.507555151653,25
410.79901,1257.16370051493,-23.6717190844519,-23.6717190844519,16.3381683751409,100.517877473371,25
410.899,1257.19250843382,-23.6135382849938,-23.6135382849938,16.3945136603069,100.528190542621,25
410.999,1257.1925084338,-23.6135382849721,-23.6135382849721,16.3945136603039,100.538504242883,25
411.09901,1257.16370051494,-23.6717190844729,-23.6717190844729,16.3381683751436,100.548818574275,25
411.199,1257.1925084338,-23.6135382849717,-23.6135382849717,16.3945136603038,100.559123656401,25
411.29901,1257.16370051494,-23.6717190844726,-23.6717190844726,16.3381683751435,100.569432664349,25
411.399,1257.19250843379,-23.6135382849714,-23.6135382849714,16.3945136603038,100.579732425162,25
411.499,1257.19250843381,-23.6135382849928,-23.6135382849928,16.3945136603067,100.590032819476,25
411.59901,1257.16370051492,-23.6717190844505,-23.6717190844505,16.3381683751407,100.600333847408,25
411.699,1257.19250843381,-23.6135382849925,-23.6135382849925,16.3945136603067,100.610625631403,25
411.79901,1257.16370051492,-23.67171908445,-23.67171908445,16.3381683751406,100.620921342757,25
411.899,1257.19250843381,-23.6135382849922,-23.6135382849922,16.3945136603065,100.631207812304,25
411.999,1257.19250843379,-23.6135382849703,-23.6135382849703,16.3945136603037,100.641494917836,25
412.09901,1257.16370051493,-23.6717190844714,-23.6717190844714,16.3381683751434,100.651782659469,25
412.199,1257.19250843379,-23.6135382849699,-23.6135382849699,16.3945136603036,100.662061162489,25
412.29901,1257.16370051493,-23.6717190844711,-23.6717190844711,16.3381683751433,100.672343594403,25
412.399,1257.19250843378,-23.6135382849696,-23.6135382849696,16.3945136603036,100.682616789832,25
412.499,1257.1925084338,-23.6135382849912,-23.6135382849912,16.3945136603065,100.692890623726,25
412.59901,1257.16370051491,-23.6717190844486,-23.6717190844486,16.3381683751405,100.703165096201,25
412.699,1257.1925084338,-23.6135382849908,-23.6135382849908,16.3945136603064,100.71343033538,25
412.79901,1257.16370051491,-23.6717190844483,-23.6717190844483,16.3381683751403,100.723699504988,25
412.899,1257.1925084338,-23.6135382849905,-23.6135382849905,16.3945136603064,100.733959443422,25
412.999,1257.19250843378,-23.6135382849685,-23.6135382849685,16.3945136603033,100.7442200228,25
413.09901,1257.16370051493,-23.6717190844697,-23.6717190844697,16.3381683751431,100.754481243237,25
413.199,1257.19250843378,-23.6135382849683,-23.6135382849683,16.3945136603033,100.764733235687,25
413.29901,1257.16370051492,-23.6717190844695,-23.6717190844695,16.3381683751431,100.774989160096,25
413.399,1257.19250843377,-23.613538284968,-23.613538284968,16.3945136603034,100.78523585864,25
413.499,1257.1925084338,-23.6135382849896,-23.6135382849896,16.3945136603062,100.795483200601,25
413.59901,1257.1637005149,-23.671719084447,-23.671719084447,16.3381683751402,100.805731186097,25
413.699,1257.19250843379,-23.6135382849893,-23.6135382849893,16.3945136603062,100.815969948907,25
413.79901,1257.1637005149,-23.6717190844469,-23.6717190844469,16.3381683751402,100.826212645209,25
413.899,1257.19250843379,-23.6135382849889,-23.6135382849889,16.3945136603062,100.836446120943,25
413.999,1257.19250843377,-23.6135382849673,-23.6135382849673,16.3945136603033,100.846680242565,25
414.09901,1257.16370051492,-23.6717190844681,-23.6717190844681,16.3381683751429,100.856915010194,25
414.199,1257.19250843377,-23.613538284967,-23.613538284967,16.3945136603033,100.867140560433,25
414.29901,1257.16370051491,-23.6717190844679,-23.6717190844679,16.3381683751429,100.877370045691,25
414.399,1257.19250843377,-23.6135382849667,-23.6135382849667,16.3945136603033,100.887590315676,25
414.499,1257.19250843379,-23.6135382849881,-23.6135382849881,16.3945136603061,100.897811234017,25
414.59901,1257.16370051489,-23.6717190844458,-23.6717190844458,16.3381683751402,100.908032800831,25
414.699,1257.19250843378,-23.6135382849877,-23.6135382849877,16.394513660306,100.918245155544,25
414.79901,1257.16370051489,-23.6717190844455,-23.6717190844455,16.3381683751401,100.928461446803,25
414.899,1257.19250843378,-23.6135382849874,-23.6135382849874,16.394513660306,100.938668528073,25
414.999,1257.19250843376,-23.6135382849659,-23.6135382849659,16.3945136603031,100.948876260165,25
415.09901,1257.16370051491,-23.6717190844665,-23.6717190844665,16.3381683751428,100.959084643195,25
415.199,1257.19250843376,-23.6135382849656,-23.6135382849656,16.394513660303,100.969283819407,25
415.29901,1257.1637005149,-23.6717190844663,-23.6717190844663,16.3381683751428,100.979486933687,25
415.399,1257.19250843376,-23.6135382849653,-23.6135382849653,16.394513660303,100.98968084326,25
415.499,1257.19250843378,-23.6135382849865,-23.6135382849865,16.3945136603059,100.999875406116,25
415.59901,1257.16370051488,-23.6717190844444,-23.6717190844444,16.3381683751399,101.010070622371,25
415.699,1257.19250843377,-23.6135382849862,-23.6135382849862,16.3945136603059,101.020256637083,25
415.79901,1257.16370051488,-23.6717190844441,-23.6717190844441,16.3381683751399,101.030446591387,25
415.899,1257.19250843377,-23.6135382849859,-23.6135382849859,16.3945136603058,101.040627346255,25
415.999,1257.19250843375,-23.6135382849643,-23.6135382849643,16.3945136603029,101.050808756864,25
416.09901,1257.1637005149,-23.6717190844651,-23.6717190844651,16.3381683751426,101.060990823331,25
416.199,1257.19250843375,-23.613538284964,-23.613538284964,16.3945136603029,101.071163693524,25
416.29901,1257.16370051489,-23.6717190844647,-23.6717190844647,16.3381683751427,101.081340504828,25
416.399,1257.19250843374,-23.6135382849637,-23.6135382849637,16.3945136603028,101.091508121962,25
416.499,1257.19250843376,-23.613538284985,-23.613538284985,16.3945136603058,101.101676397293,25
416.59901,1257.16370051487,-23.6717190844429,-23.6717190844429,16.3381683751398,101.111845330937,25
416.699,1257.19250843376,-23.6135382849847,-23.6135382849847,16.3945136603058,101.122005073567,25
416.79901,1257.16370051487,-23.6717190844426,-23.6717190844426,16.3381683751398,101.132168758827,25
416.899,1257.19250843376,-23.6135382849844,-23.6135382849844,16.3945136603057,101.142323255177,25
416.999,1257.19250843374,-23.6135382849628,-23.6135382849628,16.3945136603028,101.152478412176,25
417.09901,1257.16370051489,-23.6717190844635,-23.6717190844635,16.3381683751425,101.162634229939,25
417.199,1257.19250843374,-23.6135382849625,-23.6135382849625,16.3945136603026,101.172780861944,25
417.29901,1257.16370051488,-23.6717190844632,-23.6717190844632,16.3381683751425,101.182931438095,25
417.399,1257.19250843374,-23.6135382849623,-23.6135382849623,16.3945136603026,101.193072830587,25
417.499,1257.19250843375,-23.6135382849834,-23.6135382849834,16.3945136603056,101.203214886178,25
417.59901,1257.16370051486,-23.6717190844414,-23.6717190844414,16.3381683751396,101.213357604982,25
417.699,1257.19250843375,-23.6135382849831,-23.6135382849831,16.3945136603056,101.223491143276,25
417.79901,1257.16370051486,-23.6717190844411,-23.6717190844411,16.3381683751396,101.23362862723,25
417.899,1257.19250843375,-23.613538284983,-23.613538284983,16.3945136603056,101.243756932771,25
417.999,1257.19250843373,-23.6135382849614,-23.6135382849614,16.3945136603026,101.253885903855,25
418.09901,1257.16370051487,-23.6717190844621,-23.6717190844621,16.3381683751423,101.264015540599,25
418.199,1257.19250843373,-23.6135382849611,-23.6135382849611,16.3945136603026,101.274136002074,25
418.29901,1257.16370051487,-23.6717190844618,-23.6717190844618,16.3381683751423,101.284260410722,25
418.399,1257.19250843373,-23.6135382849609,-23.6135382849609,16.3945136603026,101.294375646195,25
418.499,1257.19250843374,-23.6135382849821,-23.6135382849821,16.3945136603055,101.304491549653,25
418.59901,1257.16370051485,-23.67171908444,-23.67171908444,16.3381683751395,101.314608121216,25
418.699,1257.19250843374,-23.6135382849818,-23.6135382849818,16.3945136603054,101.324715522743,25
418.79901,1257.16370051485,-23.6717190844397,-23.6717190844397,16.3381683751394,101.334826872952,25
418.899,1257.19250843374,-23.6135382849816,-23.6135382849816,16.3945136603053,101.344929055219,25
418.999,1257.19250843372,-23.6135382849601,-23.6135382849601,16.3945136603024,101.355031907913,25
419.09901,1257.16370051486,-23.6717190844608,-23.6717190844608,16.3381683751421,101.365135431148,25
419.199,1257.19250843372,-23.6135382849597,-23.6135382849597,16.3945136603024,101.375229789577,25
419.29901,1257.16370051486,-23.6717190844605,-23.6717190844605,16.3381683751421,101.385328098196,25
419.399,1257.19250843371,-23.6135382849593,-23.6135382849593,16.3945136603023,101.395417244097,25
419.499,1257.19250843373,-23.6135382849807,-23.6135382849807,16.3945136603052,101.405507062861,25
419.59901,1257.16370051484,-23.6717190844385,-23.6717190844385,16.3381683751394,101.415597554603,25
419.699,1257.19250843373,-23.6135382849805,-23.6135382849805,16.3945136603053,101.42567888676,25
419.79901,1257.16370051484,-23.6717190844382,-23.6717190844382,16.3381683751393,101.435764170614,25
419.899,1257.19250843373,-23.6135382849801,-23.6135382849801,16.3945136603052,101.445840296968,25
419.999,1257.19250843371,-23.6135382849585,-23.6135382849585,16.3945136603023,101.455917098619,25
420.09901,1257.16370051485,-23.6717190844594,-23.6717190844594,16.3381683751421,101.465994575681,25
420.199,1257.19250843371,-23.6135382849583,-23.6135382849583,16.3945136603024,101.47606289837,25
420.29901,1257.16370051485,-23.6717190844592,-23.6717190844592,16.3381683751421,101.486135174264,25
420.399,1257.1925084337,-23.613538284958,-23.613538284958,16.3945136603023,101.496198297867,25
420.499,1257.19250843372,-23.6135382849794,-23.6135382849794,16.3945136603051,101.506262099198,25
420.59901,1257.16370051483,-23.6717190844371,-23.6717190844371,16.3381683751393,101.51632657837,25
420.699,1257.19250843372,-23.6135382849791,-23.6135382849791,16.3945136603051,101.526381908377,25
420.79901,1257.16370051483,-23.6717190844367,-23.6717190844367,16.3381683751393,101.536441193089,25
420.899,1257.19250843372,-23.6135382849788,-23.6135382849788,16.3945136603051,101.546491330718,25
420.999,1257.1925084337,-23.6135382849572,-23.6135382849572,16.3945136603023,101.5565421485,25
421.09901,1257.16370051484,-23.6717190844581,-23.6717190844581,16.3381683751419,101.56659364655,25
421.199,1257.19250843369,-23.6135382849568,-23.6135382849568,16.3945136603023,101.576636000637,25
421.29901,1257.16370051484,-23.6717190844579,-23.6717190844579,16.338168375142,101.58668231093,25
421.399,1257.19250843369,-23.6135382849565,-23.6135382849565,16.3945136603022,101.596719479336,25
421.499,1257.19250843371,-23.6135382849779,-23.6135382849779,16.3945136603051,101.60675733032,25
421.59901,1257.16370051482,-23.6717190844358,-23.6717190844358,16.3381683751392,101.616795863996,25
421.699,1257.19250843371,-23.6135382849776,-23.6135382849776,16.3945136603051,101.626825258903,25
421.79901,1257.16370051482,-23.6717190844354,-23.6717190844354,16.3381683751392,101.636858611514,25
421.899,1257.19250843371,-23.6135382849772,-23.6135382849772,16.394513660305,101.646882827432,25
421.999,1257.19250843369,-23.6135382849557,-23.6135382849557,16.3945136603021,101.656907728348,25
422.09901,1257.16370051483,-23.6717190844564,-23.6717190844564,16.3381683751419,101.666933314377,25
422.199,1257.19250843369,-23.6135382849554,-23.6135382849554,16.394513660302,101.676949766823,25
422.29901,1257.16370051483,-23.671719084456,-23.671719084456,16.3381683751418,101.68697017847,25
422.399,1257.19250843368,-23.6135382849551,-23.6135382849551,16.3945136603019,101.696981458608,25
422.499,1257.1925084337,-23.6135382849763,-23.6135382849763,16.3945136603049,101.706993426163,25
422.59901,1257.16370051481,-23.6717190844341,-23.6717190844341,16.338168375139,101.717006081247,25
422.699,1257.1925084337,-23.6135382849759,-23.6135382849759,16.3945136603048,101.72700960793,25
422.79901,1257.16370051481,-23.6717190844339,-23.6717190844339,16.3381683751389,101.737017095309,25
422.899,1257.1925084337,-23.6135382849757,-23.6135382849757,16.3945136603048,101.747015456356,25
422.999,1257.19250843368,-23.6135382849542,-23.6135382849542,16.394513660302,101.757014507234,25
423.09901,1257.16370051482,-23.671719084455,-23.671719084455,16.3381683751417,101.767014248056,25
423.199,1257.19250843368,-23.6135382849539,-23.6135382849539,16.3945136603018,101.777004865651,25
423.29901,1257.16370051482,-23.6717190844545,-23.6717190844545,16.3381683751417,101.786999445436,25
423.399,1257.19250843368,-23.6135382849536,-23.6135382849536,16.3945136603017,101.796984904061,25
423.499,1257.19250843369,-23.6135382849747,-23.6135382849747,16.3945136603047,101.806971054927,25
423.59901,1257.1637005148,-23.6717190844327,-23.6717190844327,16.3381683751387,101.816957898149,25
423.699,1257.19250843369,-23.6135382849744,-23.6135382849744,16.3945136603046,101.826935623311,25
423.79901,1257.1637005148,-23.6717190844325,-23.6717190844325,16.3381683751387,101.836917312153,25
423.899,1257.19250843369,-23.6135382849741,-23.6135382849741,16.3945136603046,101.846889885,25
423.999,1257.19250843367,-23.6135382849527,-23.6135382849527,16.3945136603016,101.856863152497,25
424.09901,1257.16370051481,-23.6717190844533,-23.6717190844533,16.3381683751414,101.866837114758,25
424.199,1257.19250843367,-23.6135382849523,-23.6135382849523,16.3945136603015,101.876801964119,25
424.29901,1257.16370051481,-23.671719084453,-23.671719084453,16.3381683751414,101.88677077865,25
424.399,1257.19250843367,-23.613538284952,-23.613538284952,16.3945136603015,101.896730482343,25
424.499,1257.19250843368,-23.6135382849733,-23.6135382849733,16.3945136603044,101.906690883092,25
424.59901,1257.16370051479,-23.6717190844311,-23.6717190844311,16.3381683751385,101.916651981009,25
424.699,1257.19250843368,-23.6135382849728,-23.6135382849728,16.3945136603043,101.92660397118,25
424.79901,1257.16370051479,-23.6717190844307,-23.6717190844307,16.3381683751385,101.936559928009,25
424.899,1257.19250843368,-23.6135382849725,-23.6135382849725,16.3945136603043,101.946506779152,25
424.999,1257.19250843366,-23.6135382849511,-23.6135382849511,16.3945136603014,101.956454329752,25
425.09901,1257.1637005148,-23.6717190844516,-23.6717190844516,16.3381683751411,101.966402579923,25
425.199,1257.19250843366,-23.6135382849508,-23.6135382849508,16.3945136603015,101.976341727496,25
425.29901,1257.1637005148,-23.6717190844514,-23.6717190844514,16.3381683751411,101.98628484321,25
425.399,1257.19250843366,-23.6135382849505,-23.6135382849505,16.3945136603014,101.996218858384,25
425.499,1257.19250843367,-23.6135382849717,-23.6135382849717,16.3945136603042,102.006153575414,25
425.59901,1257.16370051478,-23.6717190844296,-23.6717190844296,16.3381683751384,102.016088994412,25
425.699,1257.19250843367,-23.6135382849714,-23.6135382849714,16.3945136603042,102.026015315954,25
425.79901,1257.16370051478,-23.6717190844294,-23.6717190844294,16.3381683751384,102.035945607121,25
425.899,1257.19250843367,-23.6135382849712,-23.6135382849712,16.3945136603042,102.045866802885,25
425.999,1257.19250843365,-23.6135382849497,-23.6135382849497,16.3945136603013,102.055788702902,25
426.09901,1257.16370051479,-23.6717190844503,-23.6717190844503,16.3381683751411,102.065711307284,25
426.199,1257.19250843365,-23.6135382849493,-23.6135382849493,16.3945136603012,102.075624819343,25
426.29901,1257.16370051479,-23.67171908445,-23.67171908445,16.3381683751411,102.085542302508,25
426.399,1257.19250843364,-23.6135382849491,-23.6135382849491,16.3945136603012,102.095450695402,25
426.499,1257.19250843366,-23.6135382849703,-23.6135382849703,16.3945136603041,102.105359794941,25
426.59901,1257.16370051477,-23.6717190844281,-23.6717190844281,16.3381683751383,102.115269601237,25
426.699,1257.19250843366,-23.61353828497,-23.61353828497,16.394513660304,102.125170320338,25
426.79901,1257.16370051477,-23.6717190844277,-23.6717190844277,16.3381683751382,102.135075012026,25
426.899,1257.19250843366,-23.6135382849696,-23.6135382849696,16.394513660304,102.144970618566,25
426.999,1257.19250843364,-23.613538284948,-23.613538284948,16.3945136603011,102.154866934141,25
427.09901,1257.16370051478,-23.6717190844488,-23.6717190844488,16.3381683751409,102.164763958864,25
427.199,1257.19250843364,-23.6135382849477,-23.6135382849477,16.394513660301,102.174651901511,25
427.29901,1257.16370051478,-23.6717190844485,-23.6717190844485,16.3381683751408,102.184543818223,25
427.399,1257.19250843364,-23.6135382849473,-23.6135382849473,16.3945136603009,102.194426654906,25
427.499,1257.19250843365,-23.6135382849687,-23.6135382849687,16.3945136603038,102.204310203009,25
427.59901,1257.16370051476,-23.6717190844263,-23.6717190844263,16.338168375138,102.214194462648,25
427.699,1257.19250843365,-23.6135382849683,-23.6135382849683,16.3945136603038,102.224069645326,25
427.79901,1257.16370051476,-23.671719084426,-23.671719084426,16.3381683751379,102.233948803544,25
427.899,1257.19250843365,-23.6135382849681,-23.6135382849681,16.3945136603037,102.243818886845,25
427.999,1257.19250843363,-23.6135382849463,-23.6135382849463,16.3945136603008,102.253689683949,25
428.09901,1257.16370051478,-23.6717190844472,-23.6717190844472,16.3381683751406,102.263561194972,25
428.199,1257.19250843363,-23.613538284946,-23.613538284946,16.3945136603007,102.273423634142,25
428.29901,1257.16370051477,-23.6717190844468,-23.6717190844468,16.3381683751405,102.283290050325,25
428.399,1257.19250843363,-23.6135382849457,-23.6135382849457,16.3945136603006,102.293147396696,25
428.499,1257.19250843365,-23.613538284967,-23.613538284967,16.3945136603035,102.303005459253,25
428.59901,1257.16370051476,-23.6717190844248,-23.6717190844248,16.3381683751377,102.312864238107,25
428.699,1257.19250843364,-23.6135382849667,-23.6135382849667,16.3945136603035,102.32271395021,25
428.79901,1257.16370051476,-23.6717190844244,-23.6717190844244,16.3381683751376,102.332567640797,25
428.899,1257.19250843364,-23.6135382849663,-23.6135382849663,16.3945136603034,102.34241226667,25
428.999,1257.19250843363,-23.6135382849447,-23.6135382849447,16.3945136603005,102.352257611107,25
429.09901,1257.16370051477,-23.6717190844454,-23.6717190844454,16.3381683751404,102.362103674219,25
429.199,1257.19250843362,-23.6135382849444,-23.6135382849444,16.3945136603005,102.371940675674,25
429.29901,1257.16370051477,-23.6717190844451,-23.6717190844451,16.3381683751403,102.381781657084,25
429.399,1257.19250843362,-23.613538284944,-23.613538284944,16.3945136603004,102.391613578873,25
429.499,1257.19250843364,-23.6135382849653,-23.6135382849653,16.3945136603034,102.401446221598,25
429.59901,1257.16370051475,-23.6717190844231,-23.6717190844231,16.3381683751375,102.411279585372,25
429.699,1257.19250843364,-23.613538284965,-23.613538284965,16.3945136603033,102.421103892577,25
429.79901,1257.16370051475,-23.6717190844229,-23.6717190844229,16.3381683751374,102.430932181205,25
429.899,1257.19250843363,-23.6135382849647,-23.6135382849647,16.3945136603033,102.440751415298,25
429.999,1257.19250843362,-23.613538284943,-23.613538284943,16.3945136603003,102.450571372698,25
430.09901,1257.16370051476,-23.6717190844438,-23.6717190844438,16.3381683751402,102.460392053519,25
430.199,1257.19250843362,-23.6135382849427,-23.6135382849427,16.3945136603002,102.470203682851,25
430.29901,1257.16370051476,-23.6717190844434,-23.6717190844434,16.3381683751401,102.480019295073,25
430.399,1257.19250843361,-23.6135382849425,-23.6135382849425,16.3945136603001,102.489825857838,25
430.499,1257.19250843363,-23.6135382849637,-23.6135382849637,16.3945136603031,102.499633146279,25
430.59901,1257.16370051474,-23.6717190844215,-23.6717190844215,16.3381683751372,102.509441160509,25
430.699,1257.19250843362,-23.6135382849632,-23.6135382849632,16.3945136603031,102.519240128326,25
430.79901,1257.16370051474,-23.6717190844211,-23.6717190844211,16.3381683751371,102.529043080495,25
430.899,1257.19250843362,-23.6135382849629,-23.6135382849629,16.3945136603031,102.538836988281,25
430.999,1257.19250843361,-23.6135382849414,-23.6135382849414,16.3945136603,102.548631624107,25
431.09901,1257.16370051475,-23.6717190844421,-23.6717190844421,16.33816837514,102.558426988086,25
431.199,1257.19250843361,-23.6135382849411,-23.6135382849411,16.3945136602999,102.568213310721,25
431.29901,1257.16370051475,-23.6717190844418,-23.6717190844418,16.3381683751399,102.578003619171,25
431.399,1257.19250843361,-23.6135382849409,-23.6135382849409,16.3945136602999,102.587784888302,25
431.499,1257.19250843362,-23.6135382849619,-23.6135382849619,16.3945136603028,102.597566887837,25
431.59901,1257.16370051473,-23.6717190844198,-23.6717190844198,16.3381683751369,102.607349617888,25
431.699,1257.19250843362,-23.6135382849616,-23.6135382849616,16.3945136603028,102.617123311655,25
431.79901,1257.16370051473,-23.6717190844196,-23.6717190844196,16.3381683751368,102.626900992699,25
431.899,1257.19250843361,-23.6135382849614,-23.6135382849614,16.3945136603029,102.636669639483,25
431.999,1257.1925084336,-23.6135382849399,-23.6135382849399,16.3945136602997,102.64643901903,25
432.09901,1257.16370051474,-23.6717190844406,-23.6717190844406,16.3381683751398,102.656209131451,25
432.199,1257.1925084336,-23.6135382849395,-23.6135382849395,16.3945136602997,102.665970212643,25
432.29901,1257.16370051474,-23.6717190844403,-23.6717190844403,16.3381683751397,102.675735282571,25
432.399,1257.1925084336,-23.6135382849393,-23.6135382849393,16.3945136602997,102.685491323291,25
432.499,1257.19250843361,-23.6135382849606,-23.6135382849606,16.3945136603027,102.695248099129,25
432.59901,1257.16370051472,-23.6717190844182,-23.6717190844182,16.3381683751367,102.7050056102,25
432.699,1257.19250843361,-23.6135382849602,-23.6135382849602,16.3945136603026,102.714754095089,25
432.79901,1257.16370051472,-23.671719084418,-23.671719084418,16.3381683751367,102.724506570171,25
432.899,1257.19250843361,-23.6135382849598,-23.6135382849598,16.3945136603026,102.734250021091,25
432.999,1257.19250843359,-23.6135382849382,-23.6135382849382,16.3945136602995,102.743994209482,25
433.09901,1257.16370051473,-23.671719084439,-23.671719084439,16.3381683751396,102.753739135458,25
433.199,1257.19250843359,-23.613538284938,-23.613538284938,16.3945136602995,102.763475040295,25
433.29901,1257.16370051473,-23.6717190844388,-23.6717190844388,16.3381683751396,102.77321493678,25
433.399,1257.19250843359,-23.6135382849377,-23.6135382849377,16.3945136602995,102.782945814141,25
433.499,1257.1925084336,-23.613538284959,-23.613538284959,16.3945136603025,102.792677431325,25
433.59901,1257.16370051471,-23.6717190844168,-23.6717190844168,16.3381683751366,102.802409788443,25
433.699,1257.1925084336,-23.6135382849588,-23.6135382849588,16.3945136603025,102.812133129458,25
433.79901,1257.16370051471,-23.6717190844166,-23.6717190844166,16.3381683751366,102.821860463573,25
433.899,1257.1925084336,-23.6135382849585,-23.6135382849585,16.3945136603024,102.831578783599,25
433.999,1257.19250843358,-23.6135382849368,-23.6135382849368,16.3945136602994,102.841297845793,25
434.09901,1257.16370051472,-23.6717190844376,-23.6717190844376,16.3381683751393,102.851017650266,25
434.199,1257.19250843358,-23.6135382849366,-23.6135382849366,16.3945136602994,102.860728443668,25
434.29901,1257.16370051472,-23.6717190844373,-23.6717190844373,16.3381683751394,102.87044323162,25
434.399,1257.19250843358,-23.6135382849363,-23.6135382849363,16.3945136602993,102.88014901051,25
434.499,1257.19250843359,-23.6135382849575,-23.6135382849575,16.3945136603024,102.889855533912,25
434.59901,1257.1637005147,-23.6717190844154,-23.6717190844154,16.3381683751365,102.899562801937,25
434.699,1257.19250843359,-23.6135382849573,-23.6135382849573,16.3945136603024,102.909261063914,25
434.79901,1257.1637005147,-23.6717190844151,-23.6717190844151,16.3381683751365,102.91896332189,25
434.899,1257.19250843358,-23.613538284957,-23.613538284957,16.3945136603024,102.928656575824,25
434.999,1257.19250843357,-23.6135382849354,-23.6135382849354,16.3945136602993,102.938350576611,25
435.09901,1257.16370051471,-23.6717190844362,-23.6717190844362,16.3381683751393,102.948045324363,25
435.199,1257.19250843357,-23.6135382849351,-23.6135382849351,16.3945136602992,102.95773107108,25
435.29901,1257.16370051471,-23.671719084436,-23.671719084436,16.3381683751393,102.967420815245,25
435.399,1257.19250843357,-23.6135382849349,-23.6135382849349,16.3945136602992,102.977101560382,25
435.499,1257.19250843358,-23.6135382849562,-23.6135382849562,16.3945136603023,102.986783054709,25
435.59901,1257.16370051469,-23.671719084414,-23.671719084414,16.3381683751363,102.996465298339,25
435.699,1257.19250843358,-23.6135382849559,-23.6135382849559,16.3945136603022,103.006138545943,25
435.79901,1257.16370051469,-23.6717190844138,-23.6717190844138,16.3381683751364,103.015815792441,25
435.899,1257.19250843357,-23.6135382849557,-23.6135382849557,16.3945136603022,103.025484044918,25
435.999,1257.19250843356,-23.6135382849341,-23.6135382849341,16.3945136602991,103.035153048921,25
436.09901,1257.1637005147,-23.6717190844347,-23.6717190844347,16.3381683751391,103.04482280456,25
436.199,1257.19250843356,-23.6135382849338,-23.6135382849338,16.394513660299,103.054483569178,25
436.29901,1257.1637005147,-23.6717190844344,-23.6717190844344,16.3381683751391,103.064148334134,25
436.399,1257.19250843356,-23.6135382849335,-23.6135382849335,16.394513660299,103.073804110067,25
436.499,1257.19250843357,-23.6135382849546,-23.6135382849546,16.394513660302,103.083460639859,25
436.59901,1257.16370051468,-23.6717190844127,-23.6717190844127,16.3381683751362,103.09311792362,25
436.699,1257.19250843357,-23.6135382849544,-23.6135382849544,16.3945136603021,103.102766221356,25
436.79901,1257.16370051468,-23.6717190844123,-23.6717190844123,16.3381683751361,103.112418520871,25
436.899,1257.19250843357,-23.6135382849541,-23.6135382849541,16.394513660302,103.122061836359,25
436.999,1257.19250843355,-23.6135382849325,-23.6135382849325,16.3945136602989,103.131705908033,25
437.09901,1257.16370051469,-23.6717190844333,-23.6717190844333,16.338168375139,103.141350736005,25
437.199,1257.19250843355,-23.6135382849323,-23.6135382849323,16.3945136602989,103.150986582943,25
437.29901,1257.16370051469,-23.671719084433,-23.671719084433,16.3381683751389,103.160626433099,25
437.399,1257.19250843355,-23.613538284932,-23.613538284932,16.3945136602989,103.170257304216,25
437.499,1257.19250843356,-23.6135382849533,-23.6135382849533,16.394513660302,103.179888933846,25
437.59901,1257.16370051467,-23.671719084411,-23.671719084411,16.338168375136,103.189521322099,25
437.699,1257.19250843356,-23.613538284953,-23.613538284953,16.3945136603018,103.199144734301,25
437.79901,1257.16370051467,-23.6717190844107,-23.6717190844107,16.3381683751359,103.20877215116,25
437.899,1257.19250843356,-23.6135382849526,-23.6135382849526,16.3945136603017,103.218390593962,25
437.999,1257.19250843354,-23.613538284931,-23.613538284931,16.3945136602987,103.228009797599,25
438.09901,1257.16370051468,-23.6717190844318,-23.6717190844318,16.3381683751388,103.237629762181,25
438.199,1257.19250843354,-23.6135382849307,-23.6135382849307,16.3945136602987,103.247240755691,25
438.29901,1257.16370051468,-23.6717190844315,-23.6717190844315,16.3381683751387,103.256855755293,25
438.399,1257.19250843353,-23.6135382849304,-23.6135382849304,16.3945136602988,103.266461785812,25
438.499,1257.19250843355,-23.6135382849518,-23.6135382849518,16.3945136603017,103.276068579486,25
438.59901,1257.16370051466,-23.6717190844096,-23.6717190844096,16.3381683751359,103.285676136426,25
438.699,1257.19250843355,-23.6135382849515,-23.6135382849515,16.3945136603017,103.295274727264,25
438.79901,1257.16370051466,-23.6717190844094,-23.6717190844094,16.3381683751358,103.30487732563,25
438.899,1257.19250843355,-23.6135382849512,-23.6135382849512,16.3945136603016,103.314470959881,25
438.999,1257.19250843353,-23.6135382849297,-23.6135382849297,16.3945136602986,103.324065359605,25
439.09901,1257.16370051467,-23.6717190844304,-23.6717190844304,16.3381683751386,103.333660524909,25
439.199,1257.19250843353,-23.6135382849294,-23.6135382849294,16.3945136602986,103.343246729076,25
439.29901,1257.16370051467,-23.6717190844301,-23.6717190844301,16.3381683751386,103.352836942203,25
439.399,1257.19250843353,-23.6135382849291,-23.6135382849291,16.3945136602985,103.362418196179,25
439.499,1257.19250843354,-23.6135382849503,-23.6135382849503,16.3945136603015,103.372000217939,25
439.59901,1257.16370051465,-23.6717190844081,-23.6717190844081,16.3381683751356,103.381583007596,25
439.699,1257.19250843354,-23.6135382849501,-23.6135382849501,16.3945136603014,103.391156841074,25
439.79901,1257.16370051465,-23.6717190844079,-23.6717190844079,16.3381683751356,103.400734684943,25
439.899,1257.19250843354,-23.6135382849498,-23.6135382849498,16.3945136603014,103.410303574615,25
439.999,1257.19250843352,-23.6135382849282,-23.6135382849282,16.3945136602984,103.419873234383,25
440.09901,1257.16370051466,-23.6717190844289,-23.6717190844289,16.3381683751383,103.429443664357,25
440.199,1257.19250843352,-23.613538284928,-23.613538284928,16.3945136602984,103.439005143105,25
440.29901,1257.16370051466,-23.6717190844287,-23.6717190844287,16.3381683751383,103.448570633672,25
440.399,1257.19250843352,-23.6135382849278,-23.6135382849278,16.3945136602983,103.458127174992,25
440.499,1257.19250843353,-23.613538284949,-23.613538284949,16.3945136603012,103.467684488715,25
440.59901,1257.16370051464,-23.6717190844067,-23.6717190844067,16.3381683751356,103.477242574952,25
440.699,1257.19250843353,-23.6135382849488,-23.6135382849488,16.3945136603012,103.486791714908,25
440.79901,1257.16370051464,-23.6717190844064,-23.6717190844064,16.3381683751355,103.496344868111,25
440.899,1257.19250843353,-23.6135382849484,-23.6135382849484,16.3945136603012,103.505889077009,25
440.999,1257.19250843351,-23.6135382849268,-23.6135382849268,16.3945136602983,103.515434060616,25
441.09901,1257.16370051465,-23.6717190844277,-23.6717190844277,16.3381683751383,103.524979819042,25
441.199,1257.19250843351,-23.6135382849266,-23.6135382849266,16.3945136602983,103.534516636127,25
441.29901,1257.16370051465,-23.6717190844274,-23.6717190844274,16.3381683751383,103.544057467882,25
441.399,1257.1925084335,-23.6135382849263,-23.6135382849263,16.3945136602983,103.55358936027,25
441.499,1257.19250843352,-23.6135382849476,-23.6135382849476,16.3945136603011,103.563122029668,25
441.59901,1257.16370051463,-23.6717190844053,-23.6717190844053,16.3381683751354,103.572655476186,25
441.699,1257.19250843352,-23.6135382849473,-23.6135382849473,16.3945136603011,103.582179986296,25
441.79901,1257.16370051463,-23.671719084405,-23.671719084405,16.3381683751354,103.5917085125,25
441.899,1257.19250843352,-23.6135382849471,-23.6135382849471,16.394513660301,103.601228104266,25
441.999,1257.1925084335,-23.6135382849253,-23.6135382849253,16.3945136602982,103.610748475343,25
442.09901,1257.16370051464,-23.6717190844263,-23.6717190844263,16.3381683751381,103.620269625838,25
442.199,1257.1925084335,-23.613538284925,-23.613538284925,16.3945136602983,103.629781844849,25
442.29901,1257.16370051464,-23.6717190844259,-23.6717190844259,16.338168375138,103.639298081378,25
442.399,1257.1925084335,-23.6135382849247,-23.6135382849247,16.3945136602981,103.648805388393,25
442.499,1257.19250843351,-23.6135382849462,-23.6135382849462,16.394513660301,103.658313477014,25
442.59901,1257.16370051462,-23.6717190844039,-23.6717190844039,16.3381683751353,103.66782234735,25
442.699,1257.19250843351,-23.6135382849459,-23.6135382849459,16.3945136603009,103.677322291121,25
442.79901,1257.16370051462,-23.6717190844035,-23.6717190844035,16.3381683751352,103.68682625383,25
442.899,1257.19250843351,-23.6135382849455,-23.6135382849455,16.3945136603008,103.696321291941,25
442.999,1257.19250843349,-23.6135382849238,-23.6135382849238,16.3945136602979,103.705817113951,25
443.09901,1257.16370051463,-23.6717190844247,-23.6717190844247,16.3381683751379,103.715313719969,25
443.199,1257.19250843349,-23.6135382849236,-23.6135382849236,16.3945136602979,103.724801404338,25
443.29901,1257.16370051463,-23.6717190844243,-23.6717190844243,16.3381683751379,103.734293109061,25
443.399,1257.19250843349,-23.6135382849232,-23.6135382849232,16.3945136602978,103.743775894097,25
443.499,1257.19250843351,-23.6135382849445,-23.6135382849445,16.3945136603007,103.753259465324,25
443.59901,1257.16370051461,-23.6717190844022,-23.6717190844022,16.3381683751349,103.762743822847,25
443.699,1257.1925084335,-23.6135382849442,-23.6135382849442,16.3945136603006,103.772219263628,25
443.79901,1257.16370051461,-23.671719084402,-23.671719084402,16.3381683751349,103.781698726179,25
443.899,1257.1925084335,-23.6135382849439,-23.6135382849439,16.3945136603005,103.79116927395,25
443.999,1257.19250843348,-23.6135382849223,-23.6135382849223,16.3945136602976,103.800640610197,25
444.09901,1257.16370051463,-23.671719084423,-23.671719084423,16.3381683751376,103.810112735027,25
444.199,1257.19250843348,-23.613538284922,-23.613538284922,16.3945136602976,103.819575948017,25
444.29901,1257.16370051462,-23.6717190844226,-23.6717190844226,16.3381683751376,103.82904318419,25
444.399,1257.19250843348,-23.6135382849217,-23.6135382849217,16.3945136602976,103.838501510481,25
444.499,1257.1925084335,-23.6135382849429,-23.6135382849429,16.3945136603004,103.847960627533,25
444.59901,1257.1637005146,-23.6717190844008,-23.6717190844008,16.3381683751348,103.857420535453,25
444.699,1257.19250843349,-23.6135382849427,-23.6135382849427,16.3945136603004,103.866871536427,25
444.79901,1257.1637005146,-23.6717190844004,-23.6717190844004,16.3381683751347,103.876326561997,25
444.899,1257.19250843349,-23.6135382849423,-23.6135382849423,16.3945136603003,103.885772682577,25
444.999,1257.19250843347,-23.6135382849207,-23.6135382849207,16.3945136602975,103.895219596198,25
445.09901,1257.16370051462,-23.6717190844216,-23.6717190844216,16.3381683751374,103.904667302969,25
445.199,1257.19250843347,-23.6135382849204,-23.6135382849204,16.3945136602975,103.914106107682,25
445.29901,1257.16370051461,-23.6717190844214,-23.6717190844214,16.3381683751374,103.923548938402,25
445.399,1257.19250843347,-23.6135382849202,-23.6135382849202,16.3945136602975,103.932982869017,25
445.499,1257.19250843348,-23.6135382849416,-23.6135382849416,16.3945136603002,103.942417594952,25
445.59901,1257.16370051459,-23.6717190843993,-23.6717190843993,16.3381683751347,103.951853116313,25
445.699,1257.19250843348,-23.6135382849414,-23.6135382849414,16.3945136603003,103.961279740499,25
445.79901,1257.16370051459,-23.671719084399,-23.671719084399,16.3381683751346,103.970710392101,25
445.899,1257.19250843348,-23.613538284941,-23.613538284941,16.3945136603004,103.980132148477,25
445.999,1257.19250843346,-23.6135382849195,-23.6135382849195,16.3945136602973,103.989554702448,25
446.09901,1257.1637005146,-23.6717190844201,-23.6717190844201,16.3381683751375,103.998978054123,25
446.199,1257.19250843346,-23.6135382849191,-23.6135382849191,16.3945136602972,104.008392513497,25
446.29901,1257.1637005146,-23.6717190844198,-23.6717190844198,16.3381683751374,104.017811001694,25
446.399,1257.19250843346,-23.6135382849188,-23.6135382849188,16.3945136602971,104.027220599538,25
446.499,1257.19250843347,-23.61353828494,-23.61353828494,16.3945136603002,104.03663099725,25
446.59901,1257.16370051458,-23.6717190843978,-23.6717190843978,16.3381683751344,104.046042194937,25
446.699,1257.19250843347,-23.6135382849397,-23.6135382849397,16.3945136603002,104.055444505193,25
446.79901,1257.16370051458,-23.6717190843976,-23.6717190843976,16.3381683751343,104.064850845677,25
446.899,1257.19250843347,-23.6135382849395,-23.6135382849395,16.3945136603002,104.074248300674,25
446.999,1257.19250843345,-23.6135382849179,-23.6135382849179,16.3945136602971,104.083646557808,25
447.09901,1257.16370051459,-23.6717190844186,-23.6717190844186,16.3381683751372,104.093045617188,25
447.199,1257.19250843345,-23.6135382849176,-23.6135382849176,16.3945136602971,104.102435793999,25
447.29901,1257.16370051459,-23.6717190844183,-23.6717190844183,16.3381683751373,104.111830002442,25
447.399,1257.19250843345,-23.6135382849173,-23.6135382849173,16.394513660297,104.121215330259,25
447.499,1257.19250843347,-23.6135382849385,-23.6135382849385,16.3945136603,104.130601462481,25
447.59901,1257.16370051457,-23.6717190843963,-23.6717190843963,16.3381683751342,104.139988399213,25
447.699,1257.19250843346,-23.6135382849381,-23.6135382849381,16.3945136602999,104.149366458235,25
447.79901,1257.16370051457,-23.6717190843959,-23.6717190843959,16.3381683751341,104.158748550288,25
447.899,1257.19250843346,-23.6135382849378,-23.6135382849378,16.3945136602999,104.168121766573,25
447.999,1257.19250843344,-23.6135382849161,-23.6135382849161,16.3945136602968,104.177495789523,25
448.09901,1257.16370051459,-23.671719084417,-23.671719084417,16.338168375137,104.186870619247,25
448.199,1257.19250843344,-23.6135382849159,-23.6135382849159,16.3945136602968,104.196236576111,25
448.29901,1257.16370051458,-23.6717190844166,-23.6717190844166,16.338168375137,104.205606567407,25
448.399,1257.19250843344,-23.6135382849155,-23.6135382849155,16.3945136602968,104.214967687781,25
448.499,1257.19250843346,-23.6135382849369,-23.6135382849369,16.3945136602998,104.224329617083,25
448.59901,1257.16370051456,-23.6717190843947,-23.6717190843947,16.3381683751341,104.233692355419,25
448.699,1257.19250843345,-23.6135382849367,-23.6135382849367,16.3945136602998,104.24304622574,25
448.79901,1257.16370051456,-23.6717190843943,-23.6717190843943,16.338168375134,104.25240413189,25
448.899,1257.19250843345,-23.6135382849363,-23.6135382849363,16.3945136602997,104.26175317196,25
448.999,1257.19250843343,-23.6135382849146,-23.6135382849146,16.3945136602966,104.271103023215,25
449.09901,1257.16370051458,-23.6717190844154,-23.6717190844154,16.3381683751368,104.280453685763,25
449.199,1257.19250843343,-23.6135382849143,-23.6135382849143,16.3945136602966,104.289795485134,25
449.29901,1257.16370051457,-23.6717190844152,-23.6717190844152,16.3381683751368,104.29914132173,25
449.399,1257.19250843343,-23.613538284914,-23.613538284914,16.3945136602966,104.308478297081,25
449.499,1257.19250843345,-23.6135382849354,-23.6135382849354,16.3945136602996,104.317816085872,25
449.59901,1257.16370051455,-23.671719084393,-23.671719084393,16.3381683751338,104.327154688211,25
449.699,1257.19250843344,-23.6135382849351,-23.6135382849351,16.3945136602997,104.336484432203,25
449.79901,1257.16370051455,-23.6717190843927,-23.6717190843927,16.3381683751339,104.345818214816,25
449.899,1257.19250843344,-23.6135382849348,-23.6135382849348,16.3945136602996,104.355143141013,25
449.999,1257.19250843342,-23.6135382849132,-23.6135382849132,16.3945136602964,104.364468882902,25
450.09901,1257.16370051457,-23.671719084414,-23.671719084414,16.3381683751368,104.37379544059,25
450.199,1257.19250843342,-23.6135382849129,-23.6135382849129,16.3945136602965,104.383113144758,25
450.29901,1257.16370051456,-23.6717190844137,-23.6717190844137,16.3381683751368,104.392434888938,25
450.399,1257.19250843342,-23.6135382849126,-23.6135382849126,16.3945136602965,104.401747781526,25
450.499,1257.19250843343,-23.613538284934,-23.613538284934,16.3945136602995,104.411061492055,25
450.59901,1257.16370051454,-23.6717190843918,-23.6717190843918,16.3381683751338,104.420376020632,25
450.699,1257.19250843343,-23.6135382849336,-23.6135382849336,16.3945136602995,104.429681700508,25
450.79901,1257.16370051454,-23.6717190843914,-23.6717190843914,16.3381683751337,104.438991421786,25
450.899,1257.19250843343,-23.6135382849333,-23.6135382849333,16.3945136602994,104.44829229629,25
450.999,1257.19250843341,-23.6135382849117,-23.6135382849117,16.3945136602963,104.457593990981,25
451.09901,1257.16370051455,-23.6717190844124,-23.6717190844124,16.3381683751366,104.466896505965,25
451.199,1257.19250843341,-23.6135382849114,-23.6135382849114,16.3945136602963,104.476190177062,25
451.29901,1257.16370051455,-23.6717190844121,-23.6717190844121,16.3381683751365,104.48548789095,25
451.399,1257.19250843341,-23.613538284911,-23.613538284911,16.3945136602964,104.494776762873,25
451.499,1257.19250843342,-23.6135382849323,-23.6135382849323,16.3945136602993,104.504066457228,25
451.59901,1257.16370051453,-23.6717190843899,-23.6717190843899,16.3381683751336,104.51335697412,25
451.699,1257.19250843342,-23.613538284932,-23.613538284932,16.3945136602992,104.52263865193,25
451.79901,1257.16370051453,-23.6717190843896,-23.6717190843896,16.3381683751336,104.531924373919,25
451.899,1257.19250843342,-23.6135382849317,-23.6135382849317,16.3945136602991,104.541201258748,25
451.999,1257.1925084334,-23.61353828491,-23.61353828491,16.3945136602963,104.550478968248,25
452.09901,1257.16370051455,-23.6717190844108,-23.6717190844108,16.3381683751363,104.559757502526,25
452.199,1257.1925084334,-23.6135382849097,-23.6135382849097,16.3945136602962,104.569027202524,25
452.29901,1257.16370051454,-23.6717190844105,-23.6717190844105,16.3381683751363,104.578300948084,25
452.399,1257.1925084334,-23.6135382849094,-23.6135382849094,16.3945136602962,104.587565861284,25
452.499,1257.19250843342,-23.6135382849307,-23.6135382849307,16.394513660299,104.596831601391,25
452.59901,1257.16370051452,-23.6717190843883,-23.6717190843883,16.3381683751334,104.606098168514,25
452.699,1257.19250843341,-23.6135382849304,-23.6135382849304,16.3945136602989,104.61535590615,25
452.79901,1257.16370051452,-23.671719084388,-23.671719084388,16.3381683751333,104.624617690734,25
452.899,1257.19250843341,-23.6135382849301,-23.6135382849301,16.3945136602989,104.633870647749,25
452.999,1257.19250843339,-23.6135382849084,-23.6135382849084,16.394513660296,104.643124433906,25
453.09901,1257.16370051454,-23.6717190844093,-23.6717190844093,16.3381683751361,104.652379049313,25
453.199,1257.19250843339,-23.6135382849081,-23.6135382849081,16.3945136602959,104.661624840022,25
453.29901,1257.16370051453,-23.6717190844089,-23.6717190844089,16.338168375136,104.67087467906,25
453.399,1257.19250843339,-23.6135382849078,-23.6135382849078,16.3945136602959,104.680115695315,25
453.499,1257.19250843341,-23.6135382849292,-23.6135382849292,16.3945136602989,104.689357542944,25
453.59901,1257.16370051451,-23.6717190843869,-23.6717190843869,16.3381683751332,104.698600222053,25
453.699,1257.1925084334,-23.6135382849288,-23.6135382849288,16.3945136602989,104.707834081247,25
453.79901,1257.16370051451,-23.6717190843866,-23.6717190843866,16.3381683751332,104.717071990151,25
453.899,1257.1925084334,-23.6135382849285,-23.6135382849285,16.3945136602988,104.726301081051,25
453.999,1257.19250843338,-23.6135382849069,-23.6135382849069,16.3945136602958,104.735531005554,25
454.09901,1257.16370051453,-23.6717190844076,-23.6717190844076,16.3381683751359,104.744761763766,25
454.199,1257.19250843338,-23.6135382849066,-23.6135382849066,16.3945136602958,104.753983706839,25
454.29901,1257.16370051453,-23.6717190844074,-23.6717190844074,16.3381683751359,104.763209701,25
454.399,1257.19250843338,-23.6135382849063,-23.6135382849063,16.3945136602957,104.77242688193,25
454.499,1257.1925084334,-23.6135382849276,-23.6135382849276,16.3945136602986,104.781644898688,25
454.59901,1257.1637005145,-23.6717190843854,-23.6717190843854,16.3381683751331,104.790863751382,25
454.699,1257.19250843339,-23.6135382849274,-23.6135382849274,16.3945136602986,104.800073793707,25
454.79901,1257.1637005145,-23.6717190843851,-23.6717190843851,16.338168375133,104.809287888495,25
454.899,1257.19250843339,-23.6135382849271,-23.6135382849271,16.3945136602986,104.818493174821,25
454.999,1257.19250843337,-23.6135382849054,-23.6135382849054,16.3945136602956,104.827699299199,25
455.09901,1257.16370051452,-23.6717190844062,-23.6717190844062,16.3381683751357,104.836906261734,25
455.199,1257.19250843337,-23.613538284905,-23.613538284905,16.3945136602956,104.846104418664,25
455.29901,1257.16370051451,-23.6717190844059,-23.6717190844059,16.3381683751357,104.855306629433,25
455.399,1257.19250843337,-23.6135382849048,-23.6135382849048,16.3945136602955,104.864500036499,25
455.499,1257.19250843339,-23.6135382849262,-23.6135382849262,16.3945136602984,104.873694283838,25
455.59901,1257.16370051449,-23.6717190843838,-23.6717190843838,16.3381683751329,104.882889371554,25
455.699,1257.19250843338,-23.6135382849259,-23.6135382849259,16.3945136602984,104.892075658424,25
455.79901,1257.16370051449,-23.6717190843834,-23.6717190843834,16.3381683751328,104.901266000503,25
455.899,1257.19250843338,-23.6135382849256,-23.6135382849256,16.3945136602983,104.910447543637,25
455.999,1257.19250843336,-23.6135382849038,-23.6135382849038,16.3945136602955,104.919629929261,25
456.09901,1257.16370051451,-23.6717190844048,-23.6717190844048,16.3381683751356,104.928813157479,25
456.199,1257.19250843336,-23.6135382849035,-23.6135382849035,16.3945136602954,104.937987589601,25
456.29901,1257.16370051451,-23.6717190844045,-23.6717190844045,16.3381683751356,104.947166078304,25
456.399,1257.19250843336,-23.6135382849032,-23.6135382849032,16.3945136602953,104.95633577281,25
456.499,1257.19250843338,-23.6135382849247,-23.6135382849247,16.3945136602983,104.965506312021,25
456.59901,1257.16370051449,-23.6717190843823,-23.6717190843823,16.3381683751327,104.974677696041,25
456.699,1257.19250843338,-23.6135382849244,-23.6135382849244,16.3945136602982,104.983840288709,25
456.79901,1257.16370051448,-23.671719084382,-23.671719084382,16.3381683751326,104.99300693933,25
456.899,1257.19250843337,-23.6135382849242,-23.6135382849242,16.3945136602982,105.002164800495,25
456.999,1257.19250843335,-23.6135382849026,-23.6135382849026,16.3945136602952,105.011323508577,25
457.09901,1257.1637005145,-23.6717190844033,-23.6717190844033,16.3381683751354,105.020483063679,25
457.199,1257.19250843335,-23.6135382849023,-23.6135382849023,16.3945136602953,105.029633832169,25
457.29901,1257.16370051449,-23.671719084403,-23.671719084403,16.3381683751355,105.038788659978,25
457.399,1257.19250843335,-23.6135382849022,-23.6135382849022,16.3945136602952,105.047934703069,25
457.499,1257.19250843337,-23.6135382849232,-23.6135382849232,16.3945136602981,105.057081595284,25
457.59901,1257.16370051447,-23.6717190843812,-23.6717190843812,16.3381683751326,105.066229336728,25
457.699,1257.19250843336,-23.613538284923,-23.613538284923,16.3945136602981,105.075368296295,25
457.79901,1257.16370051447,-23.6717190843808,-23.6717190843808,16.3381683751326,105.084511316544,25
457.899,1257.19250843336,-23.6135382849227,-23.6135382849227,16.3945136602981,105.093645556807,25
457.999,1257.19250843334,-23.6135382849012,-23.6135382849012,16.3945136602951,105.102780648399,25
458.09901,1257.16370051449,-23.6717190844018,-23.6717190844018,16.3381683751353,105.111916591427,25
458.199,1257.19250843334,-23.6135382849008,-23.6135382849008,16.3945136602951,105.121043757302,25
458.29901,1257.16370051449,-23.6717190844015,-23.6717190844015,16.3381683751352,105.130174985227,25
458.399,1257.19250843334,-23.6135382849005,-23.6135382849005,16.394513660295,105.13929743789,25
458.499,1257.19250843336,-23.6135382849216,-23.6135382849216,16.3945136602979,105.148420744087,25
458.59901,1257.16370051447,-23.6717190843795,-23.6717190843795,16.3381683751323,105.15754490392,25
458.699,1257.19250843336,-23.6135382849214,-23.6135382849214,16.3945136602977,105.166660291322,25
458.79901,1257.16370051446,-23.6717190843792,-23.6717190843792,16.3381683751322,105.175779742135,25
458.899,1257.19250843335,-23.6135382849212,-23.6135382849212,16.3945136602977,105.184890422404,25
458.999,1257.19250843334,-23.6135382848996,-23.6135382848996,16.3945136602948,105.194001958407,25
459.09901,1257.16370051448,-23.6717190844003,-23.6717190844003,16.338168375135,105.203114350248,25
459.199,1257.19250843333,-23.6135382848992,-23.6135382848992,16.3945136602948,105.212217974372,25
459.29901,1257.16370051448,-23.6717190844001,-23.6717190844001,16.3381683751349,105.221325663267,25
459.399,1257.19250843333,-23.6135382848989,-23.6135382848989,16.3945136602947,105.230424586332,25
459.499,1257.19250843335,-23.6135382849204,-23.6135382849204,16.3945136602977,105.239524367326,25
459.59901,1257.16370051446,-23.6717190843779,-23.6717190843779,16.338168375132,105.248625006356,25
459.699,1257.19250843335,-23.6135382849202,-23.6135382849202,16.3945136602976,105.257716882379,25
459.79901,1257.16370051446,-23.6717190843777,-23.6717190843777,16.338168375132,105.266812824531,25
459.899,1257.19250843334,-23.6135382849199,-23.6135382849199,16.3945136602976,105.275900005558,25
459.999,1257.19250843333,-23.6135382848981,-23.6135382848981,16.3945136602946,105.284988046711,25
460.09901,1257.16370051447,-23.671719084399,-23.671719084399,16.3381683751349,105.294076948092,25
460.199,1257.19250843333,-23.6135382848979,-23.6135382848979,16.3945136602945,105.303157091169,25
460.29901,1257.16370051447,-23.6717190843986,-23.6717190843986,16.3381683751348,105.312241301732,25
460.399,1257.19250843332,-23.6135382848976,-23.6135382848976,16.3945136602945,105.32131675587,25
460.499,1257.19250843334,-23.6135382849189,-23.6135382849189,16.3945136602976,105.330393072325,25
460.59901,1257.16370051445,-23.6717190843766,-23.6717190843766,16.3381683751318,105.339470251201,25
460.699,1257.19250843334,-23.6135382849186,-23.6135382849186,16.3945136602975,105.34853867647,25
460.79901,1257.16370051445,-23.6717190843763,-23.6717190843763,16.3381683751318,105.35761117058,25
460.899,1257.19250843333,-23.6135382849183,-23.6135382849183,16.3945136602975,105.366674912958,25
460.999,1257.19250843332,-23.6135382848966,-23.6135382848966,16.3945136602944,105.375739519843,25
461.09901,1257.16370051446,-23.6717190843975,-23.6717190843975,16.3381683751347,105.384804991337,25
461.199,1257.19250843332,-23.6135382848964,-23.6135382848964,16.3945136602944,105.393861713914,25
461.29901,1257.16370051446,-23.6717190843973,-23.6717190843973,16.3381683751347,105.402922506687,25
461.399,1257.19250843331,-23.6135382848961,-23.6135382848961,16.3945136602944,105.411974552416,25
461.499,1257.19250843333,-23.6135382849175,-23.6135382849175,16.3945136602974,105.421027464837,25
461.59901,1257.16370051444,-23.6717190843752,-23.6717190843752,16.3381683751318,105.430081244053,25
461.699,1257.19250843333,-23.6135382849172,-23.6135382849172,16.3945136602973,105.439126279036,25
461.79901,1257.16370051444,-23.671719084375,-23.671719084375,16.3381683751318,105.448175385567,25
461.899,1257.19250843332,-23.613538284917,-23.613538284917,16.3945136602972,105.457215749736,25
461.999,1257.19250843331,-23.6135382848953,-23.6135382848953,16.3945136602943,105.46625698278,25
462.09901,1257.16370051445,-23.671719084396,-23.671719084396,16.3381683751345,105.475299084804,25
462.199,1257.19250843331,-23.6135382848951,-23.6135382848951,16.3945136602943,105.484332447273,25
462.29901,1257.16370051445,-23.6717190843957,-23.6717190843957,16.3381683751344,105.493369882639,25
462.399,1257.1925084333,-23.6135382848948,-23.6135382848948,16.3945136602944,105.502398580319,25
462.499,1257.19250843332,-23.613538284916,-23.613538284916,16.3945136602972,105.511428149056,25
462.59901,1257.16370051443,-23.6717190843739,-23.6717190843739,16.3381683751318,105.520458588951,25
462.699,1257.19250843332,-23.6135382849157,-23.6135382849157,16.3945136602972,105.529480293964,25
462.79901,1257.16370051443,-23.6717190843736,-23.6717190843736,16.3381683751317,105.538506073222,25
462.899,1257.19250843332,-23.6135382849155,-23.6135382849155,16.3945136602971,105.547523119465,25
462.999,1257.1925084333,-23.6135382848939,-23.6135382848939,16.3945136602943,105.55654103894,25
463.09901,1257.16370051444,-23.6717190843946,-23.6717190843946,16.3381683751344,105.565559831753,25
463.199,1257.19250843329,-23.6135382848936,-23.6135382848936,16.3945136602942,105.574569894349,25
463.29901,1257.16370051444,-23.6717190843944,-23.6717190843944,16.3381683751344,105.583584032537,25
463.399,1257.19250843329,-23.6135382848933,-23.6135382848933,16.3945136602942,105.592589442373,25
463.499,1257.19250843331,-23.6135382849148,-23.6135382849148,16.394513660297,105.601595727618,25
463.59901,1257.16370051442,-23.6717190843724,-23.6717190843724,16.3381683751316,105.610602888374,25
463.699,1257.19250843331,-23.6135382849143,-23.6135382849143,16.394513660297,105.619601323574,25
463.79901,1257.16370051442,-23.671719084372,-23.671719084372,16.3381683751315,105.628603835711,25
463.899,1257.19250843331,-23.613538284914,-23.613538284914,16.394513660297,105.637597624155,25
463.999,1257.19250843329,-23.6135382848923,-23.6135382848923,16.3945136602939,105.646592290178,25
464.09901,1257.16370051443,-23.6717190843931,-23.6717190843931,16.3381683751342,105.655587833884,25
464.199,1257.19250843329,-23.613538284892,-23.613538284892,16.3945136602939,105.66457465669,25
464.29901,1257.16370051443,-23.6717190843927,-23.6717190843927,16.3381683751341,105.673565557775,25
464.399,1257.19250843329,-23.6135382848918,-23.6135382848918,16.3945136602939,105.682547739817,25
464.499,1257.1925084333,-23.6135382849131,-23.6135382849131,16.3945136602968,105.691530801609,25
464.59901,1257.16370051441,-23.6717190843708,-23.6717190843708,16.3381683751312,105.700514743253,25
464.699,1257.1925084333,-23.6135382849128,-23.6135382849128,16.3945136602968,105.709489968645,25
464.79901,1257.16370051441,-23.6717190843705,-23.6717190843705,16.3381683751313,105.718469273656,25
464.899,1257.1925084333,-23.6135382849125,-23.6135382849125,16.3945136602967,105.727439864272,25
464.999,1257.19250843328,-23.6135382848908,-23.6135382848908,16.3945136602937,105.736411336804,25
465.09901,1257.16370051442,-23.6717190843915,-23.6717190843915,16.3381683751339,105.745383691355,25
465.199,1257.19250843328,-23.6135382848905,-23.6135382848905,16.3945136602936,105.754347334293,25
465.29901,1257.16370051442,-23.6717190843911,-23.6717190843911,16.3381683751339,105.763315058192,25
465.399,1257.19250843328,-23.6135382848903,-23.6135382848903,16.3945136602936,105.772274072336,25
465.499,1257.19250843329,-23.6135382849114,-23.6135382849114,16.3945136602966,105.781233970559,25
465.59901,1257.1637005144,-23.6717190843693,-23.6717190843693,16.338168375131,105.790194752964,25
465.699,1257.19250843329,-23.6135382849112,-23.6135382849112,16.3945136602966,105.799146828395,25
465.79901,1257.1637005144,-23.6717190843689,-23.6717190843689,16.3381683751309,105.808102986123,25
465.899,1257.19250843329,-23.6135382849108,-23.6135382849108,16.3945136602965,105.817050438729,25
465.999,1257.19250843327,-23.6135382848893,-23.6135382848893,16.3945136602935,105.825998777576,25
466.09901,1257.16370051441,-23.67171908439,-23.67171908439,16.3381683751338,105.834948002765,25
466.199,1257.19250843327,-23.6135382848891,-23.6135382848891,16.3945136602934,105.843888525609,25
466.29901,1257.16370051441,-23.6717190843897,-23.6717190843897,16.3381683751337,105.852833132088,25
466.399,1257.19250843327,-23.6135382848887,-23.6135382848887,16.3945136602934,105.861769038072,25
466.499,1257.19250843328,-23.61353828491,-23.61353828491,16.3945136602964,105.870705832455,25
466.59901,1257.16370051439,-23.6717190843678,-23.6717190843678,16.3381683751308,105.879643515338,25
466.699,1257.19250843328,-23.6135382849097,-23.6135382849097,16.3945136602964,105.888572500501,25
466.79901,1257.16370051439,-23.6717190843675,-23.6717190843675,16.3381683751308,105.897505570632,25
466.899,1257.19250843328,-23.6135382849095,-23.6135382849095,16.3945136602964,105.906429944891,25
466.999,1257.19250843326,-23.6135382848879,-23.6135382848879,16.3945136602933,105.915355209704,25
467.09901,1257.1637005144,-23.6717190843886,-23.6717190843886,16.3381683751336,105.924281365173,25
467.199,1257.19250843326,-23.6135382848875,-23.6135382848875,16.3945136602933,105.93319882754,25
467.29901,1257.1637005144,-23.6717190843883,-23.6717190843883,16.3381683751335,105.942120376209,25
467.399,1257.19250843326,-23.6135382848871,-23.6135382848871,16.3945136602933,105.951033233621,25
467.499,1257.19250843327,-23.6135382849085,-23.6135382849085,16.3945136602962,105.959946983739,25
467.59901,1257.16370051438,-23.6717190843663,-23.6717190843663,16.3381683751308,105.968861626665,25
467.699,1257.19250843327,-23.6135382849083,-23.6135382849083,16.3945136602962,105.977767581101,25
467.79901,1257.16370051438,-23.6717190843659,-23.6717190843659,16.3381683751307,105.98667762317,25
467.899,1257.19250843327,-23.6135382849079,-23.6135382849079,16.3945136602962,105.995578978592,25
467.999,1257.19250843325,-23.6135382848864,-23.6135382848864,16.3945136602933,106.004481228871,25
468.09901,1257.16370051439,-23.6717190843871,-23.6717190843871,16.3381683751334,106.013384374107,25
468.199,1257.19250843325,-23.613538284886,-23.613538284886,16.3945136602932,106.02227883546,25
468.29901,1257.16370051439,-23.6717190843868,-23.6717190843868,16.3381683751333,106.031177385775,25
468.399,1257.19250843325,-23.6135382848857,-23.6135382848857,16.3945136602932,106.040067254047,25
468.499,1257.19250843326,-23.613538284907,-23.613538284907,16.3945136602959,106.048958019322,25
468.59901,1257.16370051437,-23.6717190843646,-23.6717190843646,16.3381683751305,106.057849681701,25
468.699,1257.19250843326,-23.6135382849066,-23.6135382849066,16.3945136602958,106.066732664797,25
468.79901,1257.16370051437,-23.6717190843644,-23.6717190843644,16.3381683751305,106.075619738182,25
468.899,1257.19250843326,-23.6135382849064,-23.6135382849064,16.3945136602958,106.084498134123,25
468.999,1257.19250843324,-23.6135382848848,-23.6135382848848,16.3945136602929,106.093377429211,25
469.09901,1257.16370051439,-23.6717190843856,-23.6717190843856,16.3381683751331,106.102257623547,25
469.199,1257.19250843324,-23.6135382848845,-23.6135382848845,16.3945136602929,106.111129143196,25
469.29901,1257.16370051438,-23.6717190843853,-23.6717190843853,16.3381683751331,106.120004754458,25
469.399,1257.19250843324,-23.6135382848843,-23.6135382848843,16.3945136602929,106.12887169287,25
469.499,1257.19250843325,-23.6135382849056,-23.6135382849056,16.3945136602958,106.137739532568,25
469.59901,1257.16370051436,-23.6717190843634,-23.6717190843634,16.3381683751303,106.146608273656,25
469.699,1257.19250843325,-23.6135382849052,-23.6135382849052,16.3945136602957,106.155468344646,25
469.79901,1257.16370051436,-23.671719084363,-23.671719084363,16.3381683751303,106.164332508575,25
469.899,1257.19250843325,-23.6135382849048,-23.6135382849048,16.3945136602957,106.173188004237,25
469.999,1257.19250843323,-23.6135382848834,-23.6135382848834,16.3945136602928,106.182044403327,25
470.09901,1257.16370051438,-23.6717190843841,-23.6717190843841,16.3381683751331,106.190901705945,25
470.199,1257.19250843323,-23.613538284883,-23.613538284883,16.3945136602928,106.199750343047,25
470.29901,1257.16370051437,-23.6717190843838,-23.6717190843838,16.3381683751331,106.208603074409,25
470.399,1257.19250843323,-23.6135382848827,-23.6135382848827,16.3945136602927,106.217447142086,25
470.499,1257.19250843325,-23.613538284904,-23.613538284904,16.3945136602957,106.226292115326,25
470.59901,1257.16370051436,-23.6717190843617,-23.6717190843617,16.3381683751301,106.235137994229,25
470.699,1257.19250843324,-23.6135382849038,-23.6135382849038,16.3945136602957,106.243975212194,25
470.79901,1257.16370051435,-23.6717190843614,-23.6717190843614,16.33816837513,106.25281652574,25
470.899,1257.19250843324,-23.6135382849034,-23.6135382849034,16.3945136602956,106.261649180176,25
470.999,1257.19250843322,-23.6135382848817,-23.6135382848817,16.3945136602925,106.270482742306,25
471.09901,1257.16370051437,-23.6717190843826,-23.6717190843826,16.3381683751329,106.279317212234,25
471.199,1257.19250843322,-23.6135382848814,-23.6135382848814,16.3945136602925,106.288143025793,25
471.29901,1257.16370051436,-23.6717190843823,-23.6717190843823,16.3381683751329,106.296972936253,25
471.399,1257.19250843322,-23.6135382848811,-23.6135382848811,16.3945136602924,106.30579419217,25
471.499,1257.19250843324,-23.6135382849025,-23.6135382849025,16.3945136602953,106.314616357913,25
471.59901,1257.16370051435,-23.6717190843601,-23.6717190843601,16.3381683751298,106.323439433583,25
471.699,1257.19250843323,-23.6135382849021,-23.6135382849021,16.3945136602954,106.33225385745,25
471.79901,1257.16370051434,-23.6717190843599,-23.6717190843599,16.3381683751297,106.341072379535,25
471.899,1257.19250843323,-23.6135382849018,-23.6135382849018,16.3945136602953,106.34988225164,25
471.999,1257.19250843322,-23.6135382848802,-23.6135382848802,16.3945136602922,106.358693035699,25
472.09901,1257.16370051436,-23.6717190843809,-23.6717190843809,16.3381683751327,106.367504731812,25
472.199,1257.19250843321,-23.6135382848798,-23.6135382848798,16.3945136602922,106.376307780681,25
472.29901,1257.16370051435,-23.6717190843806,-23.6717190843806,16.3381683751326,106.385114929083,25
472.399,1257.19250843321,-23.6135382848794,-23.6135382848794,16.3945136602922,106.393913432063,25
472.499,1257.19250843323,-23.6135382849008,-23.6135382849008,16.3945136602952,106.402712849119,25
472.59901,1257.16370051434,-23.6717190843586,-23.6717190843586,16.3381683751296,106.411513180357,25
472.699,1257.19250843322,-23.6135382849006,-23.6135382849006,16.3945136602951,106.420304868903,25
472.79901,1257.16370051433,-23.6717190843583,-23.6717190843583,16.3381683751295,106.429100658296,25
472.899,1257.19250843322,-23.6135382849002,-23.6135382849002,16.3945136602951,106.437887806818,25
472.999,1257.1925084332,-23.6135382848787,-23.6135382848787,16.394513660292,106.44667587154,25
473.09901,1257.16370051434,-23.6717190843792,-23.6717190843792,16.3381683751325,106.455464852564,25
473.199,1257.1925084332,-23.6135382848783,-23.6135382848783,16.394513660292,106.464245195443,25
473.29901,1257.16370051434,-23.6717190843788,-23.6717190843788,16.3381683751324,106.473029640482,25
473.399,1257.1925084332,-23.6135382848781,-23.6135382848781,16.3945136602919,106.481805449194,25
473.499,1257.19250843321,-23.6135382848992,-23.6135382848992,16.3945136602951,106.490582176225,25
473.59901,1257.16370051433,-23.6717190843572,-23.6717190843572,16.3381683751295,106.499359821678,25
473.699,1257.19250843321,-23.6135382848989,-23.6135382848989,16.394513660295,106.508128833528,25
473.79901,1257.16370051432,-23.6717190843568,-23.6717190843568,16.3381683751294,106.516901948847,25
473.899,1257.19250843321,-23.6135382848986,-23.6135382848986,16.394513660295,106.52566643238,25
473.999,1257.1925084332,-23.6135382848771,-23.6135382848771,16.3945136602918,106.534431836349,25
474.09901,1257.16370051433,-23.6717190843777,-23.6717190843777,16.3381683751324,106.543198160855,25
474.199,1257.19250843319,-23.6135382848768,-23.6135382848768,16.3945136602918,106.551955856294,25
474.29901,1257.16370051433,-23.6717190843776,-23.6717190843776,16.3381683751323,106.560717656511,25
474.399,1257.19250843319,-23.6135382848765,-23.6135382848765,16.3945136602918,106.569470829475,25
474.499,1257.19250843321,-23.6135382848979,-23.6135382848979,16.3945136602949,106.578224924989,25
474.59901,1257.16370051432,-23.6717190843555,-23.6717190843555,16.3381683751293,106.586979943153,25
474.699,1257.1925084332,-23.6135382848977,-23.6135382848977,16.3945136602949,106.59572633678,25
474.79901,1257.16370051431,-23.6717190843552,-23.6717190843552,16.3381683751293,106.604476836494,25
474.899,1257.1925084332,-23.6135382848973,-23.6135382848973,16.3945136602948,106.613218713482,25
474.999,1257.19250843318,-23.6135382848756,-23.6135382848756,16.3945136602918,106.621961515131,25
475.09901,1257.16370051433,-23.6717190843765,-23.6717190843765,16.3381683751322,106.63070524154,25
475.199,1257.19250843318,-23.6135382848754,-23.6135382848754,16.3945136602917,106.639440347938,25
475.29901,1257.16370051432,-23.6717190843761,-23.6717190843761,16.3381683751321,106.648179561726,25
475.399,1257.19250843318,-23.6135382848751,-23.6135382848751,16.3945136602918,106.656910157309,25
475.499,1257.19250843319,-23.6135382848965,-23.6135382848965,16.3945136602948,106.665641679663,25
475.59901,1257.1637005143,-23.6717190843542,-23.6717190843542,16.3381683751293,106.674374128886,25
475.699,1257.19250843319,-23.6135382848962,-23.6135382848962,16.3945136602947,106.683097962615,25
475.79901,1257.1637005143,-23.6717190843539,-23.6717190843539,16.3381683751292,106.691825905038,25
475.899,1257.19250843319,-23.613538284896,-23.613538284896,16.3945136602948,106.700545233772,25
475.999,1257.19250843317,-23.6135382848744,-23.6135382848744,16.3945136602917,106.709265491382,25
476.09901,1257.16370051431,-23.6717190843751,-23.6717190843751,16.3381683751321,106.717986677968,25
476.199,1257.19250843317,-23.6135382848741,-23.6135382848741,16.3945136602917,106.726699253571,25
476.29901,1257.16370051431,-23.6717190843748,-23.6717190843748,16.338168375132,106.735415939171,25
476.399,1257.19250843317,-23.6135382848739,-23.6135382848739,16.3945136602916,106.744124015592,25
476.499,1257.19250843318,-23.6135382848951,-23.6135382848951,16.3945136602946,106.752833022992,25
476.59901,1257.16370051429,-23.6717190843529,-23.6717190843529,16.3381683751291,106.761542961469,25
476.699,1257.19250843318,-23.6135382848947,-23.6135382848947,16.3945136602946,106.770244293471,25
476.79901,1257.16370051429,-23.6717190843526,-23.6717190843526,16.338168375129,106.778949736771,25
476.899,1257.19250843318,-23.6135382848945,-23.6135382848945,16.3945136602945,106.787646575395,25
476.999,1257.19250843316,-23.6135382848729,-23.6135382848729,16.3945136602914,106.796344347098,25
477.09901,1257.1637005143,-23.6717190843736,-23.6717190843736,16.338168375132,106.805043051979,25
477.199,1257.19250843316,-23.6135382848726,-23.6135382848726,16.3945136602914,106.813733154886,25
477.29901,1257.1637005143,-23.6717190843733,-23.6717190843733,16.338168375132,106.822427370388,25
477.399,1257.19250843316,-23.6135382848723,-23.6135382848723,16.3945136602914,106.831112985714,25
477.499,1257.19250843317,-23.6135382848937,-23.6135382848937,16.3945136602946,106.839799536216,25
477.59901,1257.16370051428,-23.6717190843513,-23.6717190843513,16.338168375129,106.848487021994,25
477.699,1257.19250843317,-23.6135382848935,-23.6135382848935,16.3945136602946,106.857165910291,25
477.79901,1257.16370051428,-23.671719084351,-23.671719084351,16.3381683751289,106.865848912481,25
477.899,1257.19250843317,-23.6135382848931,-23.6135382848931,16.3945136602944,106.874523318987,25
477.999,1257.19250843315,-23.6135382848713,-23.6135382848713,16.3945136602914,106.883198662765,25
478.09901,1257.16370051429,-23.6717190843722,-23.6717190843722,16.3381683751318,106.891874943913,25
478.199,1257.19250843315,-23.6135382848711,-23.6135382848711,16.3945136602913,106.90054263207,25
478.29901,1257.16370051429,-23.671719084372,-23.671719084372,16.3381683751317,106.909214435417,25
478.399,1257.19250843315,-23.6135382848708,-23.6135382848708,16.3945136602913,106.917877647565,25
478.499,1257.19250843316,-23.6135382848922,-23.6135382848922,16.3945136602942,106.926541799076,25
478.59901,1257.16370051427,-23.6717190843498,-23.6717190843498,16.3381683751288,106.935206890051,25
478.699,1257.19250843316,-23.613538284892,-23.613538284892,16.3945136602941,106.943863392517,25
478.79901,1257.16370051427,-23.6717190843496,-23.6717190843496,16.3381683751288,106.952524011465,25
478.899,1257.19250843316,-23.6135382848917,-23.6135382848917,16.3945136602941,106.961176043697,25
478.999,1257.19250843314,-23.61353828487,-23.61353828487,16.3945136602911,106.969829017382,25
479.09901,1257.16370051428,-23.6717190843707,-23.6717190843707,16.3381683751316,106.978482932619,25
479.199,1257.19250843314,-23.6135382848697,-23.6135382848697,16.3945136602911,106.987128263826,25
479.29901,1257.16370051428,-23.6717190843705,-23.6717190843705,16.3381683751315,106.995777712806,25
479.399,1257.19250843314,-23.6135382848694,-23.6135382848694,16.3945136602911,107.004418579545,25
479.499,1257.19250843315,-23.6135382848908,-23.6135382848908,16.3945136602941,107.013060389823,25
479.59901,1257.16370051426,-23.6717190843484,-23.6717190843484,16.3381683751286,107.021703143741,25
479.699,1257.19250843315,-23.6135382848904,-23.6135382848904,16.394513660294,107.0303373181,25
479.79901,1257.16370051426,-23.6717190843482,-23.6717190843482,16.3381683751286,107.038975611523,25
479.899,1257.19250843315,-23.6135382848901,-23.6135382848901,16.394513660294,107.047605327175,25
479.999,1257.19250843313,-23.6135382848687,-23.6135382848687,16.394513660291,107.05623598845,25
480.09901,1257.16370051427,-23.6717190843692,-23.6717190843692,16.3381683751313,107.064867595448,25
480.199,1257.19250843313,-23.6135382848683,-23.6135382848683,16.3945136602909,107.073490627354,25
480.29901,1257.16370051427,-23.6717190843689,-23.6717190843689,16.3381683751313,107.082117779613,25
480.399,1257.19250843313,-23.6135382848681,-23.6135382848681,16.3945136602909,107.090736358563,25
480.499,1257.19250843314,-23.6135382848892,-23.6135382848892,16.3945136602939,107.099355885218,25
480.59901,1257.16370051426,-23.6717190843471,-23.6717190843471,16.3381683751283,107.107976359676,25
480.699,1257.19250843314,-23.6135382848889,-23.6135382848889,16.3945136602937,107.116588263503,25
480.79901,1257.16370051425,-23.6717190843466,-23.6717190843466,16.3381683751282,107.125204288969,25
480.899,1257.19250843314,-23.6135382848887,-23.6135382848887,16.3945136602937,107.133811745585,25
480.999,1257.19250843313,-23.6135382848671,-23.6135382848671,16.3945136602907,107.142420151985,25
481.09901,1257.16370051427,-23.6717190843678,-23.6717190843678,16.3381683751311,107.151029508268,25
481.199,1257.19250843312,-23.6135382848668,-23.6135382848668,16.3945136602907,107.159630298373,25
481.29901,1257.16370051427,-23.6717190843675,-23.6717190843675,16.3381683751311,107.168235211402,25
481.399,1257.19250843312,-23.6135382848664,-23.6135382848664,16.3945136602906,107.176831560034,25
481.499,1257.19250843314,-23.6135382848878,-23.6135382848878,16.3945136602936,107.185428860526,25
481.59901,1257.16370051425,-23.6717190843453,-23.6717190843453,16.3381683751281,107.194027112975,25
481.699,1257.19250843314,-23.6135382848875,-23.6135382848875,16.3945136602936,107.202616803695,25
481.79901,1257.16370051425,-23.6717190843451,-23.6717190843451,16.3381683751281,107.211210618624,25
481.899,1257.19250843313,-23.6135382848873,-23.6135382848873,16.3945136602935,107.219795873602,25
481.999,1257.19250843312,-23.6135382848655,-23.6135382848655,16.3945136602905,107.228382082512,25
482.09901,1257.16370051426,-23.6717190843663,-23.6717190843663,16.3381683751309,107.236969245456,25
482.199,1257.19250843311,-23.6135382848652,-23.6135382848652,16.3945136602905,107.245547851113,25
482.29901,1257.16370051426,-23.6717190843661,-23.6717190843661,16.3381683751309,107.254130582259,25
482.399,1257.19250843311,-23.6135382848649,-23.6135382848649,16.3945136602905,107.262704757894,25
482.499,1257.19250843313,-23.6135382848864,-23.6135382848864,16.3945136602935,107.271279889533,25
482.59901,1257.16370051424,-23.671719084344,-23.671719084344,16.338168375128,107.279855977275,25
482.699,1257.19250843313,-23.6135382848861,-23.6135382848861,16.3945136602934,107.288423512169,25
482.79901,1257.16370051424,-23.6717190843437,-23.6717190843437,16.3381683751279,107.296995173832,25
482.899,1257.19250843313,-23.6135382848858,-23.6135382848858,16.3945136602933,107.30555828442,25
482.999,1257.19250843311,-23.613538284864,-23.613538284864,16.3945136602903,107.314122353079,25
483.09901,1257.16370051425,-23.6717190843648,-23.6717190843648,16.3381683751306,107.322687379909,25
483.199,1257.19250843311,-23.6135382848637,-23.6135382848637,16.3945136602903,107.331243858321,25
483.29901,1257.16370051425,-23.6717190843645,-23.6717190843645,16.3381683751306,107.339804464782,25
483.399,1257.19250843311,-23.6135382848635,-23.6135382848635,16.3945136602902,107.348356524597,25
483.499,1257.19250843312,-23.6135382848848,-23.6135382848848,16.3945136602932,107.356909544549,25
483.59901,1257.16370051423,-23.6717190843425,-23.6717190843425,16.3381683751279,107.365463524737,25
483.699,1257.19250843312,-23.6135382848845,-23.6135382848845,16.3945136602931,107.374008960933,25
483.79901,1257.16370051423,-23.6717190843423,-23.6717190843423,16.3381683751278,107.382558526454,25
483.899,1257.19250843312,-23.6135382848842,-23.6135382848842,16.3945136602931,107.391099549753,25
483.999,1257.1925084331,-23.6135382848628,-23.6135382848628,16.3945136602901,107.399641535252,25
484.09901,1257.16370051424,-23.6717190843633,-23.6717190843633,16.3381683751306,107.408184483049,25
484.199,1257.1925084331,-23.6135382848624,-23.6135382848624,16.3945136602901,107.416718891274,25
484.29901,1257.16370051424,-23.6717190843631,-23.6717190843631,16.3381683751305,107.4252574301,25
484.399,1257.1925084331,-23.6135382848621,-23.6135382848621,16.3945136602901,107.433787431121,25
484.499,1257.19250843311,-23.6135382848833,-23.6135382848833,16.3945136602929,107.442318396402,25
484.59901,1257.16370051422,-23.6717190843411,-23.6717190843411,16.3381683751276,107.450850326041,25
484.699,1257.19250843311,-23.613538284883,-23.613538284883,16.3945136602929,107.459373720522,25
484.79901,1257.16370051422,-23.6717190843408,-23.6717190843408,16.3381683751275,107.467901246879,25
484.899,1257.19250843311,-23.6135382848826,-23.6135382848826,16.3945136602929,107.476420239843,25
484.999,1257.19250843309,-23.6135382848611,-23.6135382848611,16.3945136602898,107.484940199124,25
485.09901,1257.16370051423,-23.6717190843616,-23.6717190843616,16.3381683751302,107.493461124821,25
485.199,1257.19250843309,-23.6135382848607,-23.6135382848607,16.3945136602897,107.501973519769,25
485.29901,1257.16370051423,-23.6717190843613,-23.6717190843613,16.3381683751302,107.510490047866,25
485.399,1257.19250843309,-23.6135382848604,-23.6135382848604,16.3945136602896,107.518998046974,25
485.499,1257.1925084331,-23.6135382848817,-23.6135382848817,16.3945136602926,107.527507014455,25
485.59901,1257.16370051422,-23.6717190843394,-23.6717190843394,16.3381683751273,107.536016950405,25
485.699,1257.1925084331,-23.6135382848814,-23.6135382848814,16.3945136602926,107.544518360009,25
485.79901,1257.16370051421,-23.6717190843391,-23.6717190843391,16.3381683751273,107.553023904031,25
485.899,1257.1925084331,-23.6135382848811,-23.6135382848811,16.3945136602925,107.561520923467,25
485.999,1257.19250843308,-23.6135382848595,-23.6135382848595,16.3945136602897,107.570018913328,25
486.09901,1257.16370051422,-23.6717190843602,-23.6717190843602,16.3381683751301,107.578517873709,25
486.199,1257.19250843308,-23.6135382848593,-23.6135382848593,16.3945136602896,107.587008312142,25
486.29901,1257.16370051422,-23.6717190843599,-23.6717190843599,16.3381683751301,107.595502886263,25
486.399,1257.19250843308,-23.6135382848591,-23.6135382848591,16.3945136602896,107.603988940192,25
486.499,1257.19250843309,-23.6135382848802,-23.6135382848802,16.3945136602925,107.612475966594,25
486.59901,1257.1637005142,-23.6717190843381,-23.6717190843381,16.3381683751271,107.620963965568,25
486.699,1257.19250843309,-23.6135382848798,-23.6135382848798,16.3945136602925,107.629443446985,25
486.79901,1257.1637005142,-23.6717190843378,-23.6717190843378,16.3381683751271,107.637927065356,25
486.899,1257.19250843309,-23.6135382848797,-23.6135382848797,16.3945136602925,107.646402167925,25
486.999,1257.19250843307,-23.6135382848582,-23.6135382848582,16.3945136602895,107.654878245014,25
487.09901,1257.16370051421,-23.6717190843588,-23.6717190843588,16.33816837513,107.66335529672,25
487.199,1257.19250843307,-23.6135382848579,-23.6135382848579,16.3945136602895,107.671823835255,25
487.29901,1257.16370051421,-23.6717190843584,-23.6717190843584,16.3381683751301,107.680296512011,25
487.399,1257.19250843307,-23.6135382848575,-23.6135382848575,16.3945136602895,107.688760677348,25
487.499,1257.19250843308,-23.6135382848788,-23.6135382848788,16.3945136602925,107.697225819249,25
487.59901,1257.16370051419,-23.6717190843365,-23.6717190843365,16.338168375127,107.705691937812,25
487.699,1257.19250843308,-23.6135382848784,-23.6135382848784,16.3945136602925,107.714149547584,25
487.79901,1257.16370051419,-23.6717190843362,-23.6717190843362,16.338168375127,107.722611296841,25
487.899,1257.19250843308,-23.6135382848781,-23.6135382848781,16.3945136602924,107.731064539057,25
487.999,1257.19250843306,-23.6135382848566,-23.6135382848566,16.3945136602892,107.739518759879,25
488.09901,1257.1637005142,-23.6717190843571,-23.6717190843571,16.3381683751299,107.747973959405,25
488.199,1257.19250843306,-23.6135382848562,-23.6135382848562,16.3945136602892,107.756420654514,25
488.29901,1257.1637005142,-23.6717190843569,-23.6717190843569,16.3381683751298,107.764871490368,25
488.399,1257.19250843306,-23.613538284856,-23.613538284856,16.3945136602892,107.773313823555,25
488.499,1257.19250843307,-23.6135382848774,-23.6135382848774,16.3945136602923,107.781757137387,25
488.59901,1257.16370051418,-23.671719084335,-23.671719084335,16.3381683751268,107.79020143196,25
488.699,1257.19250843307,-23.613538284877,-23.613538284877,16.3945136602922,107.798637226487,25
488.79901,1257.16370051418,-23.6717190843347,-23.6717190843347,16.3381683751269,107.807077163021,25
488.899,1257.19250843307,-23.6135382848768,-23.6135382848768,16.3945136602922,107.815508601253,25
488.999,1257.19250843305,-23.6135382848551,-23.6135382848551,16.3945136602893,107.823941022165,25
489.09901,1257.16370051419,-23.6717190843558,-23.6717190843558,16.3381683751298,107.832374425856,25
489.199,1257.19250843305,-23.6135382848549,-23.6135382848549,16.3945136602893,107.840799333863,25
489.29901,1257.16370051419,-23.6717190843556,-23.6717190843556,16.3381683751298,107.849228385136,25
489.399,1257.19250843305,-23.6135382848546,-23.6135382848546,16.3945136602892,107.857648942469,25
489.499,1257.19250843306,-23.6135382848758,-23.6135382848758,16.3945136602922,107.866070484517,25
489.59901,1257.16370051417,-23.6717190843336,-23.6717190843336,16.3381683751268,107.874493011375,25
489.699,1257.19250843306,-23.6135382848755,-23.6135382848755,16.3945136602921,107.882907046908,25
489.79901,1257.16370051417,-23.6717190843333,-23.6717190843333,16.3381683751268,107.891325226964,25
489.899,1257.19250843306,-23.6135382848752,-23.6135382848752,16.3945136602921,107.899734917435,25
489.999,1257.19250843304,-23.6135382848536,-23.6135382848536,16.394513660289,107.908145594651,25
490.09901,1257.16370051418,-23.6717190843543,-23.6717190843543,16.3381683751296,107.91655725871,25
490.199,1257.19250843304,-23.6135382848533,-23.6135382848533,16.394513660289,107.924960435796,25
490.29901,1257.16370051418,-23.671719084354,-23.671719084354,16.3381683751295,107.93336775866,25
490.399,1257.19250843304,-23.613538284853,-23.613538284853,16.394513660289,107.941766596289,25
490.499,1257.19250843305,-23.6135382848743,-23.6135382848743,16.3945136602919,107.950166422692,25
490.59901,1257.16370051416,-23.671719084332,-23.671719084332,16.3381683751266,107.958567237966,25
490.699,1257.19250843305,-23.613538284874,-23.613538284874,16.3945136602918,107.966959570612,25
490.79901,1257.16370051416,-23.6717190843317,-23.6717190843317,16.3381683751266,107.975356050292,25
490.899,1257.19250843305,-23.6135382848738,-23.6135382848738,16.3945136602918,107.983744049081,25
490.999,1257.19250843303,-23.6135382848521,-23.6135382848521,16.3945136602889,107.99213303867,25
491.09901,1257.16370051417,-23.6717190843529,-23.6717190843529,16.3381683751293,108.000523019155,25
491.199,1257.19250843303,-23.6135382848517,-23.6135382848517,16.3945136602889,108.008904521353,25
491.29901,1257.16370051417,-23.6717190843525,-23.6717190843525,16.3381683751293,108.017290171837,25
491.399,1257.19250843303,-23.6135382848515,-23.6135382848515,16.3945136602888,108.025667345769,25
491.499,1257.19250843304,-23.6135382848729,-23.6135382848729,16.3945136602918,108.034045512524,25
491.59901,1257.16370051415,-23.6717190843304,-23.6717190843304,16.3381683751265,108.042424672198,25
491.699,1257.19250843304,-23.6135382848726,-23.6135382848726,16.3945136602917,108.050795357921,25
491.79901,1257.16370051415,-23.6717190843302,-23.6717190843302,16.3381683751265,108.059170193179,25
491.899,1257.19250843304,-23.6135382848723,-23.6135382848723,16.3945136602917,108.067536556221,25
491.999,1257.19250843302,-23.6135382848506,-23.6135382848506,16.3945136602888,108.075903914104,25
492.09901,1257.16370051416,-23.6717190843513,-23.6717190843513,16.3381683751292,108.084272266927,25
492.199,1257.19250843302,-23.6135382848503,-23.6135382848503,16.3945136602887,108.092632150128,25
492.29901,1257.16370051416,-23.6717190843509,-23.6717190843509,16.3381683751292,108.100996184115,25
492.399,1257.19250843301,-23.6135382848499,-23.6135382848499,16.3945136602887,108.109351750212,25
492.499,1257.19250843303,-23.6135382848711,-23.6135382848711,16.3945136602915,108.11770831317,25
492.59901,1257.16370051414,-23.6717190843289,-23.6717190843289,16.3381683751264,108.126065873084,25
492.699,1257.19250843303,-23.6135382848709,-23.6135382848709,16.3945136602915,108.134414967702,25
492.79901,1257.16370051414,-23.6717190843287,-23.6717190843287,16.3381683751265,108.142768214352,25
492.899,1257.19250843303,-23.6135382848706,-23.6135382848706,16.3945136602914,108.151112997434,25
492.999,1257.19250843301,-23.613538284849,-23.613538284849,16.3945136602887,108.159458779393,25
493.09901,1257.16370051415,-23.6717190843497,-23.6717190843497,16.338168375129,108.167805560323,25
493.199,1257.19250843301,-23.6135382848487,-23.6135382848487,16.3945136602886,108.176143880275,25
493.29901,1257.16370051415,-23.6717190843494,-23.6717190843494,16.338168375129,108.184486353507,25
493.399,1257.192508433,-23.6135382848485,-23.6135382848485,16.3945136602886,108.192820367486,25
493.499,1257.19250843302,-23.6135382848697,-23.6135382848697,16.3945136602913,108.201155382353,25
493.59901,1257.16370051413,-23.6717190843275,-23.6717190843275,16.3381683751263,108.209491398206,25
493.699,1257.19250843302,-23.6135382848694,-23.6135382848694,16.3945136602912,108.217818957392,25
493.79901,1257.16370051413,-23.6717190843272,-23.6717190843272,16.3381683751261,108.226150671103,25
493.899,1257.19250843302,-23.6135382848691,-23.6135382848691,16.3945136602912,108.234473929871,25
493.999,1257.192508433,-23.6135382848476,-23.6135382848476,16.3945136602884,108.242798191539,25
494.09901,1257.16370051414,-23.6717190843481,-23.6717190843481,16.3381683751287,108.251123456201,25
494.199,1257.192508433,-23.6135382848473,-23.6135382848473,16.3945136602883,108.259440268505,25
494.29901,1257.16370051414,-23.6717190843478,-23.6717190843478,16.3381683751287,108.267761236576,25
494.399,1257.19250843299,-23.6135382848469,-23.6135382848469,16.3945136602883,108.276073754011,25
494.499,1257.19250843301,-23.6135382848681,-23.6135382848681,16.3945136602911,108.284387276351,25
494.59901,1257.16370051412,-23.6717190843257,-23.6717190843257,16.3381683751258,108.292701803693,25
494.699,1257.19250843301,-23.6135382848678,-23.6135382848678,16.394513660291,108.30100788298,25
494.79901,1257.16370051412,-23.6717190843254,-23.6717190843254,16.3381683751259,108.309318119274,25
494.899,1257.19250843301,-23.6135382848675,-23.6135382848675,16.394513660291,108.317619909232,25
494.999,1257.19250843299,-23.6135382848458,-23.6135382848458,16.3945136602882,108.325922706101,25
495.09901,1257.16370051413,-23.6717190843465,-23.6717190843465,16.3381683751286,108.334226509977,25
495.199,1257.19250843299,-23.6135382848456,-23.6135382848456,16.3945136602881,108.342521870094,25
495.29901,1257.16370051413,-23.6717190843461,-23.6717190843461,16.3381683751286,108.350821388457,25
495.399,1257.19250843299,-23.6135382848452,-23.6135382848452,16.394513660288,108.359112464778,25
495.499,1257.192508433,-23.6135382848666,-23.6135382848666,16.3945136602909,108.367404550012,25
495.59901,1257.16370051411,-23.6717190843242,-23.6717190843242,16.3381683751256,108.375697644257,25
495.699,1257.192508433,-23.6135382848663,-23.6135382848663,16.3945136602909,108.38398229903,25
495.79901,1257.16370051411,-23.6717190843239,-23.6717190843239,16.3381683751256,108.392271113291,25
495.899,1257.192508433,-23.6135382848659,-23.6135382848659,16.3945136602909,108.400551489797,25
495.999,1257.19250843298,-23.6135382848444,-23.6135382848444,16.3945136602878,108.408832877216,25
496.09901,1257.16370051412,-23.671719084345,-23.671719084345,16.3381683751284,108.417115275644,25
496.199,1257.19250843298,-23.6135382848441,-23.6135382848441,16.3945136602878,108.425389238889,25
496.29901,1257.16370051412,-23.6717190843448,-23.6717190843448,16.3381683751284,108.433667362856,25
496.399,1257.19250843298,-23.6135382848437,-23.6135382848437,16.3945136602878,108.441937053351,25
496.499,1257.19250843299,-23.6135382848651,-23.6135382848651,16.3945136602907,108.450207756758,25
496.59901,1257.1637005141,-23.6717190843227,-23.6717190843227,16.3381683751255,108.458479473169,25
496.699,1257.19250843299,-23.6135382848649,-23.6135382848649,16.3945136602907,108.466742758677,25
496.79901,1257.1637005141,-23.6717190843224,-23.6717190843224,16.3381683751255,108.475010206141,25
496.899,1257.19250843299,-23.6135382848646,-23.6135382848646,16.3945136602907,108.483269224412,25
496.999,1257.19250843297,-23.6135382848428,-23.6135382848428,16.3945136602877,108.491529257587,25
497.09901,1257.16370051412,-23.6717190843437,-23.6717190843437,16.3381683751283,108.499790305763,25
497.199,1257.19250843297,-23.6135382848426,-23.6135382848426,16.3945136602877,108.508042927308,25
497.29901,1257.16370051411,-23.6717190843433,-23.6717190843433,16.3381683751282,108.516299712045,25
497.399,1257.19250843297,-23.6135382848422,-23.6135382848422,16.3945136602877,108.524548071859,25
497.499,1257.19250843299,-23.6135382848637,-23.6135382848637,16.3945136602906,108.532797448571,25
497.59901,1257.16370051409,-23.6717190843212,-23.6717190843212,16.3381683751254,108.541047842275,25
497.699,1257.19250843298,-23.6135382848633,-23.6135382848633,16.3945136602904,108.549289813616,25
497.79901,1257.16370051409,-23.6717190843209,-23.6717190843209,16.3381683751253,108.557535949381,25
497.899,1257.19250843298,-23.613538284863,-23.613538284863,16.3945136602904,108.565773664489,25
497.999,1257.19250843296,-23.6135382848413,-23.6135382848413,16.3945136602874,108.574012398485,25
498.09901,1257.16370051411,-23.6717190843421,-23.6717190843421,16.338168375128,108.582252151462,25
498.199,1257.19250843296,-23.613538284841,-23.613538284841,16.3945136602874,108.590483486341,25
498.29901,1257.1637005141,-23.6717190843419,-23.6717190843419,16.3381683751279,108.598718986872,25
498.399,1257.19250843296,-23.6135382848408,-23.6135382848408,16.3945136602874,108.606946071009,25
498.499,1257.19250843298,-23.6135382848622,-23.6135382848622,16.3945136602903,108.615174176019,25
498.59901,1257.16370051409,-23.6717190843198,-23.6717190843198,16.3381683751251,108.623403301998,25
498.699,1257.19250843297,-23.6135382848619,-23.6135382848619,16.3945136602902,108.631624014135,25
498.79901,1257.16370051408,-23.6717190843195,-23.6717190843195,16.3381683751251,108.639848893154,25
498.899,1257.19250843297,-23.6135382848615,-23.6135382848615,16.3945136602903,108.648065360034,25
498.999,1257.19250843295,-23.61353828484,-23.61353828484,16.3945136602873,108.656282849772,25
499.09901,1257.1637005141,-23.6717190843406,-23.6717190843406,16.3381683751278,108.664501362461,25
499.199,1257.19250843295,-23.6135382848398,-23.6135382848398,16.3945136602872,108.672711465561,25
499.29901,1257.16370051409,-23.6717190843403,-23.6717190843403,16.3381683751278,108.680925736771,25
499.399,1257.19250843295,-23.6135382848394,-23.6135382848394,16.3945136602872,108.68913160009,25
499.499,1257.19250843297,-23.6135382848606,-23.6135382848606,16.3945136602901,108.69733848825,25
499.59901,1257.16370051408,-23.6717190843183,-23.6717190843183,16.3381683751249,108.705546401343,25
499.699,1257.19250843296,-23.6135382848602,-23.6135382848602,16.39451366029,108.713745909095,25
499.79901,1257.16370051408,-23.671719084318,-23.671719084318,16.3381683751247,108.72194958618,25
499.899,1257.19250843296,-23.6135382848598,-23.6135382848598,16.39451366029,108.730144859619,25
499.999,1257.19250843295,-23.6135382848384,-23.6135382848384,16.3945136602869,108.738341159878,25
