time,speed_rpm,current_main,current_aux,torque,temperature,ambient
0,0,0,0,-0,25,25
0.09901,1174.56335018093,-26.0877542436077,-31.075510113502,24.7667171564781,25.085417406798,25
0.19901,1254.8855795217,-21.4680266773537,-24.2457664492925,16.4257168615934,25.1203189725528,25
0.29901,1257.13546312887,-22.8749441781601,-23.7761612329726,16.3393553199569,25.1501640414438,25
0.39901,1257.16333100865,-26.0296717016816,-25.0535549310209,16.3381837610987,25.1799380155303,25
0.49901,1257.16369574014,-24.9102569762445,-19.7763743831731,16.3381685743299,25.2097034803535,25
0.59901,1257.16370045693,-26.7430003104071,-21.9567567129642,16.3381683777949,25.2394612503008,25
0.69901,1257.16370051808,-21.5001025877227,-23.0723165563683,16.3381683752505,25.2692113379036,25
0.79901,1257.16370051885,-23.2536726708064,-24.0915588816431,16.3381683752148,25.2989537452822,25
0.89901,1257.16370051888,-21.8840783554817,-24.2849410486291,16.338168375217,25.3286884744209,25
0.99901,1257.16370051886,-25.0719011737204,-22.2238191598397,16.3381683752142,25.3584155273017,25
1.09901,1257.16370051888,-19.3057317480346,-23.4187757910179,16.338168375217,25.3881349059062,25
1.19901,1257.16370051886,-19.3707517768658,-28.0734379977687,16.3381683752143,25.417846612216,25
1.29901,1257.16370051887,-23.9648539132039,-23.6247581109047,16.3381683752169,25.4475506482116,25
1.39901,1257.16370051886,-26.3007034143137,-21.7952162444134,16.3381683752142,25.477247015873,25
1.499,1257.19250843774,-25.2213979928644,-24.2195011956351,16.3945136603842,25.5069310426835,25
1.59901,1257.16370051886,-23.6381778536536,-28.2218524838952,16.3381683752142,25.5366167541115,25
1.69901,1257.16370051887,-23.812685617299,-21.5908087521769,16.3381683752169,25.5662901286462,25
1.79901,1257.16370051885,-25.2364457897079,-25.4524826367488,16.3381683752141,25.5959558427626,25
1.89901,1257.16370051887,-22.9474806735517,-26.4095072087809,16.3381683752168,25.6256138984379,25
1.999,1257.19250843772,-24.5794685958431,-26.1750880213042,16.3945136603811,25.6552596258823,25
2.099,1257.19250843774,-26.6404510792828,-25.2606136632961,16.394513660384,25.6849023711517,25
2.19901,1257.16370051885,-24.3461330596225,-21.1864690387382,16.3381683752139,25.714542134586,25
2.29901,1257.16370051886,-23.8250807103912,-23.6342373972649,16.3381683752168,25.7441695762632,25
2.39901,1257.16370051885,-21.3036401027016,-24.8377544003445,16.3381683752139,25.7737893693796,25
2.499,1257.19250843773,-25.5057602921092,-20.3476037189637,16.3945136603839,25.8033968468686,25
2.599,1257.19250843772,-23.3967659681063,-21.966271644996,16.3945136603808,25.8330013493315,25
2.69901,1257.16370051886,-23.0235760731943,-21.7226386113305,16.3381683752167,25.8626028771078,25
2.79901,1257.16370051884,-28.7220035594263,-27.1230518772691,16.3381683752138,25.892192095722,25
2.89901,1257.16370051886,-22.7154354148918,-24.0516121931605,16.3381683752167,25.9217736756433,25
2.999,1257.19250843772,-25.8768945355184,-18.9522500950283,16.3945136603808,25.9513429525242,25
3.099,1257.19250843773,-24.3840878330819,-21.5085267276386,16.3945136603838,25.9809092615188,25
3.19901,1257.16370051884,-17.8042204209259,-27.3241482421955,16.3381683752137,26.0104726029656,25
3.29901,1257.16370051885,-20.0284614895593,-25.2136304495126,16.3381683752167,26.0400236478292,25
3.39901,1257.16370051884,-21.7140421242465,-23.8879639967173,16.3381683752138,26.0695670638547,25
3.499,1257.19250843773,-23.9903801924419,-21.3683183472673,16.3945136603838,26.0990981894111,25
3.599,1257.19250843771,-25.6389228216156,-23.3660130317717,16.3945136603806,26.1286263542113,25
3.69901,1257.16370051885,-22.728746766148,-23.6940454809194,16.3381683752165,26.1581515585935,25
3.79901,1257.16370051883,-24.203880261914,-26.1384242070321,16.3381683752136,26.1876644789555,25
3.89901,1257.16370051885,-26.783763400328,-22.5920541867947,16.3381683752165,26.2171697803214,25
3.999,1257.19250843771,-23.6650083984315,-21.5432633946174,16.3945136603805,26.2466628037731,25
4.09901,1257.16370051885,-25.7549732020762,-24.0891781538623,16.3381683752164,26.276157533932,25
4.19901,1257.16370051883,-21.0473765010799,-21.7999069566269,16.3381683752135,26.3056399901093,25
4.299,1257.19250843772,-24.7095329450409,-21.4305743691673,16.3945136603836,26.3351101758973,25
4.39901,1257.16370051883,-22.0985695639639,-25.032743698111,16.3381683752135,26.3645820710338,25
4.49901,1257.16370051884,-24.9266471461569,-23.588985401224,16.3381683752164,26.3940416997106,25
4.59901,1257.16370051883,-23.5748796685945,-24.9753467076971,16.3381683752134,26.4234937231491,25
4.69901,1257.16370051884,-23.3046798270672,-20.8370074794286,16.3381683752164,26.4529381433124,25
4.79901,1257.16370051883,-24.4317824336571,-23.2502217077887,16.3381683752134,26.4823749621634,25
4.89901,1257.16370051884,-18.592206874779,-22.900021041179,16.3381683752164,26.5118041816646,25
4.99901,1257.16370051882,-21.7770191673498,-21.13395338929,16.3381683752133,26.5412258037779,25
5.09901,1257.16370051884,-20.8399385956347,-24.1618453979161,16.3381683752164,26.5706398304643,25
5.19901,1257.16370051882,-18.7064662112489,-18.771381854311,16.3381683752133,26.6000462636851,25
5.29901,1257.16370051884,-22.7539309922243,-23.4252426445415,16.3381683752163,26.6294451054002,25
5.39901,1257.16370051882,-21.1972712030312,-26.0163728730836,16.3381683752133,26.6588363575696,25
5.49901,1257.16370051884,-26.9190678683257,-22.1519875675686,16.3381683752162,26.6882200221524,25
5.59901,1257.16370051882,-25.9404335807778,-22.3836857168151,16.3381683752133,26.7175961011077,25
5.69901,1257.16370051883,-29.9895587830354,-25.1868728450184,16.3381683752161,26.7469645963937,25
5.79901,1257.16370051882,-25.571812899023,-21.4727926358515,16.3381683752132,26.776325509968,25
5.89901,1257.16370051883,-24.7393513642138,-18.8770032996688,16.3381683752162,26.8056788437882,25
5.99901,1257.16370051881,-25.4153342242469,-24.6607859118172,16.3381683752132,26.8350245998104,25
6.09901,1257.16370051883,-21.0330231952872,-20.1259865629312,16.3381683752161,26.8643627799917,25
6.19901,1257.16370051881,-25.6917453048358,-26.5926015175292,16.3381683752133,26.8936933862875,25
6.29901,1257.16370051883,-25.4678151700967,-24.3903932812462,16.338168375216,26.9230164206532,25
6.39901,1257.16370051881,-23.4397883134579,-25.6258614542612,16.3381683752133,26.9523318850433,25
6.49901,1257.16370051883,-25.6829226313428,-19.96147400771,16.338168375216,26.9816397814122,25
6.59901,1257.16370051881,-22.3444395308763,-22.0475515596047,16.3381683752133,27.0109401117134,25
6.69901,1257.16370051882,-24.4943060894403,-25.6780322699865,16.338168375216,27.0402328779004,25
6.79901,1257.1637005188,-20.4266632507971,-24.2808011717294,16.3381683752133,27.0695180819259,25
6.89901,1257.16370051882,-21.9175910076783,-22.0458173150378,16.3381683752159,27.0987957257421,25
6.99901,1257.1637005188,-25.3592294494637,-28.2823041710141,16.3381683752133,27.1280658113008,25
7.09901,1257.16370051882,-21.7668007312259,-22.1974245192816,16.3381683752159,27.1573283405531,25
7.19901,1257.1637005188,-21.3575109742712,-20.7865843657749,16.3381683752133,27.18658331545,25
7.29901,1257.16370051882,-21.4476006111462,-23.6415204303729,16.3381683752159,27.2158307379416,25
7.39901,1257.1637005188,-29.0284301959939,-16.0435091346447,16.3381683752132,27.2450706099773,25
7.49901,1257.16370051881,-24.8877007263714,-24.2615996109677,16.3381683752159,27.2743029335066,25
7.59901,1257.16370051879,-28.3811425988765,-21.7819826882056,16.3381683752131,27.3035277104783,25
7.69901,1257.16370051881,-19.6991717681804,-22.1045623002742,16.3381683752159,27.3327449428403,25
7.79901,1257.16370051879,-22.822627582091,-22.8862263947308,16.3381683752131,27.3619546325406,25
7.89901,1257.16370051881,-24.2714040286316,-29.8565218254729,16.3381683752159,27.3911567815263,25
7.99901,1257.16370051879,-26.3865527651856,-17.9797771484056,16.3381683752131,27.4203513917439,25
8.099,1257.19250843768,-25.268569839683,-24.2376355689795,16.3945136603829,27.4495338263882,25
8.19901,1257.16370051879,-25.1995945765902,-25.0220736908536,16.3381683752131,27.4787180036596,25
8.29901,1257.16370051881,-21.8208830879778,-28.0244218517546,16.3381683752157,27.5078900092484,25
8.39901,1257.16370051879,-22.9244887953795,-23.4631093068612,16.338168375213,27.5370544838509,25
8.499,1257.19250843768,-20.6041877689499,-23.5504628371504,16.3945136603828,27.5662067928069,25
8.599,1257.19250843766,-23.7894818051786,-21.3101776428653,16.39451366038,27.5953562118056,25
8.69901,1257.1637005188,-29.1247691309175,-21.788505794399,16.3381683752157,27.6245027411813,25
8.79901,1257.16370051878,-21.3387061093092,-26.3282204497617,16.338168375213,27.6536371112759,25
8.89901,1257.1637005188,-21.2487347472899,-20.2922239498739,16.3381683752157,27.6827639601004,25
8.999,1257.19250843765,-23.3028578454373,-25.4729151884207,16.3945136603799,27.7118786556717,25
9.099,1257.19250843767,-22.1918722036273,-21.6122992977943,16.3945136603827,27.7409904683157,25
9.19901,1257.16370051878,-23.6878497454221,-19.7277915962905,16.3381683752128,27.7700993983662,25
9.29901,1257.1637005188,-23.4632998471597,-23.5184943870553,16.3381683752155,27.7991961815214,25
9.39901,1257.16370051878,-23.9438809477598,-21.6271387456949,16.3381683752128,27.8282854531095,25
9.499,1257.19250843767,-26.8287225404661,-26.5246297910249,16.3945136603826,27.8573625838224,25
9.59901,1257.16370051878,-25.5341415002378,-24.0145476538349,16.3381683752127,27.8864414693411,25
9.69901,1257.16370051879,-29.2034222119151,-20.9083986040097,16.3381683752154,27.9155082178616,25
9.79901,1257.16370051877,-22.7063350069853,-23.9066365257753,16.3381683752126,27.9445674625685,25
9.89901,1257.16370051879,-25.1242587124371,-24.4196380095978,16.3381683752154,27.9736192053997,25
9.999,1257.19250843765,-23.5361803237473,-23.6739921018278,16.3945136603796,28.0026588197175,25
10.09901,1257.16370051879,-22.0049738875581,-19.900563684498,16.3381683752153,28.0317001931797,25
10.19901,1257.16370051877,-25.7185458721191,-24.9068261573935,16.3381683752125,28.0607294420006,25
10.29901,1257.16370051879,-24.3551086917664,-25.3531372243182,16.3381683752152,28.0897511966891,25
10.39901,1257.16370051877,-22.4579119730398,-22.8753770438723,16.3381683752124,28.1187654591797,25
10.499,1257.19250843766,-27.1497747228053,-22.496714083306,16.3945136603823,28.1477676055031,25
10.59901,1257.16370051877,-27.1107159549006,-27.3822429571493,16.3381683752125,28.1767715153043,25
10.69901,1257.16370051878,-25.565777142806,-25.3972028438737,16.3381683752153,28.2057633128049,25
10.79901,1257.16370051877,-27.5638443355459,-27.9602666969711,16.3381683752125,28.2347476258414,25
10.89901,1257.16370051878,-20.0883649551599,-25.1167270460601,16.3381683752152,28.263724456346,25
10.999,1257.19250843764,-21.8919804575646,-23.8430346426458,16.3945136603794,28.2926891830131,25
11.09901,1257.16370051878,-23.1774356579309,-21.6142338021442,16.3381683752152,28.3216556774858,25
11.19901,1257.16370051876,-21.101882955744,-22.6499871453467,16.3381683752123,28.3506100719831,25
11.29901,1257.16370051878,-22.1836538170407,-22.71335738302,16.3381683752151,28.379556991672,25
11.39901,1257.16370051876,-25.7408635370554,-25.0682293724171,16.3381683752123,28.4084964384824,25
11.499,1257.19250843765,-19.0848687274506,-20.1018384009173,16.3945136603822,28.4374237937695,25
11.59901,1257.16370051876,-23.4409623387137,-23.9823067577743,16.3381683752122,28.4663529211843,25
11.69901,1257.16370051878,-22.471618955379,-21.1518366384262,16.338168375215,28.4952699609324,25
11.79901,1257.16370051876,-21.245943388545,-23.3621556031555,16.3381683752122,28.524179535516,25
11.89901,1257.16370051877,-25.8682154380925,-27.2233133793161,16.3381683752151,28.5530816468619,25
11.999,1257.19250843763,-25.7132781375477,-22.962375094124,16.3945136603791,28.5819716789827,25
12.09901,1257.16370051877,-25.9991899433424,-24.6803435237764,16.3381683752149,28.6108634875475,25
12.19901,1257.16370051875,-23.7459983665317,-23.4818462403336,16.3381683752121,28.639743220739,25
12.29901,1257.16370051877,-21.6152157526871,-25.0996725279965,16.3381683752149,28.6686154983968,25
12.39901,1257.16370051875,-25.8372349462165,-20.6023393861406,16.3381683752121,28.6974803224456,25
12.499,1257.19250843764,-23.5324867911476,-28.0577650339306,16.394513660382,28.7263330795517,25
12.59901,1257.16370051875,-24.2641099332847,-22.5954409171865,16.3381683752121,28.7551876174123,25
12.69901,1257.16370051877,-26.1751559076212,-24.390424747808,16.3381683752149,28.7840300921772,25
12.79901,1257.16370051875,-25.710602300183,-22.8150883585053,16.3381683752121,28.812865121027,25
12.89901,1257.16370051876,-24.5086432269847,-21.4967318519012,16.3381683752149,28.841692705884,25
12.999,1257.19250843762,-21.6547780820557,-23.5516793835661,16.394513660379,28.8705082360645,25
13.09901,1257.16370051876,-24.5445986461698,-24.8702979497907,16.3381683752149,28.8993255513052,25
13.19901,1257.16370051874,-23.5259465830768,-24.5707287404053,16.338168375212,28.9281308157114,25
13.29901,1257.16370051876,-22.3507527960452,-28.2327322846455,16.3381683752149,28.9569286438086,25
13.39901,1257.16370051874,-24.089241571429,-24.9535754391717,16.338168375212,28.9857190375166,25
13.499,1257.19250843763,-21.1382695975192,-22.1277135503677,16.394513660382,29.0144973887987,25
13.59901,1257.16370051874,-21.2719202212726,-18.4215961837951,16.338168375212,29.043277529441,25
13.69901,1257.16370051875,-25.9176202021932,-21.7984105963173,16.3381683752148,29.0720456314946,25
13.79901,1257.16370051874,-23.697057226114,-20.9285694262036,16.3381683752119,29.1008063068331,25
13.89901,1257.16370051875,-24.5037763481242,-22.808555616707,16.3381683752147,29.1295595573733,25
13.999,1257.19250843761,-27.5873981178886,-21.656604527508,16.3945136603789,29.1583007777228,25
14.09901,1257.16370051875,-26.1556638580374,-25.7311974714301,16.3381683752147,29.1870437917267,25
14.19901,1257.16370051873,-22.0388610297634,-19.0532024988415,16.338168375212,29.2157747793718,25
14.29901,1257.16370051875,-23.6541180222572,-23.4977378784105,16.3381683752146,29.2444983498828,25
14.39901,1257.16370051873,-24.7534559800521,-26.153488810561,16.338168375212,29.2732145051749,25
14.499,1257.19250843762,-24.9445108838656,-23.9471177661675,16.3945136603817,29.3019186424952,25
14.59901,1257.16370051873,-20.2234120651046,-23.8703376092813,16.338168375212,29.3306245777584,25
14.69901,1257.16370051874,-25.9875223048121,-21.3691064115664,16.3381683752147,29.3593184988769,25
14.79901,1257.16370051872,-26.3447769886817,-23.4874086058594,16.3381683752119,29.3880050124306,25
14.89901,1257.16370051874,-23.7440183831846,-24.4574829170377,16.3381683752146,29.4166841203317,25
14.999,1257.1925084376,-19.8713168586824,-18.7345988566137,16.3945136603788,29.4453512224643,25
15.09901,1257.16370051874,-25.7509897529339,-26.4390747611975,16.3381683752147,29.4740201268231,25
15.19901,1257.16370051872,-23.1007155108847,-23.8214681714848,16.3381683752118,29.5026770292356,25
15.29901,1257.16370051874,-22.0443451951794,-26.7095904447163,16.3381683752147,29.5313265336397,25
15.39901,1257.16370051872,-25.0145864773132,-23.1451284833565,16.3381683752117,29.5599686419457,25
15.499,1257.19250843761,-21.2782761691201,-17.7324251212457,16.3945136603816,29.5885987566706,25
15.59901,1257.16370051872,-24.6032168859006,-24.5408074134381,16.3381683752117,29.6172306778994,25
15.69901,1257.16370051873,-21.6519056344339,-20.3863689476962,16.3381683752146,29.6458506093645,25
15.79901,1257.16370051871,-22.8071250931481,-26.705015662698,16.3381683752116,29.6744631523659,25
15.89901,1257.16370051873,-23.2971146710052,-19.3246444172892,16.3381683752145,29.7030683088107,25
15.999,1257.19250843759,-27.784919988303,-21.3112446132708,16.3945136603786,29.7316614838463,25
16.09901,1257.16370051873,-22.255955082574,-20.3918536400502,16.3381683752145,29.7602564696579,25
16.199,1257.19250843759,-24.9303167410155,-30.9536840865471,16.3945136603785,29.7888348821652,25
16.29901,1257.16370051873,-26.5081341732447,-19.8122299974722,16.3381683752145,29.8174151071556,25
16.39901,1257.16370051871,-28.7548228328965,-21.9057308278008,16.3381683752115,29.8459833594117,25
16.49901,1257.16370051872,-23.1385984603194,-25.3068767515712,16.3381683752144,29.8745442365455,25
16.59901,1257.16370051871,-22.7950512199459,-21.1814461461471,16.3381683752114,29.9030977404606,25
16.699,1257.1925084376,-28.0542673411089,-25.4543247318814,16.3945136603813,29.9316392799808,25
16.79901,1257.16370051871,-23.5463985585671,-21.1047528762559,16.3381683752113,29.9601826362488,25
16.89901,1257.16370051872,-25.3291417094707,-25.5701670997448,16.3381683752143,29.9887140319273,25
16.99901,1257.16370051871,-23.156893990875,-22.8864673242209,16.3381683752113,30.0172380619981,25
17.09901,1257.16370051872,-27.8845943267692,-23.5443913885687,16.3381683752143,30.0457547283628,25
17.199,1257.19250843758,-22.3863115915692,-25.7583515111598,16.3945136603781,30.0742594424665,25
17.29901,1257.16370051872,-24.5132791359724,-24.3649856288264,16.3381683752142,30.1027659775771,25
17.39901,1257.1637005187,-18.9738385690507,-27.5031426886343,16.3381683752112,30.1312605642274,25
17.49901,1257.16370051872,-26.8671284139882,-23.8434983698557,16.3381683752141,30.1597477947727,25
17.59901,1257.1637005187,-25.1752069411825,-25.77487758161,16.3381683752112,30.188227671112,25
17.699,1257.19250843759,-25.4741602818847,-23.2940607110289,16.3945136603812,30.2166956073089,25
17.79901,1257.1637005187,-20.4331488329602,-24.6802341184325,16.3381683752112,30.2451653687659,25
17.89901,1257.16370051871,-20.2575110514145,-25.5474279829089,16.3381683752141,30.2736231938762,25
17.99901,1257.1637005187,-24.8845136915878,-21.694648308101,16.3381683752112,30.3020736723718,25
18.09901,1257.16370051871,-22.9559132027532,-25.0551610619917,16.3381683752141,30.3305168061492,25
18.199,1257.19250843757,-18.7826485570482,-19.0259603334751,16.394513660378,30.3589480118869,25
18.29901,1257.16370051871,-23.261575237912,-19.6507714069036,16.3381683752141,30.387381047133,25
18.39901,1257.16370051869,-23.5147369378806,-22.6820093549002,16.3381683752111,30.4158021581304,25
18.49901,1257.16370051871,-28.451291209764,-23.1128207675503,16.3381683752141,30.444215931991,25
18.59901,1257.16370051869,-29.4096748849967,-17.2653921542423,16.3381683752111,30.4726223706089,25
18.699,1257.19250843758,-20.5396213741247,-26.2423373618189,16.3945136603811,30.5010168932747,25
18.79901,1257.16370051869,-19.0714382996288,-26.8547751961583,16.3381683752111,30.5294132496911,25
18.89901,1257.1637005187,-23.0549583994414,-26.4737938950421,16.338168375214,30.5577976939411,25
18.99901,1257.16370051868,-24.5516121125024,-22.0415584614871,16.3381683752111,30.5861748105203,25
19.09901,1257.1637005187,-25.0420790516661,-26.7878210509144,16.3381683752139,30.6145446013202,25
19.19901,1257.16370051868,-21.2137252663604,-23.2275778486684,16.338168375211,30.6429070682319,25
19.29901,1257.1637005187,-19.276154285577,-18.6651266957624,16.3381683752139,30.6712622131464,25
19.39901,1257.16370051868,-21.1530965703117,-20.8647975235597,16.3381683752109,30.6996100379539,25
19.49901,1257.1637005187,-20.4132014705306,-23.4858874170759,16.3381683752138,30.727950544544,25
19.59901,1257.16370051868,-22.1178162614251,-25.9514971118452,16.338168375211,30.7562837348059,25
19.69901,1257.16370051869,-28.999227305666,-22.0356672151033,16.3381683752138,30.7846096106285,25
19.79901,1257.16370051868,-27.0743322891471,-22.9586048204178,16.338168375211,30.8129281738999,25
19.89901,1257.16370051869,-20.1733956792798,-27.3143937130242,16.3381683752137,30.8412394265084,25
19.99901,1257.16370051868,-22.8246699857846,-26.7157375383287,16.3381683752109,30.8695433703409,25
20.09901,1257.16370051869,-26.7403767250941,-22.6837871737148,16.3381683752137,30.8978400072842,25
20.19901,1257.16370051867,-28.8276698558094,-21.7645557682975,16.3381683752109,30.9261293392247,25
20.29901,1257.16370051869,-21.284843042177,-22.6635483105336,16.3381683752137,30.9544113680483,25
20.39901,1257.16370051867,-26.3939296398113,-18.5453939074767,16.3381683752108,30.9826860956403,25
20.49901,1257.16370051869,-25.6054319394184,-23.5141784583173,16.3381683752137,31.0109535238858,25
20.59901,1257.16370051867,-23.3221634323587,-23.5145508174174,16.3381683752108,31.0392136546687,25
20.69901,1257.16370051869,-22.3563144657513,-23.9066373422917,16.3381683752136,31.0674664898732,25
20.79901,1257.16370051867,-21.042786923377,-25.8981423497337,16.3381683752108,31.0957120313828,25
20.89901,1257.16370051868,-24.9165553775473,-24.1283477813782,16.3381683752135,31.1239502810805,25
20.99901,1257.16370051867,-23.2614801969332,-22.5516868310757,16.3381683752107,31.1521812408485,25
21.09901,1257.16370051868,-25.573185760086,-23.0606498424738,16.3381683752135,31.1804049125685,25
21.19901,1257.16370051866,-24.4599838505229,-21.9477172760593,16.3381683752106,31.2086212981226,25
21.29901,1257.16370051868,-22.1463321393965,-23.9227368848947,16.3381683752134,31.2368303993913,25
21.39901,1257.16370051866,-22.2432500135943,-22.2567252377696,16.3381683752105,31.2650322182551,25
21.49901,1257.16370051868,-20.4270435913672,-22.7757895968432,16.3381683752133,31.2932267565943,25
21.59901,1257.16370051866,-22.7731774590623,-22.749625569659,16.3381683752105,31.3214140162882,25
21.69901,1257.16370051868,-23.150820740814,-21.952929873929,16.3381683752134,31.3495939992159,25
21.79901,1257.16370051866,-26.6644586577236,-25.9963698141567,16.3381683752105,31.377766707256,25
21.89901,1257.16370051868,-24.7890216635773,-23.6222900270387,16.3381683752133,31.4059321422863,25
21.99901,1257.16370051866,-24.8984300407595,-25.6690253111196,16.3381683752104,31.4340903061849,25
22.09901,1257.16370051867,-25.7353969852618,-24.8330566330086,16.3381683752133,31.4622412008285,25
22.19901,1257.16370051866,-16.6223529157084,-23.8485095628663,16.3381683752104,31.4903848280938,25
22.29901,1257.16370051867,-24.4385031746862,-22.8605046896979,16.3381683752131,31.5185211898571,25
22.39901,1257.16370051865,-18.975689005943,-21.2397829331734,16.3381683752104,31.546650287994,25
22.49901,1257.16370051867,-22.785244301336,-22.9594058935867,16.3381683752132,31.5747721243797,25
22.59901,1257.16370051865,-21.8851765727929,-19.9529542331848,16.3381683752104,31.6028867008886,25
22.69901,1257.16370051867,-23.6491591691339,-23.6381105640044,16.3381683752132,31.630994019395,25
22.79901,1257.16370051865,-22.9966925163222,-22.7949072916774,16.3381683752103,31.6590940817727,25
22.89901,1257.16370051867,-23.7555402217741,-28.7016572569828,16.3381683752131,31.6871868898949,25
22.99901,1257.16370051865,-25.1986551544157,-23.9220012139492,16.3381683752103,31.7152724456344,25
23.09901,1257.16370051866,-22.0547503139646,-23.896288673326,16.3381683752131,31.7433507508634,25
23.19901,1257.16370051865,-25.4017205977827,-29.1552349883966,16.3381683752102,31.7714218074536,25
23.29901,1257.16370051866,-28.3414166135115,-25.5142079882102,16.3381683752131,31.7994856172766,25
23.39901,1257.16370051864,-23.2809842168157,-25.2441128719929,16.3381683752101,31.827542182203,25
23.49901,1257.16370051866,-29.2577095802874,-20.4245131486359,16.338168375213,31.8555915041029,25
23.59901,1257.16370051864,-20.5685884740397,-24.8652857131035,16.3381683752101,31.8836335848463,25
23.69901,1257.16370051866,-21.1904612314336,-23.8214831098979,16.338168375213,31.9116684263027,25
23.79901,1257.16370051864,-18.8739362755886,-25.8127796241065,16.3381683752101,31.939696030341,25
23.89901,1257.16370051866,-24.9169525474778,-22.9123430583444,16.338168375213,31.9677163988294,25
23.99901,1257.16370051864,-30.1473856842686,-25.2238362158461,16.33816837521,31.995729533636,25
24.09901,1257.16370051865,-21.145502044549,-26.0336271847617,16.3381683752129,32.0237354366283,25
24.19901,1257.16370051864,-24.2264657790194,-23.5458853540873,16.33816837521,32.0517341096732,25
24.29901,1257.16370051865,-19.9891836458,-29.1131695730363,16.3381683752128,32.0797255546365,25
24.39901,1257.16370051863,-16.7623024705918,-25.0343951318563,16.3381683752101,32.107709773385,25
24.49901,1257.16370051865,-22.5222745231102,-28.7113625189885,16.3381683752128,32.1356867677838,25
24.59901,1257.16370051863,-24.8435535528634,-25.8276164462575,16.3381683752101,32.163656539698,25
24.69901,1257.16370051865,-24.2041490086739,-24.7967390573443,16.3381683752128,32.1916190909925,25
24.79901,1257.16370051863,-21.7883687739134,-21.6167147722366,16.3381683752101,32.2195744235315,25
24.89901,1257.16370051865,-24.9848931077079,-23.3186636160738,16.3381683752128,32.2475225391776,25
24.99901,1257.16370051863,-25.7381565336846,-23.590098342534,16.33816837521,32.2754634397949,25
25.09901,1257.16370051865,-23.3057370535241,-24.2264028069837,16.3381683752127,32.3033971272455,25
25.19901,1257.16370051863,-18.9271348481688,-21.31167312191,16.3381683752099,32.3313236033917,25
25.29901,1257.16370051864,-21.1840072921748,-24.7500969156919,16.3381683752127,32.3592428700946,25
25.39901,1257.16370051862,-23.4479917666321,-25.9427499929884,16.3381683752098,32.387154929216,25
25.49901,1257.16370051864,-25.6155676990554,-22.4458902984521,16.3381683752127,32.4150597826167,25
25.59901,1257.16370051862,-22.6622390783726,-26.5911585910511,16.3381683752098,32.4429574321564,25
25.69901,1257.16370051864,-20.6704900350011,-25.4499031826717,16.3381683752126,32.4708478796953,25
25.79901,1257.16370051862,-25.5647197718603,-23.6129793301161,16.3381683752097,32.4987311270927,25
25.89901,1257.16370051864,-23.5690536490429,-22.8081155320223,16.3381683752125,32.5266071762071,25
25.99901,1257.16370051862,-21.4706276445321,-23.7286087772603,16.3381683752097,32.5544760288965,25
26.09901,1257.16370051864,-21.0375805350336,-23.1284572169752,16.3381683752125,32.5823376870195,25
26.19901,1257.16370051862,-22.8749824564155,-20.2779400136195,16.3381683752097,32.6101921524327,25
26.29901,1257.16370051864,-21.815303396692,-28.3060224714235,16.3381683752125,32.6380394269931,25
26.39901,1257.16370051862,-24.7570897771932,-24.6611208880474,16.3381683752096,32.6658795125574,25
26.49901,1257.16370051863,-24.8278227124656,-24.3442919062915,16.3381683752124,32.6937124109812,25
26.59901,1257.16370051861,-21.6196447571548,-24.4045606239236,16.3381683752096,32.7215381241198,25
26.69901,1257.16370051863,-22.040658255437,-24.6939708283477,16.3381683752123,32.7493566538284,25
26.79901,1257.16370051861,-20.6493358146082,-20.0938991666565,16.3381683752095,32.7771680019619,25
26.89901,1257.16370051863,-22.3009282358777,-22.5385439328845,16.3381683752123,32.8049721703732,25
26.99901,1257.16370051861,-23.6563518399571,-22.7204880740951,16.3381683752095,32.8327691609165,25
27.09901,1257.16370051863,-23.6590205008338,-24.7394331747312,16.3381683752123,32.8605589754449,25
27.19901,1257.16370051861,-22.2778592229251,-20.676717074528,16.3381683752095,32.8883416158106,25
27.29901,1257.16370051863,-23.1928371562598,-17.516262582416,16.3381683752123,32.9161170838661,25
27.39901,1257.16370051861,-22.3704056519674,-20.6874282775321,16.3381683752094,32.9438853814626,25
27.49901,1257.16370051862,-22.8530309960262,-27.8236349815222,16.3381683752123,32.9716465104514,25
27.59901,1257.1637005186,-19.1614237546957,-26.2507409929459,16.3381683752094,32.9994004726831,25
27.69901,1257.16370051862,-24.0455820803018,-24.816898898275,16.3381683752123,33.0271472700076,25
27.79901,1257.1637005186,-24.6619312154517,-22.4944429139048,16.3381683752093,33.0548869042748,25
27.89901,1257.16370051862,-26.4291822570942,-22.6903377250606,16.3381683752122,33.0826193773339,25
27.99901,1257.1637005186,-22.9816458720081,-27.0410480404284,16.3381683752093,33.1103446910332,25
28.09901,1257.16370051862,-26.4087252014368,-24.8573038941242,16.3381683752121,33.1380628472217,25
28.19901,1257.1637005186,-23.8184616253598,-24.0525680867299,16.3381683752093,33.1657738477472,25
28.29901,1257.16370051861,-23.0206955764568,-24.1288608097072,16.3381683752122,33.1934776944564,25
28.39901,1257.1637005186,-25.9678831193108,-26.7395995910883,16.3381683752093,33.2211743891965,25
28.49901,1257.16370051861,-22.6602887793192,-24.2951331413646,16.3381683752122,33.2488639338134,25
28.59901,1257.16370051859,-26.1246419875869,-20.6850827902046,16.3381683752093,33.2765463301531,25
28.69901,1257.16370051861,-24.8324082817008,-26.4630072508474,16.3381683752121,33.3042215800614,25
28.79901,1257.16370051859,-21.8432977047129,-26.1203892253252,16.3381683752092,33.3318896853829,25
28.89901,1257.16370051861,-24.733272749961,-25.064524326467,16.3381683752121,33.3595506479619,25
28.99901,1257.16370051859,-25.8591466075683,-20.7695980630533,16.3381683752092,33.3872044696427,25
29.09901,1257.16370051861,-23.43632444721,-22.2296072222082,16.338168375212,33.4148511522688,25
29.19901,1257.16370051859,-22.2143121276441,-22.1432263918448,16.3381683752092,33.4424906976829,25
29.29901,1257.1637005186,-27.6791348738144,-25.279348519181,16.338168375212,33.4701231077275,25
29.39901,1257.16370051858,-22.8176407787416,-22.910291509032,16.3381683752091,33.4977483842446,25
29.49901,1257.1637005186,-28.1570291112083,-27.2482341160475,16.338168375212,33.5253665290764,25
29.59901,1257.16370051858,-25.7665999013509,-23.1151535939066,16.3381683752091,33.5529775440635,25
29.69901,1257.1637005186,-23.4657203465131,-22.0987171884537,16.338168375212,33.5805814310468,25
29.79901,1257.16370051858,-23.302433451499,-23.1915339515379,16.3381683752091,33.608178191866,25
29.89901,1257.1637005186,-23.1096987877338,-22.0149717639661,16.338168375212,33.6357678283608,25
29.99901,1257.16370051858,-22.7678301625934,-21.7719248875307,16.3381683752091,33.6633503423708,25
30.09901,1257.16370051859,-16.8504628104469,-27.2775403806913,16.338168375212,33.6909257357346,25
30.19901,1257.16370051858,-23.5216115949626,-20.6422472600376,16.3381683752091,33.7184940102906,25
30.29901,1257.16370051859,-24.1320097487212,-28.2846899144112,16.3381683752119,33.7460551678759,25
30.39901,1257.16370051857,-21.7604124913839,-23.1170279684206,16.3381683752091,33.7736092103283,25
30.49901,1257.16370051859,-25.2136023407236,-27.4189787446315,16.3381683752119,33.8011561394848,25
30.59901,1257.16370051857,-24.2543278338178,-28.0705891357579,16.3381683752091,33.8286959571815,25
30.69901,1257.16370051859,-25.8740929847169,-24.2611517234848,16.3381683752119,33.8562286652548,25
30.79901,1257.16370051857,-25.8524624559704,-25.0766755545758,16.338168375209,33.883754265539,25
30.89901,1257.16370051858,-22.1370337524613,-23.7189897064272,16.3381683752118,33.9112727598699,25
30.99901,1257.16370051857,-21.4218127205498,-23.1718561056125,16.3381683752089,33.9387841500818,25
31.09901,1257.16370051858,-21.9139301456653,-29.1782826109661,16.3381683752118,33.9662884380085,25
31.19901,1257.16370051857,-23.9376313241667,-27.5585860958532,16.3381683752089,33.9937856254837,25
31.29901,1257.16370051858,-27.6771121271526,-23.3843574130138,16.3381683752118,34.0212757143403,25
31.39901,1257.16370051856,-26.0158963587578,-24.7716536525598,16.338168375209,34.0487587064109,25
31.49901,1257.16370051858,-24.9500676787463,-21.2719939298828,16.3381683752119,34.0762346035277,25
31.59901,1257.16370051856,-23.497146951248,-23.1952653143467,16.338168375209,34.1037034075225,25
31.69901,1257.16370051857,-22.6942899218548,-21.4668675609526,16.3381683752119,34.1311651202261,25
31.79901,1257.16370051856,-21.619459366483,-21.5535139384047,16.3381683752089,34.1586197434693,25
31.89901,1257.16370051857,-25.5383735637005,-24.1276306090323,16.3381683752118,34.1860672790819,25
31.99901,1257.16370051856,-20.2920552244871,-23.1085173303945,16.3381683752088,34.2135077288944,25
32.09901,1257.16370051857,-21.6102895836261,-25.3845864558938,16.3381683752117,34.2409410947356,25
32.19901,1257.16370051856,-23.3042949296379,-25.8284224579669,16.3381683752087,34.2683673784344,25
32.29901,1257.16370051857,-22.6243646812651,-21.3422340872102,16.3381683752117,34.2957865818191,25
32.399,1257.19250843743,-23.8355204186182,-23.8793861956994,16.3945136603755,34.3231941944437,25
32.499,1257.19250843744,-25.5825223497538,-21.7241036906908,16.3945136603785,34.3505992431872,25
32.59901,1257.16370051855,-24.2922169840147,-21.4513601095886,16.3381683752087,34.3780017283634,25
32.69901,1257.16370051857,-22.6776687599317,-20.8259469173206,16.3381683752116,34.4053926287652,25
32.79901,1257.16370051855,-26.5831124546272,-19.6200026142571,16.3381683752086,34.4327764579871,25
32.899,1257.19250843744,-24.9505515744443,-23.8614044034736,16.3945136603784,34.460148708101,25
32.999,1257.19250843742,-25.2195882785079,-25.7172412563728,16.3945136603754,34.4875184009436,25
33.09901,1257.16370051856,-26.3051884549769,-23.5257379409503,16.3381683752114,34.5148855368275,25
33.19901,1257.16370051855,-18.3742224549274,-24.4730757687389,16.3381683752086,34.5422410995809,25
33.29901,1257.16370051856,-22.7605064047451,-23.4384674557289,16.3381683752114,34.569589600277,25
33.399,1257.19250843742,-23.6633492810053,-22.2986718235673,16.3945136603754,34.5969265335029,25
33.499,1257.19250843743,-27.5332761056577,-22.2049231681974,16.3945136603783,34.6242609160574,25
33.59901,1257.16370051854,-23.7581601332908,-24.595684702006,16.3381683752086,34.6515927482537,25
33.69901,1257.16370051856,-23.8316232080858,-25.134902588076,16.3381683752114,34.6789130189489,25
33.79901,1257.16370051854,-25.9533121943633,-24.266029444813,16.3381683752085,34.7062262366977,25
33.899,1257.19250843743,-24.1804503166786,-24.5711617883006,16.3945136603782,34.7335278985983,25
33.999,1257.19250843741,-23.8937640720252,-19.8114299311814,16.3945136603752,34.7608270164192,25
34.09901,1257.16370051856,-22.1409708843418,-25.7081680854154,16.3381683752113,34.7881235904744,25
34.19901,1257.16370051854,-22.10940139233,-25.7321707505089,16.3381683752084,34.8154086146424,25
34.29901,1257.16370051855,-26.0790630441065,-27.1976576886308,16.3381683752112,34.8426865949641,25
34.399,1257.19250843741,-23.8356731091305,-22.6947762208971,16.3945136603751,34.8699530310439,25
34.499,1257.19250843743,-22.0202414815246,-23.4285122018527,16.394513660378,34.897216929628,25
34.59901,1257.16370051854,-23.6488213540818,-24.683548627786,16.3381683752082,34.9244782910287,25
34.69901,1257.16370051855,-20.9532478616177,-27.9997401248541,16.3381683752111,34.9517281141419,25
34.79901,1257.16370051853,-22.2544912467285,-24.4032917364926,16.3381683752083,34.9789709024957,25
34.899,1257.19250843742,-26.3938024318976,-24.2915494231312,16.3945136603779,35.0062021582004,25
34.999,1257.1925084374,-29.2129488407899,-21.6915180266212,16.3945136603749,35.0334308829841,25
35.09901,1257.16370051855,-21.8101199552511,-22.8754645987632,16.338168375211,35.0606570771587,25
35.19901,1257.16370051853,-29.0087101748474,-25.1364131931865,16.3381683752081,35.0878717446312,25
35.29901,1257.16370051855,-22.9472388849324,-25.9169597819063,16.3381683752109,35.1150793864198,25
35.399,1257.1925084374,-19.1088084202502,-19.8206071396805,16.3945136603748,35.1422755071362,25
35.499,1257.19250843742,-22.9469648657771,-23.7811700937318,16.3945136603777,35.1694691034983,25
35.59901,1257.16370051853,-24.5542090741953,-22.8447996944196,16.3381683752081,35.1966601758174,25
35.69901,1257.16370051854,-23.1055769951114,-28.8243294924353,16.3381683752108,35.2238397330034,25
35.79901,1257.16370051852,-24.1043451946757,-23.7439195846866,16.3381683752081,35.2510122735697,25
35.899,1257.19250843741,-23.1345313262226,-30.6374424362191,16.3945136603777,35.2781733046264,25
35.999,1257.19250843739,-19.9254747967875,-23.5723981277004,16.3945136603748,35.3053318178871,25
36.09901,1257.16370051854,-24.8706648835316,-21.7952209788034,16.3381683752108,35.3324878136628,25
36.19901,1257.16370051852,-19.7094332399706,-24.0886145853766,16.338168375208,35.3596323058598,25
36.29901,1257.16370051853,-21.7309788382049,-25.8963210395865,16.3381683752108,35.3867697904893,25
36.399,1257.19250843739,-25.2619793458625,-29.4463089315288,16.3945136603747,35.4138957771562,25
36.499,1257.19250843741,-25.7026011150488,-24.3511893073905,16.3945136603776,35.4410192525765,25
36.59901,1257.16370051851,-26.1805176169329,-25.8622471350777,16.3381683752079,35.4681402170615,25
36.69901,1257.16370051853,-24.8803920288212,-26.4205455973499,16.3381683752107,35.4952496895076,25
36.79901,1257.16370051851,-22.5804522737276,-22.601095349603,16.3381683752079,35.5223521634266,25
36.899,1257.1925084374,-27.3043237872982,-23.9103114688673,16.3945136603776,35.5494431509159,25
36.999,1257.19250843738,-24.7598393844627,-24.4540441621084,16.3945136603745,35.5765316336994,25
37.09901,1257.16370051853,-20.6051043017177,-19.3916696864443,16.3381683752107,35.6036176120882,25
37.19901,1257.16370051851,-26.5298828336604,-26.0594812753749,16.3381683752078,35.6306921099626,25
37.29901,1257.16370051852,-22.0067961123433,-20.82116816923,16.3381683752107,35.6577596183388,25
37.399,1257.19250843738,-25.1883239807109,-24.9268703445138,16.3945136603745,35.6848156518027,25
37.499,1257.19250843739,-27.044907831086,-20.9699202049882,16.3945136603775,35.7118691870943,25
37.59901,1257.1637005185,-22.479501182342,-21.8908057687629,16.3381683752078,35.7389202245227,25
37.69901,1257.16370051852,-22.0198554961854,-21.1696164406737,16.3381683752106,35.7659597929472,25
37.79901,1257.1637005185,-22.6903397875051,-22.0093703189033,16.3381683752078,35.7929923808915,25
37.899,1257.19250843739,-22.0655034408199,-25.3441170780081,16.3945136603774,35.8200135054258,25
37.999,1257.19250843737,-19.344450060813,-21.6712490898466,16.3945136603744,35.847032138312,25
38.09901,1257.16370051852,-25.3482028597365,-23.9267647242986,16.3381683752105,35.8740482798592,25
38.19901,1257.1637005185,-25.8215543313748,-25.3128859732436,16.3381683752077,35.9010529638975,25
38.29901,1257.16370051851,-21.7024425847003,-25.2536072446603,16.3381683752105,35.9280506764602,25
38.39901,1257.1637005185,-21.2400466229894,-23.0546137208377,16.3381683752076,35.9550414193483,25
38.499,1257.19250843739,-19.0057495848561,-26.0661501648496,16.3945136603774,35.9820207126095,25
38.59901,1257.16370051849,-24.0169729246928,-23.2656522199833,16.3381683752076,36.0090020032953,25
38.69901,1257.16370051851,-24.3403664382366,-23.4868258729103,16.3381683752105,36.0359718479517,25
38.79901,1257.16370051849,-21.47179975738,-22.3126200448177,16.3381683752076,36.0629347301277,25
38.89901,1257.16370051851,-25.4551301360404,-20.0826647390515,16.3381683752104,36.08989065162,25
38.999,1257.19250843736,-20.2657667951009,-23.977395872556,16.3945136603743,36.1168351349559,25
39.09901,1257.16370051851,-21.8372309768756,-25.7635753618629,16.3381683752104,36.143781619742,25
39.19901,1257.16370051849,-24.3031008087988,-25.8781862142122,16.3381683752076,36.1707166699644,25
39.29901,1257.16370051851,-21.2876993289539,-25.0503952390097,16.3381683752103,36.1976447666885,25
39.39901,1257.16370051849,-22.3779860489185,-26.9155530079084,16.3381683752074,36.2245659117094,25
39.499,1257.19250843738,-26.101464954563,-25.0050074611689,16.3945136603771,36.2514756300292,25
39.59901,1257.16370051849,-20.6283588894349,-24.8394522015669,16.3381683752074,36.2783873538197,25
39.69901,1257.1637005185,-23.6335404167871,-18.7091099179313,16.3381683752102,36.3052876544967,25
39.79901,1257.16370051848,-21.5890190000648,-23.2297535359111,16.3381683752073,36.3321810106464,25
39.89901,1257.1637005185,-24.6856430068762,-24.3424936843545,16.3381683752101,36.3590674240612,25
39.999,1257.19250843736,-22.1930191284292,-22.9719637216751,16.3945136603739,36.385942422216,25
40.09901,1257.1637005185,-23.9870329155828,-30.3519462899528,16.33816837521,36.4128194298568,25
40.19901,1257.16370051848,-30.3741062612326,-23.9079858793937,16.3381683752072,36.4396850258196,25
40.29901,1257.1637005185,-19.2618879015538,-22.3498922324324,16.3381683752101,36.466543686215,25
40.39901,1257.16370051848,-26.1616608489447,-23.7252932514526,16.3381683752072,36.4933954128324,25
40.499,1257.19250843737,-26.051617314985,-24.5940143813653,16.3945136603768,36.5202357356154,25
40.59901,1257.16370051848,-19.687064802428,-18.9999893393069,16.3381683752072,36.5470780718942,25
40.69901,1257.16370051849,-20.4540152863838,-21.5288494579859,16.3381683752099,36.5739090079163,25
40.79901,1257.16370051847,-23.1402663301669,-22.9478976663373,16.3381683752071,36.6007330173186,25
40.89901,1257.16370051849,-23.2265585801443,-22.9706333497408,16.3381683752098,36.6275501018888,25
40.999,1257.19250843735,-23.7930748974328,-22.7731984391394,16.3945136603738,36.6543557940351,25
41.09901,1257.16370051849,-25.3599864237006,-26.4844963873305,16.3381683752098,36.6811635036819,25
41.19901,1257.16370051847,-24.9952120735219,-24.1099003830669,16.3381683752071,36.7079598244794,25
41.29901,1257.16370051849,-22.8327561871565,-28.7395401449569,16.3381683752098,36.7347492275931,25
41.39901,1257.16370051847,-20.3370489857936,-23.8959180384694,16.3381683752071,36.7615317148084,25
41.499,1257.19250843736,-20.702901093761,-23.0955555812244,16.3945136603766,36.788302820996,25
41.59901,1257.16370051847,-22.5694101596331,-24.7601464239565,16.3381683752071,36.8150759486843,25
41.69901,1257.16370051848,-28.8595090681882,-19.9312216860049,16.3381683752098,36.8418376989149,25
41.79901,1257.16370051846,-23.7531741831612,-20.3430045307731,16.338168375207,36.8685925403863,25
41.89901,1257.16370051848,-31.325959766024,-22.3183897718949,16.3381683752097,36.8953404748815,25
41.999,1257.19250843734,-23.4692396275044,-23.3820743663123,16.3945136603737,36.9220770397305,25
42.09901,1257.16370051848,-24.2248315841858,-22.7435497696348,16.3381683752096,36.9488156300756,25
42.19901,1257.16370051846,-20.7024696123484,-27.1976930081444,16.3381683752069,36.9755428543395,25
42.29901,1257.16370051848,-25.0325479765512,-21.4372594049277,16.3381683752095,37.0022631787573,25
42.39901,1257.16370051846,-29.0717374251307,-24.7674683157428,16.3381683752068,37.0289766051097,25
42.499,1257.19250843735,-26.8078509788686,-21.0038610706168,16.3945136603763,37.0556786731832,25
42.59901,1257.16370051846,-20.8586636054006,-25.2443572517845,16.3381683752068,37.0823827707421,25
42.69901,1257.16370051847,-22.3473718317244,-22.762257598591,16.3381683752095,37.1090755135823,25
42.79901,1257.16370051846,-27.9624205733507,-17.3064533913845,16.3381683752067,37.1357613654777,25
42.89901,1257.16370051847,-26.4567670348664,-28.3122413201188,16.3381683752095,37.162440328207,25
42.999,1257.19250843733,-22.6237554912071,-23.8889733809419,16.3945136603734,37.1891079440103,25
43.09901,1257.16370051847,-26.4244933833226,-21.9925706925034,16.3381683752095,37.215777593283,25
43.19901,1257.16370051845,-19.8985712888816,-23.8323283849943,16.3381683752067,37.2424358991844,25
43.29901,1257.16370051847,-22.8099076410746,-21.0524541458695,16.3381683752094,37.2690873230314,25
43.39901,1257.16370051845,-26.7687646899358,-23.1688104107862,16.3381683752067,37.2957318666002,25
43.499,1257.19250843734,-25.7035333084514,-24.5095460499188,16.3945136603762,37.3223650745798,25
43.59901,1257.16370051845,-19.7986451678147,-25.2702998857117,16.3381683752065,37.3490003200082,25
43.69901,1257.16370051846,-25.0717165084341,-25.9937988853285,16.3381683752095,37.3756242333993,25
43.79901,1257.16370051845,-25.1578720412887,-21.8937221356305,16.3381683752065,37.4022412736139,25
43.89901,1257.16370051846,-22.0818921049308,-24.6019621708346,16.3381683752094,37.4288514424272,25
43.999,1257.19250843732,-18.2290106350322,-23.47450549923,16.3945136603731,37.455450286974,25
44.09901,1257.16370051846,-19.7541055060314,-23.7189662174852,16.3381683752093,37.4820511729443,25
44.19901,1257.16370051844,-22.1362593046154,-22.9504925733303,16.3381683752064,37.5086407381949,25
44.29901,1257.16370051846,-24.8061966884954,-19.3860782693226,16.3381683752093,37.5352234391368,25
44.39901,1257.16370051844,-26.6458647859919,-20.3458714122983,16.3381683752064,37.5617992775421,25
44.499,1257.19250843733,-21.8761669490602,-24.2425541002379,16.3945136603759,37.5883638029894,25
44.59901,1257.16370051844,-23.1386125002366,-20.997791183583,16.3381683752064,37.6149303738289,25
44.69901,1257.16370051846,-24.0649572447769,-21.539382840393,16.3381683752092,37.6414856352525,25
44.79901,1257.16370051844,-21.2750464534283,-22.9136296065262,16.3381683752063,37.6680340412235,25
44.89901,1257.16370051845,-26.2999578703802,-20.4442479953992,16.3381683752092,37.6945755935113,25
44.999,1257.19250843731,-23.6519740651388,-29.1455843548601,16.3945136603729,37.7211058441352,25
45.09901,1257.16370051845,-26.8511530016182,-24.8409753322323,16.3381683752091,37.7476381441151,25
45.19901,1257.16370051843,-23.9190288410623,-23.3110215211153,16.3381683752062,37.7741591459687,25
45.29901,1257.16370051845,-27.8881549406539,-21.7167357709269,16.3381683752091,37.8006733012133,25
45.39901,1257.16370051843,-27.4137093339453,-21.65973899994,16.3381683752062,37.8271806116168,25
45.499,1257.19250843732,-27.629770049438,-26.1162480072049,16.3945136603759,37.8536766316356,25
45.59901,1257.16370051843,-22.2472843665639,-21.6548621373015,16.3381683752063,37.8801747049692,25
45.69901,1257.16370051845,-21.4838998256904,-23.7909845970825,16.3381683752091,37.9066614914506,25
45.79901,1257.16370051843,-23.2479911545724,-23.5221712375079,16.3381683752063,37.9331414401567,25
45.89901,1257.16370051844,-20.6791894249014,-23.0467086189573,16.3381683752091,37.9596145528527,25
45.999,1257.1925084373,-24.5008868347599,-19.6081144840857,16.3945136603728,37.986076386428,25
46.09901,1257.16370051844,-24.3952819652858,-28.37023625513,16.3381683752091,38.0125402772722,25
46.19901,1257.16370051842,-20.8970849556651,-23.9629300004025,16.3381683752062,38.0389928925244,25
46.29901,1257.16370051844,-25.5401641294882,-23.2385077818816,16.3381683752091,38.0654386788225,25
46.39901,1257.16370051842,-18.9200379491526,-21.1457163251308,16.3381683752061,38.0918776379298,25
46.499,1257.19250843731,-30.8661235447531,-22.174064421818,16.3945136603758,38.1183053291669,25
46.59901,1257.16370051842,-20.0265282933895,-26.7462635791311,16.3381683752061,38.1447350816213,25
46.69901,1257.16370051843,-26.3363151474875,-25.3805569207351,16.338168375209,38.1711535697292,25
46.79901,1257.16370051842,-22.6211186971341,-25.1511394179909,16.3381683752061,38.1975652376932,25
46.89901,1257.16370051843,-23.3263949126481,-21.8662468755399,16.3381683752091,38.2239700872743,25
46.999,1257.19250843729,-17.5350028449019,-25.6918605649005,16.3945136603727,38.2503636802207,25
47.09901,1257.16370051843,-25.8984384238716,-25.8493907550415,16.338168375209,38.2767593383277,25
47.19901,1257.16370051841,-23.1844396349056,-19.0260767084678,16.3381683752061,38.3031437433193,25
47.29901,1257.16370051843,-22.1436091620233,-20.6127078724707,16.3381683752089,38.329521336966,25
47.39901,1257.16370051841,-23.5702710136846,-22.5435874976371,16.3381683752061,38.3558921210262,25
47.499,1257.1925084373,-22.9810127094721,-23.8223127102008,16.3945136603756,38.3822516596726,25
47.59901,1257.16370051841,-22.5753196980446,-22.245602004696,16.3381683752061,38.4086132674187,25
47.69901,1257.16370051842,-24.4581593989234,-20.8494573836418,16.3381683752088,38.4349636332656,25
47.79901,1257.1637005184,-22.5175595340073,-22.919374770261,16.3381683752061,38.4613071965552,25
47.89901,1257.16370051842,-23.1364998660742,-24.1556029826213,16.3381683752088,38.4876439590434,25
47.999,1257.19250843728,-19.8279724219271,-20.3748983920137,16.3945136603726,38.5139694873243,25
48.09901,1257.16370051842,-29.2445205884806,-20.8408913122449,16.3381683752088,38.5402970886382,25
48.19901,1257.1637005184,-26.6729098553144,-22.0287608210182,16.3381683752059,38.5666134592546,25
48.29901,1257.16370051842,-22.3562461814626,-20.5941677587105,16.3381683752087,38.5929230360905,25
48.39901,1257.1637005184,-21.1695573038612,-20.5280389077206,16.3381683752059,38.6192258208988,25
48.499,1257.19250843729,-23.7774336686735,-23.1995310078241,16.3945136603754,38.6455173826922,25
48.59901,1257.1637005184,-22.9592697807975,-26.3354700980822,16.3381683752059,38.6718110214465,25
48.69901,1257.16370051841,-24.6586725545522,-23.7871857797006,16.3381683752086,38.6980934406915,25
48.79901,1257.1637005184,-26.3397923300583,-25.9803661825948,16.3381683752058,38.7243690749197,25
48.89901,1257.16370051841,-23.9033122808617,-24.4974144185473,16.3381683752086,38.7506379258835,25
48.999,1257.19250843727,-24.3464874760116,-23.816938780195,16.3945136603723,38.7768955650099,25
49.09901,1257.16370051841,-23.2230226677993,-26.1458708407558,16.3381683752085,38.8031552850205,25
49.19901,1257.16370051839,-26.2713394497775,-24.8345178474985,16.3381683752057,38.8294037966951,25
49.29901,1257.16370051841,-21.1600816391727,-26.9433782512684,16.3381683752085,38.8556455321065,25
49.39901,1257.16370051839,-20.3080191867543,-21.2289478556199,16.3381683752056,38.8818804930044,25
49.499,1257.19250843728,-23.1367894380823,-19.5727637020368,16.3945136603751,38.9081042532286,25
49.59901,1257.16370051839,-23.4744096335721,-23.4172439280826,16.3381683752055,38.9343300982548,25
49.69901,1257.16370051841,-24.9231153794165,-25.4539715102393,16.3381683752083,38.9605447461037,25
49.79901,1257.16370051839,-21.1098357779071,-25.2610597813306,16.3381683752055,38.9867526264315,25
49.89901,1257.16370051841,-22.6745526839127,-23.6649663730372,16.3381683752083,39.0129537409855,25
49.999,1257.19250843726,-24.974570459668,-22.0993491080098,16.394513660372,39.0391436660148,25
50.09901,1257.1637005184,-22.3336868797555,-22.1995581505554,16.3381683752082,39.06533567976,25
50.19901,1257.16370051839,-19.4989025246081,-25.5511613378712,16.3381683752053,39.0915165074716,25
50.29901,1257.1637005184,-20.7023122842455,-27.5874429021794,16.3381683752082,39.1176905763934,25
50.39901,1257.16370051838,-21.875259470923,-24.5205942333674,16.3381683752052,39.1438578882708,25
50.499,1257.19250843727,-22.215064656525,-24.6066005017458,16.3945136603749,39.1700140217568,25
50.59901,1257.16370051838,-23.947779009635,-26.6697050648994,16.3381683752052,39.1961722478669,25
50.69901,1257.1637005184,-18.7323008370372,-25.0896971422617,16.3381683752081,39.2223192990744,25
50.79901,1257.16370051838,-20.8440323098031,-21.9820699073428,16.3381683752052,39.2484596002116,25
50.89901,1257.1637005184,-25.6691644451383,-21.8593686286156,16.3381683752081,39.2745931530209,25
50.999,1257.19250843725,-26.7176410239254,-24.1212767305458,16.3945136603718,39.30071553856,25
51.09901,1257.16370051839,-24.9019672746197,-22.8305159534721,16.3381683752081,39.3268400206258,25
51.19901,1257.16370051838,-21.4640207019364,-25.0984546274592,16.3381683752052,39.3529533389038,25
51.29901,1257.16370051839,-16.0121378576503,-23.9266009860582,16.338168375208,39.3790599158202,25
51.39901,1257.16370051837,-22.7689653983538,-25.7789704723636,16.3381683752052,39.405159753115,25
51.499,1257.19250843726,-24.3753251725913,-22.921686917016,16.3945136603747,39.4312484342458,25
51.59901,1257.16370051837,-18.6719022367852,-22.5165195136072,16.3381683752052,39.4573392158008,25
51.69901,1257.16370051839,-20.9834225658546,-24.6103760447456,16.338168375208,39.4834188446698,25
51.79901,1257.16370051837,-22.6358648982238,-22.2342161168073,16.3381683752052,39.5094917408743,25
51.89901,1257.16370051838,-23.7502608957808,-25.4190154392223,16.338168375208,39.5355579061522,25
51.999,1257.19250843724,-23.9571637183534,-20.0113367173356,16.3945136603717,39.5616129263569,25
52.09901,1257.16370051838,-24.0741375561603,-23.6371708914819,16.3381683752079,39.5876700508792,25
52.19901,1257.16370051836,-25.1162179870248,-24.022127338919,16.3381683752051,39.613716033802,25
52.29901,1257.16370051838,-20.3860585545782,-22.7678595449201,16.3381683752079,39.6397552927463,25
52.39901,1257.16370051836,-21.3061406445222,-22.7078172027555,16.3381683752052,39.665787829448,25
52.499,1257.19250843725,-23.1715769035267,-27.2369130324626,16.3945136603746,39.6918092321543,25
52.59901,1257.16370051836,-21.1613245457831,-22.3030125116945,16.338168375205,39.7178327430653,25
52.69901,1257.16370051838,-19.3665678714767,-25.4734640886752,16.3381683752079,39.74384512345,25
52.79901,1257.16370051836,-21.4744582302845,-22.5842889661212,16.338168375205,39.7698507885307,25
52.89901,1257.16370051837,-24.9648842879324,-21.8436704310031,16.3381683752079,39.7958497400416,25
52.999,1257.19250843723,-23.8497413905459,-21.9253996242879,16.3945136603715,39.8218375686191,25
53.09901,1257.16370051837,-25.6091926743614,-23.2609343158763,16.3381683752078,39.8478275092848,25
53.19901,1257.16370051836,-21.205254104674,-23.5939599366744,16.3381683752048,39.8738063304824,25
53.29901,1257.16370051837,-23.1593671114976,-28.0500395097717,16.3381683752077,39.8997784450397,25
53.39901,1257.16370051836,-26.7691502297939,-21.1134458182801,16.3381683752048,39.9257438546883,25
53.499,1257.19250843724,-21.9556304211162,-25.0900060976975,16.3945136603744,39.9516981524524,25
53.59901,1257.16370051835,-23.3447664704111,-23.6859558348244,16.3381683752048,39.9776545661825,25
53.69901,1257.16370051837,-24.4324749357988,-26.1501282232778,16.3381683752076,40.0035998714887,25
53.79901,1257.16370051835,-24.4721814109879,-27.5262413916691,16.3381683752047,40.029538478807,25
53.89901,1257.16370051837,-22.424581024036,-22.4679834136605,16.3381683752076,40.0554703898668,25
53.999,1257.19250843722,-23.4701728004847,-26.0133110822466,16.3945136603713,40.0813912000764,25
54.09901,1257.16370051836,-20.7742933187941,-22.0538801735039,16.3381683752076,40.107314130125,25
54.19901,1257.16370051835,-23.55676815207,-24.3381251085245,16.3381683752047,40.1332259627791,25
54.29901,1257.16370051836,-20.0031434192472,-27.863256318826,16.3381683752076,40.1591311060868,25
54.39901,1257.16370051835,-22.9397427826312,-25.475997366841,16.3381683752047,40.185029561775,25
54.499,1257.19250843723,-23.4047605248977,-21.1760872614447,16.3945136603742,40.210916927633,25
54.59901,1257.16370051834,-19.8654851911301,-27.1670201545673,16.3381683752046,40.2368064171982,25
54.69901,1257.16370051836,-24.4497355453019,-21.291792750781,16.3381683752075,40.2626848203848,25
54.79901,1257.16370051834,-26.2734750894771,-26.6465049798197,16.3381683752046,40.2885565428547,25
54.89901,1257.16370051836,-26.7974281508907,-26.947178269193,16.3381683752076,40.3144215863325,25
54.999,1257.19250843721,-21.0666749227804,-22.8021027926439,16.3945136603711,40.3402755509862,25
55.09901,1257.16370051835,-22.6512240616458,-26.0033387043904,16.3381683752075,40.36613164321,25
55.19901,1257.16370051834,-21.5676399675604,-27.8847893041979,16.3381683752045,40.3919766600562,25
55.29901,1257.16370051835,-27.1099050097995,-24.2304888897978,16.3381683752074,40.4178150048055,25
55.39901,1257.16370051834,-26.6912621039949,-25.4682372328218,16.3381683752044,40.4436466791795,25
55.499,1257.19250843722,-30.8305895518531,-19.783717052256,16.394513660374,40.4694672857211,25
55.59901,1257.16370051834,-24.8967368110071,-25.1446555807724,16.3381683752044,40.4952900236904,25
55.69901,1257.16370051835,-22.912253760002,-20.1846245705592,16.3381683752072,40.5211016972693,25
55.79901,1257.16370051833,-24.5076601509776,-18.5494571640832,16.3381683752044,40.5469067073588,25
55.89901,1257.16370051835,-23.8899969008433,-24.1128197945009,16.3381683752071,40.5727050556791,25
55.999,1257.1925084372,-19.8508934779045,-21.043697455573,16.3945136603709,40.5984923471442,25
56.09901,1257.16370051835,-24.8388640443664,-25.2433754954036,16.3381683752071,40.6242817738903,25
56.19901,1257.16370051833,-23.5753806017769,-19.5806675906914,16.3381683752043,40.650060147219,25
56.29901,1257.16370051834,-20.2217334417634,-25.2349147137452,16.338168375207,40.6758318656548,25
56.39901,1257.16370051833,-24.2546449670248,-23.1854927320729,16.3381683752043,40.7015969309159,25
56.499,1257.19250843722,-22.7007538206993,-23.6618202801585,16.3945136603737,40.7273509502852,25
56.59901,1257.16370051833,-20.3930123423154,-25.0975095245336,16.3381683752042,40.753107108783,25
56.69901,1257.16370051834,-19.1065839172494,-22.2280510943074,16.338168375207,40.7788522248227,25
56.79901,1257.16370051832,-26.1245283177837,-21.8668564383323,16.3381683752042,40.8045906945551,25
56.89901,1257.16370051834,-19.0573068727064,-25.6986280135831,16.338168375207,40.8303225196964,25
56.999,1257.19250843719,-23.6907409054142,-21.1876819758478,16.3945136603707,40.856043309895,25
57.09901,1257.16370051834,-24.4118973511675,-22.9138763733177,16.3381683752069,40.8817662430651,25
57.19901,1257.16370051832,-23.7814793835584,-21.124216954977,16.3381683752041,40.9074781447226,25
57.29901,1257.16370051833,-19.6855659442476,-22.6281179906932,16.3381683752069,40.9331834086469,25
57.39901,1257.16370051832,-23.7162149567178,-19.6807721975988,16.3381683752041,40.9588820365521,25
57.499,1257.1925084372,-24.4378764355173,-20.9725861246903,16.3945136603736,40.9845696404497,25
57.59901,1257.16370051831,-22.6100065064186,-24.7548825750027,16.3381683752041,41.0102593911571,25
57.69901,1257.16370051833,-25.229643681743,-26.4645735453749,16.338168375207,41.035938121282,25
57.79901,1257.16370051831,-26.8921318263824,-21.291370277196,16.338168375204,41.0616102222376,25
57.89901,1257.16370051833,-26.250973350411,-21.0028146637467,16.3381683752069,41.087275695735,25
57.999,1257.19250843718,-26.5791582396997,-25.2600832038572,16.3945136603705,41.1129301561458,25
58.09901,1257.16370051832,-25.9256207921913,-24.6889898202885,16.3381683752068,41.1385867672,25
58.19901,1257.16370051831,-26.9396506080537,-20.7719974302898,16.338168375204,41.1642323685879,25
58.29901,1257.16370051832,-23.0300709130945,-23.6672252142842,16.3381683752068,41.1898713493588,25
58.39901,1257.16370051831,-26.5501031595363,-24.1477987446883,16.338168375204,41.2155037112227,25
58.499,1257.1925084372,-24.625006193362,-23.7720315186464,16.3945136603734,41.2411250709065,25
58.59901,1257.16370051831,-19.171237218127,-26.1305621859154,16.3381683752039,41.2667485850616,25
58.69901,1257.16370051832,-23.86434241908,-24.966729936701,16.3381683752067,41.292361100453,25
58.79901,1257.1637005183,-21.2256320048555,-23.8043831674172,16.3381683752038,41.3179670037687,25
58.89901,1257.16370051832,-26.3469631178715,-22.4423980097284,16.3381683752067,41.3435662967162,25
58.999,1257.19250843717,-25.1402943576863,-24.2569205759791,16.3945136603704,41.3691545983766,25
59.09901,1257.16370051832,-28.5047863800257,-21.5448108452106,16.3381683752066,41.3947450583315,25
59.19901,1257.1637005183,-25.6672780634692,-20.4165948420136,16.3381683752039,41.4203245304106,25
59.29901,1257.16370051832,-25.0063092977906,-25.4724247368924,16.3381683752065,41.445897398945,25
59.39901,1257.1637005183,-24.4507004022185,-21.8980883139375,16.3381683752038,41.4714636656394,25
59.499,1257.19250843719,-26.7692625387705,-23.8739221130942,16.3945136603731,41.4970189519254,25
59.59901,1257.1637005183,-26.539768661565,-20.4195393998003,16.3381683752037,41.5225764003237,25
59.69901,1257.16370051831,-23.9119210581874,-26.5585326953809,16.3381683752066,41.5481228717212,25
59.79901,1257.16370051829,-27.114352791033,-21.9505597086156,16.3381683752037,41.5736627480933,25
59.89901,1257.16370051831,-24.2079986306576,-23.4013932700749,16.3381683752065,41.5991960311422,25
59.999,1257.19250843717,-23.5934328040737,-24.9292106031875,16.3945136603701,41.6247183446481,25
60.09901,1257.16370051831,-22.5612094582461,-28.2834273301591,16.3381683752065,41.6502428240794,25
60.19901,1257.16370051829,-25.28000093647,-23.0725794785528,16.3381683752036,41.6757563373704,25
60.29901,1257.1637005183,-21.5336838017142,-21.4146238529482,16.3381683752065,41.7012632641442,25
60.39901,1257.16370051829,-22.5245176306409,-26.3632783173706,16.3381683752036,41.7267636061009,25
60.499,1257.19250843717,-26.686470446132,-23.2023814897994,16.3945136603732,41.752252989365,25
60.59901,1257.16370051828,-22.0622691897166,-24.6042100403096,16.3381683752036,41.7777445423632,25
60.69901,1257.1637005183,-21.0268646327922,-22.176407821568,16.3381683752065,41.8032251400673,25
60.79901,1257.16370051828,-22.637802238511,-26.0656087789618,16.3381683752036,41.8286991597517,25
60.89901,1257.1637005183,-21.6620058598416,-22.3541221582815,16.3381683752064,41.8541666031145,25
60.999,1257.19250843715,-28.5604207234749,-24.1831472013831,16.3945136603701,41.879623098621,25
61.09901,1257.16370051829,-25.8785906213078,-24.8272527356247,16.3381683752064,41.9050817676653,25
61.19901,1257.16370051828,-25.2864239991794,-28.3234841294349,16.3381683752036,41.930529492248,25
61.29901,1257.16370051829,-23.7503821446784,-27.5592859723294,16.3381683752063,41.9559706472974,25
61.39901,1257.16370051828,-22.5217087841245,-23.5502400220335,16.3381683752035,41.9814052345098,25
61.499,1257.19250843716,-24.6021350009032,-24.4482276870897,16.3945136603729,42.0068288846887,25
61.59901,1257.16370051828,-24.0198134248106,-20.6626320814766,16.3381683752034,42.0322547122035,25
61.69901,1257.16370051829,-22.9311753387199,-26.1556965760787,16.3381683752063,42.0576696060749,25
61.79901,1257.16370051827,-25.6077518307124,-25.1422616271688,16.3381683752034,42.0830779388885,25
61.89901,1257.16370051829,-24.6728703140441,-25.4213841318821,16.3381683752062,42.108479712338,25
61.999,1257.19250843715,-21.7128834483132,-28.0096100226393,16.3945136603698,42.133870559563,25
62.09901,1257.16370051829,-19.3725752349416,-28.6350072655427,16.3381683752062,42.1592635879182,25
62.19901,1257.16370051827,-23.5597274565346,-23.8799943985912,16.3381683752033,42.1846456934344,25
62.29901,1257.16370051828,-23.5976099102588,-23.7392190088558,16.3381683752062,42.2100212463577,25
62.39901,1257.16370051827,-28.0995323239642,-24.2362168445727,16.3381683752032,42.2353902483792,25
62.499,1257.19250843715,-23.9331224522189,-23.2438699931696,16.3945136603727,42.2607483349708,25
62.59901,1257.16370051827,-23.4615594559892,-23.1614725436482,16.3381683752032,42.2861086064812,25
62.69901,1257.16370051828,-24.6125457518754,-28.245481694557,16.338168375206,42.3114579659427,25
62.79901,1257.16370051826,-25.8546425947789,-24.0815581621245,16.3381683752031,42.3368007812652,25
62.89901,1257.16370051828,-24.2306581144389,-22.4666799362046,16.338168375206,42.3621370541371,25
62.999,1257.19250843714,-27.3594290803237,-23.4912108310829,16.3945136603696,42.3874624223605,25
63.09901,1257.16370051828,-25.5962945456606,-21.9370272994086,16.3381683752059,42.4127899792864,25
63.19901,1257.16370051826,-24.662754206309,-24.9732812618838,16.3381683752031,42.43810663494,25
63.29901,1257.16370051827,-24.9815084932548,-22.2021438658604,16.338168375206,42.4634167548966,25
63.39901,1257.16370051826,-25.5906151522488,-22.3242556371605,16.338168375203,42.4887203408437,25
63.499,1257.19250843715,-21.2779352017414,-23.5286082269306,16.3945136603725,42.5140130329092,25
63.59901,1257.16370051826,-23.0093600617003,-18.4027803339183,16.3381683752029,42.539307917456,25
63.69901,1257.16370051827,-22.5806013806495,-26.6392423276351,16.3381683752059,42.5645919114935,25
63.79901,1257.16370051826,-21.1873250287527,-25.244600112226,16.3381683752028,42.5898693782661,25
63.89901,1257.16370051827,-23.6827933681562,-21.9653783560261,16.3381683752058,42.6151403194588,25
63.999,1257.19250843713,-26.9070555281078,-21.7076095279819,16.3945136603693,42.6404003775226,25
64.09901,1257.16370051827,-23.3206969329373,-25.4015773340849,16.3381683752058,42.6656626318424,25
64.19901,1257.16370051825,-22.998029583519,-25.2563392043924,16.3381683752027,42.6909140064012,25
64.299,1257.19250843714,-21.6482975651532,-26.4676734084103,16.3945136603723,42.7161545042767,25
64.39901,1257.16370051825,-24.2064371820855,-24.9109115687123,16.3381683752027,42.7413972006701,25
64.49901,1257.16370051826,-26.0120860864826,-21.0760605877979,16.3381683752058,42.7666290237454,25
64.59901,1257.16370051825,-24.9610603272424,-23.5823855348754,16.3381683752027,42.791854333024,25
64.69901,1257.16370051826,-25.2997411523497,-24.9657085834707,16.3381683752057,42.8170731301877,25
64.799,1257.19250843712,-22.4201178030105,-24.6232004136958,16.3945136603691,42.8422810613988,25
64.89901,1257.16370051826,-23.3069308710505,-27.5899744504684,16.3381683752056,42.867491194894,25
64.99901,1257.16370051824,-24.7177288962217,-22.5452298818171,16.3381683752027,42.892690465798,25
65.09901,1257.16370051826,-20.8022587970861,-18.223843930081,16.3381683752055,42.9178832313088,25
65.19901,1257.16370051824,-22.3166569731867,-20.6122281378063,16.3381683752027,42.9430694931057,25
65.299,1257.19250843713,-23.9686812500705,-27.2688074193127,16.3945136603721,42.9682448996673,25
65.39901,1257.16370051824,-25.652405697111,-19.4310956306623,16.3381683752027,42.993422512275,25
65.49901,1257.16370051826,-25.819964920899,-21.349803582203,16.3381683752056,43.0185892730037,25
65.59901,1257.16370051824,-25.4939026528842,-22.1107166709176,16.3381683752027,43.0437495367323,25
65.69901,1257.16370051825,-27.3840479771327,-23.8744130388996,16.3381683752055,43.0689033051377,25
65.799,1257.19250843711,-24.6873816080168,-24.0431369916952,16.394513660369,43.094046229011,25
65.89901,1257.16370051825,-25.8874055521167,-26.015152621439,16.3381683752054,43.119191362687,25
65.99901,1257.16370051824,-24.6256649464498,-27.6535179434871,16.3381683752025,43.1443256551824,25
66.09901,1257.16370051825,-19.3798945855684,-27.1532470426099,16.3381683752054,43.1694534590596,25
66.19901,1257.16370051823,-24.8663049632839,-25.7404961102235,16.3381683752026,43.1945747759936,25
66.299,1257.19250843712,-23.5662630980053,-23.7259487694302,16.3945136603719,43.2196852590849,25
66.39901,1257.16370051823,-24.4824585027479,-22.9312547366055,16.3381683752026,43.2447979557306,25
66.49901,1257.16370051824,-13.6037287026194,-23.901604235701,16.3381683752054,43.2698998218808,25
66.59901,1257.16370051823,-17.9160382998493,-27.2057462665842,16.3381683752025,43.2949952077845,25
66.69901,1257.16370051824,-23.1765121533074,-16.1959798849101,16.3381683752053,43.3200841151136,25
66.799,1257.1925084371,-18.9961470202706,-21.3530820767057,16.3945136603689,43.3451621992753,25
66.89901,1257.16370051824,-25.4159659524974,-21.5249515748313,16.3381683752053,43.3702425007387,25
66.99901,1257.16370051822,-26.7432457520043,-19.4505104038144,16.3381683752025,43.3953119823782,25
67.09901,1257.16370051824,-21.8964886251955,-23.2911798992193,16.3381683752052,43.4203749921307,25
67.19901,1257.16370051822,-19.7000694428015,-20.0663020135582,16.3381683752025,43.4454315316671,25
67.299,1257.19250843711,-23.1854570648961,-27.8092850909838,16.3945136603718,43.4704772586983,25
67.39901,1257.16370051822,-23.162630319218,-24.3148135990064,16.3381683752024,43.495525206773,25
67.49901,1257.16370051824,-26.0384719197806,-26.2346693639655,16.3381683752052,43.5205623456815,25
67.59901,1257.16370051822,-22.3814391954202,-26.1974975068436,16.3381683752024,43.5455930210528,25
67.69901,1257.16370051823,-28.0849443577698,-27.9122125397689,16.3381683752051,43.5706172345552,25
67.799,1257.19250843709,-25.2332590732676,-22.28516962438,16.3945136603687,43.5956306462,25
67.89901,1257.16370051823,-24.0258782484442,-22.0493370823529,16.3381683752051,43.6206462826264,25
67.99901,1257.16370051822,-23.5997261172081,-23.2463918630777,16.3381683752022,43.6456511205302,25
68.09901,1257.16370051823,-25.6107327449224,-29.0612736211367,16.338168375205,43.6706495032354,25
68.19901,1257.16370051821,-27.2029742933068,-21.3398626404468,16.3381683752023,43.6956414324085,25
68.299,1257.1925084371,-22.5302719034264,-21.976748630209,16.3945136603716,43.7206225703585,25
68.39901,1257.16370051821,-24.3976698512435,-24.1582407424678,16.3381683752022,43.7456059368224,25
68.49901,1257.16370051823,-23.0759875369665,-22.1883995409186,16.3381683752049,43.7705785153935,25
68.59901,1257.16370051821,-28.0580214682064,-26.1598282164626,16.3381683752022,43.7955446470941,25
68.69901,1257.16370051823,-23.7817226027861,-25.7172223929971,16.3381683752049,43.8205043335883,25
68.799,1257.19250843708,-23.3503685684471,-21.1301946914618,16.3945136603685,43.8454532394801,25
68.89901,1257.16370051822,-26.4595478011744,-25.6268899370122,16.3381683752048,43.8704043776133,25
68.99901,1257.16370051821,-24.8021222558318,-23.8995941061633,16.3381683752021,43.8953447384701,25
69.09901,1257.16370051822,-26.4836231454726,-22.504242290792,16.3381683752048,43.9202786607739,25
69.19901,1257.16370051821,-27.03002591395,-21.8085642301435,16.338168375202,43.9452061461863,25
69.299,1257.19250843709,-21.2920635793258,-27.5307013044861,16.3945136603714,43.9701228616034,25
69.39901,1257.1637005182,-25.2582042225835,-28.147612051894,16.338168375202,43.9950418129841,25
69.49901,1257.16370051822,-22.6074517511691,-27.2491396471227,16.3381683752047,44.019949997692,25
69.59901,1257.1637005182,-24.6751173788201,-23.0157564605538,16.3381683752019,44.0448517521533,25
69.69901,1257.16370051822,-23.4867625208584,-23.8122669170178,16.3381683752047,44.0697470780275,25
69.799,1257.19250843707,-22.9383611422538,-26.0219815634617,16.3945136603684,44.0946316444995,25
69.89901,1257.16370051821,-23.9047630833477,-21.0762600365592,16.3381683752046,44.1195184506537,25
69.99901,1257.1637005182,-24.5670242900052,-23.3832826096774,16.3381683752019,44.1443945007235,25
70.09901,1257.16370051821,-24.2316876178182,-25.2441431534884,16.3381683752046,44.169264128842,25
70.19901,1257.16370051819,-18.9724385280571,-23.6637439863243,16.3381683752019,44.1941273366678,25
70.299,1257.19250843708,-20.4650407077503,-21.124331575631,16.3945136603711,44.2189797956709,25
70.39901,1257.16370051819,-20.6312357223602,-27.1905956794693,16.3381683752018,44.2438344980694,25
70.49901,1257.16370051821,-28.4395669226589,-26.5049892691752,16.3381683752045,44.2686784549585,25
70.59901,1257.16370051819,-19.9016372350525,-20.6865247578499,16.3381683752018,44.2935159981821,25
70.69901,1257.16370051821,-21.5730300082682,-23.9806274300865,16.3381683752045,44.3183471293959,25
70.799,1257.19250843706,-25.6219470690177,-23.4019128154193,16.3945136603682,44.3431675223525,25
70.89901,1257.16370051821,-29.123356843895,-24.1386421470641,16.3381683752044,44.3679901624129,25
70.99901,1257.16370051819,-21.4314389808366,-27.2251836354874,16.3381683752018,44.3928020675266,25
71.09901,1257.1637005182,-23.465594121261,-27.4161838485787,16.3381683752044,44.4176075672487,25
71.19901,1257.16370051818,-20.2510652846452,-24.0605963323709,16.3381683752017,44.4424066632326,25
71.299,1257.19250843708,-27.4163646808069,-27.0383051413141,16.394513660371,44.4671950315125,25
71.39901,1257.16370051818,-20.8268808622027,-27.6388481656113,16.3381683752016,44.4919856505998,25
71.49901,1257.1637005182,-26.7170248923552,-22.2663620347738,16.3381683752044,44.5167655452875,25
71.59901,1257.16370051818,-27.2311615007951,-21.4034401729807,16.3381683752016,44.5415390428478,25
71.69901,1257.1637005182,-25.2142267699977,-25.907544453412,16.3381683752043,44.5663061449317,25
71.799,1257.19250843705,-22.0186186623526,-21.9110324390563,16.394513660368,44.5910625298501,25
71.89901,1257.1637005182,-22.2764255630551,-26.2315539152748,16.3381683752043,44.6158211692748,25
71.99901,1257.16370051818,-23.393344985875,-20.3903482177934,16.3381683752016,44.640569094835,25
72.09901,1257.16370051819,-24.4858431124227,-20.4364443219999,16.3381683752043,44.6653106315204,25
72.19901,1257.16370051817,-20.6440222567338,-20.8421555400814,16.3381683752015,44.6900457809802,25
72.299,1257.19250843707,-24.5675606362759,-20.0318491880887,16.3945136603708,44.7147702237999,25
72.39901,1257.16370051817,-21.4914596915665,-23.3283884104834,16.3381683752015,44.7394969248198,25
72.49901,1257.16370051819,-24.2322166527108,-25.3428831946253,16.3381683752042,44.7642129224959,25
72.59901,1257.16370051817,-25.1349132307834,-24.4505096776755,16.3381683752015,44.7889225395396,25
72.69901,1257.16370051819,-23.9829415051124,-23.2493212331362,16.3381683752042,44.8136257775981,25
72.799,1257.19250843704,-25.1244409572407,-25.6845538223948,16.3945136603679,44.8383183195276,25
72.89901,1257.16370051819,-21.9900851576552,-23.4544431451964,16.338168375204,44.8630131233471,25
72.99901,1257.16370051817,-23.650159937191,-22.8171696757614,16.3381683752014,44.8876972343301,25
73.09901,1257.16370051819,-25.3031187625211,-20.9163181925341,16.3381683752041,44.9123749729128,25
73.19901,1257.16370051817,-21.1098615318805,-21.1867395213372,16.3381683752012,44.9370463407403,25
73.299,1257.19250843706,-24.4891805457014,-19.6087447498488,16.3945136603705,44.9617070229368,25
73.39901,1257.16370051817,-23.5354612859513,-20.7069723938471,16.3381683752012,44.9863699707077,25
73.49901,1257.16370051818,-21.6351558500348,-23.3849223625979,16.338168375204,45.0110222361355,25
73.59901,1257.16370051816,-22.724322033399,-16.9408509615268,16.3381683752012,45.0356681373838,25
73.69901,1257.16370051818,-26.249300390162,-22.0219842155574,16.3381683752039,45.060307676096,25
73.799,1257.19250843704,-21.0115143163699,-27.3273801943842,16.3945136603675,45.0849365396612,25
73.89901,1257.16370051818,-22.46907813147,-23.899565628525,16.3381683752039,45.1095676724813,25
73.99901,1257.16370051816,-25.1589986209506,-22.4198041388699,16.3381683752011,45.1341881334387,25
74.09901,1257.16370051817,-25.2560724164132,-24.9467832357148,16.338168375204,45.1588022384271,25
74.19901,1257.16370051816,-20.3155420980409,-22.6944555680174,16.338168375201,45.1834099890877,25
74.299,1257.19250843705,-22.7467356147547,-21.9504779676952,16.3945136603704,45.2080070750725,25
74.39901,1257.16370051816,-23.3537393941408,-28.2933276324518,16.338168375201,45.2326064339873,25
74.49901,1257.16370051817,-20.5633757760839,-23.0357975094849,16.3381683752038,45.2571951315058,25
74.59901,1257.16370051815,-18.3283785621891,-20.6827166568568,16.338168375201,45.2817774812554,25
74.69901,1257.16370051817,-27.0277581745768,-23.6807350939872,16.3381683752038,45.3063534848751,25
74.799,1257.19250843703,-25.3278914705685,-28.8201813341696,16.3945136603674,45.3309188342766,25
74.89901,1257.16370051817,-26.1764074903792,-28.5847327038489,16.3381683752038,45.3554864602779,25
74.99901,1257.16370051815,-22.6631559376109,-24.5701780409413,16.338168375201,45.3800434353366,25
75.09901,1257.16370051816,-25.9050752717725,-20.3795524131611,16.3381683752038,45.4045940708155,25
75.19901,1257.16370051815,-23.0281154223027,-26.4690838230559,16.338168375201,45.4291383683517,25
75.299,1257.19250843704,-21.7188546776386,-23.2535278735131,16.3945136603701,45.4536720221134,25
75.39901,1257.16370051815,-20.024781055027,-26.5371397009897,16.338168375201,45.4782079561414,25
75.49901,1257.16370051816,-24.2486382563319,-24.4768222906423,16.3381683752037,45.5027332496656,25
75.59901,1257.16370051814,-21.2324555721909,-21.0970169015673,16.3381683752008,45.5272522117897,25
75.69901,1257.16370051816,-26.1185945777929,-21.3121388550076,16.3381683752037,45.5517648441479,25
75.799,1257.19250843701,-21.2226053549572,-25.722197760679,16.3945136603672,45.5762668431618,25
75.89901,1257.16370051816,-26.7129737810534,-24.0391856818584,16.3381683752037,45.6007711261025,25
75.99901,1257.16370051814,-24.421620962204,-26.7352303506391,16.3381683752008,45.6252647789657,25
76.09901,1257.16370051815,-21.4046449150842,-23.8973201446771,16.3381683752036,45.6497521085968,25
76.19901,1257.16370051814,-26.1827764631712,-23.5061940916879,16.3381683752006,45.674233116628,25
76.299,1257.19250843703,-25.3794217567971,-24.5118418561073,16.39451366037,45.6987035017325,25
76.39901,1257.16370051814,-21.4795241341796,-25.3400541247695,16.3381683752006,45.7231761744195,25
76.49901,1257.16370051815,-23.2809444576775,-17.9968583969317,16.3381683752035,45.7476382274421,25
76.59901,1257.16370051814,-22.5242410192951,-20.1021483562416,16.3381683752006,45.7720939653903,25
76.69901,1257.16370051815,-22.1542029047777,-27.0383172910188,16.3381683752034,45.7965433898944,25
76.79901,1257.16370051813,-23.2765258161333,-21.8079089009196,16.3381683752007,45.8209865025841,25
76.89901,1257.16370051815,-25.6895009574401,-24.7551669580296,16.3381683752034,45.8454233050893,25
76.99901,1257.16370051813,-25.3046786433275,-24.047152339489,16.3381683752006,45.8698537990384,25
77.09901,1257.16370051815,-28.0343921223298,-23.0584865777604,16.3381683752034,45.894277986061,25
77.19901,1257.16370051813,-21.222904582323,-22.449661818987,16.3381683752006,45.9186958677845,25
77.29901,1257.16370051814,-23.2538978955882,-20.5949713265581,16.3381683752033,45.9431074458371,25
77.39901,1257.16370051813,-24.3325351255611,-23.2527790177034,16.3381683752005,45.9675127218463,25
77.49901,1257.16370051814,-23.8819743728063,-24.8632208144122,16.3381683752033,45.9919116974381,25
77.59901,1257.16370051812,-19.9732404946591,-18.6971153259199,16.3381683752005,46.0163043742391,25
77.69901,1257.16370051814,-27.8879010229787,-25.2523385357883,16.3381683752033,46.040690753876,25
77.79901,1257.16370051812,-23.3190817390719,-23.1660886355254,16.3381683752004,46.0650708379745,25
77.89901,1257.16370051814,-23.6505178009021,-24.6053299070404,16.3381683752033,46.0894446281593,25
77.99901,1257.16370051812,-23.0855185242859,-21.9678530580782,16.3381683752004,46.1138121260558,25
78.09901,1257.16370051813,-28.169080360817,-26.7585096929272,16.3381683752032,46.1381733332881,25
78.19901,1257.16370051812,-20.6720596372384,-27.1920591976677,16.3381683752004,46.16252825148,25
78.29901,1257.16370051813,-22.093071144954,-17.5660671886368,16.3381683752032,46.1868768822554,25
78.39901,1257.16370051811,-22.8666112649802,-24.5906475990885,16.3381683752004,46.2112192272373,25
78.49901,1257.16370051813,-21.684484651876,-23.6076302256372,16.3381683752032,46.2355552880486,25
78.59901,1257.16370051811,-22.796569681819,-26.3612436564896,16.3381683752004,46.2598850663115,25
78.69901,1257.16370051813,-21.891243151471,-25.9818364557096,16.3381683752032,46.2842085636477,25
78.79901,1257.16370051811,-27.0989108489233,-29.9478427035255,16.3381683752003,46.3085257816789,25
78.89901,1257.16370051813,-23.1947397341625,-25.0288494176007,16.3381683752031,46.3328367220261,25
78.99901,1257.16370051811,-23.3378545044407,-20.4244927770724,16.3381683752003,46.3571413863099,25
79.09901,1257.16370051812,-23.9187594421739,-24.7536439404896,16.3381683752031,46.3814397761507,25
79.19901,1257.16370051811,-22.8079226916337,-20.6409458898043,16.3381683752003,46.405731893168,25
79.29901,1257.16370051812,-18.9731570107323,-22.9133568664826,16.3381683752032,46.4300177389815,25
79.39901,1257.1637005181,-18.4956581966134,-24.1676704464626,16.3381683752003,46.4542973152097,25
79.49901,1257.16370051812,-23.8636187780267,-23.1354005054723,16.3381683752031,46.4785706234713,25
79.59901,1257.1637005181,-25.6374653538283,-23.5737769093938,16.3381683752002,46.5028376653846,25
79.69901,1257.16370051812,-21.5422477366382,-20.888077105422,16.338168375203,46.5270984425674,25
79.79901,1257.1637005181,-22.1146751257057,-24.5709598246774,16.3381683752001,46.551352956637,25
79.89901,1257.16370051812,-27.7092020548781,-24.6604233944783,16.338168375203,46.5756012092101,25
79.99901,1257.1637005181,-21.1759061068893,-18.9511606197054,16.3381683752001,46.599843201903,25
80.09901,1257.16370051811,-21.5507266028059,-18.8150703964536,16.3381683752029,46.6240789363317,25
80.19901,1257.1637005181,-23.5773340127082,-21.1299365217101,16.3381683752001,46.6483084141121,25
80.29901,1257.16370051811,-22.9233609210994,-24.4587593300551,16.3381683752029,46.6725316368592,25
80.39901,1257.1637005181,-24.3096260138434,-20.7204389869894,16.3381683752,46.6967486061881,25
80.49901,1257.16370051811,-27.922182933904,-23.9472359845802,16.3381683752029,46.7209593237133,25
80.59901,1257.16370051809,-24.4607627136273,-23.6905602462277,16.3381683752,46.745163791048,25
80.69901,1257.16370051811,-20.6262682283007,-25.0856534182367,16.3381683752028,46.7693620098065,25
80.79901,1257.16370051809,-27.7159991770889,-23.1924135209906,16.3381683751999,46.7935539816014,25
80.89901,1257.16370051811,-24.3054340265156,-25.429689518007,16.3381683752028,46.8177397080452,25
80.99901,1257.16370051809,-24.3439703583537,-25.0352374692329,16.3381683751999,46.841919190751,25
81.09901,1257.16370051811,-23.2527918678802,-22.8154625012327,16.3381683752027,46.8660924313307,25
81.19901,1257.16370051809,-18.4377661447118,-26.1458237793696,16.3381683751999,46.890259431395,25
81.29901,1257.1637005181,-24.7493605212719,-26.3255622946231,16.3381683752027,46.9144201925551,25
81.39901,1257.16370051809,-24.764598464915,-26.0857317353394,16.3381683751999,46.9385747164217,25
81.49901,1257.1637005181,-20.73597857226,-18.6076803187099,16.3381683752027,46.9627230046051,25
81.59901,1257.16370051808,-24.0552540326071,-23.6236226451262,16.3381683751998,46.9868650587152,25
81.69901,1257.1637005181,-24.3359130888606,-23.9929703100306,16.3381683752027,47.011000880361,25
81.79901,1257.16370051808,-24.2501828896946,-20.3817712498048,16.3381683751998,47.035130471152,25
81.89901,1257.1637005181,-25.5354361240671,-22.7422278822557,16.3381683752027,47.0592538326964,25
81.99901,1257.16370051808,-26.236359735405,-25.2448867032789,16.3381683751997,47.0833709666024,25
82.09901,1257.1637005181,-23.6788879937189,-21.7528133786509,16.3381683752026,47.1074818744777,25
82.19901,1257.16370051808,-23.867253482759,-22.019998944413,16.3381683751996,47.1315865579295,25
82.29901,1257.1637005181,-21.2929851406743,-22.0350907922621,16.3381683752025,47.1556850185647,25
82.39901,1257.16370051808,-25.0420789949044,-26.2603790713893,16.3381683751996,47.1797772579898,25
82.49901,1257.16370051809,-23.2312081892441,-21.0474315590184,16.3381683752025,47.2038632778108,25
82.59901,1257.16370051808,-23.0187060080788,-23.5667121060947,16.3381683751996,47.2279430796336,25
82.69901,1257.16370051809,-26.0395565872324,-24.8828102960495,16.3381683752024,47.2520166650633,25
82.79901,1257.16370051808,-22.4619227750825,-24.6206091800164,16.3381683751995,47.2760840357045,25
82.89901,1257.16370051809,-28.3719023761962,-26.6365649172821,16.3381683752023,47.3001451931623,25
82.99901,1257.16370051807,-20.4673196812205,-26.5217174614178,16.3381683751995,47.32420013904,25
83.09901,1257.16370051809,-26.3972970597558,-21.6641459168108,16.3381683752024,47.348248874941,25
83.19901,1257.16370051807,-24.6223813261278,-23.5331381429662,16.3381683751996,47.3722914024693,25
83.29901,1257.16370051809,-26.8065375897955,-27.8282085170373,16.3381683752023,47.396327723227,25
83.39901,1257.16370051807,-21.3888644851802,-21.4247103713632,16.3381683751995,47.4203578388161,25
83.49901,1257.16370051809,-23.1247796734781,-24.9829778744887,16.3381683752023,47.4443817508386,25
83.59901,1257.16370051807,-26.4611328366958,-23.9829446013509,16.3381683751994,47.4683994608969,25
83.69901,1257.16370051808,-21.9978472744795,-24.9970342649324,16.3381683752023,47.4924109705921,25
83.79901,1257.16370051806,-26.6325336297466,-26.7688798244586,16.3381683751994,47.5164162815239,25
83.89901,1257.16370051808,-21.2595289528172,-20.9948184905378,16.3381683752023,47.5404153952929,25
83.99901,1257.16370051806,-25.7397011703722,-26.268078202821,16.3381683751994,47.564408313499,25
84.09901,1257.16370051808,-26.2511500536036,-22.2828103708495,16.3381683752022,47.5883950377422,25
84.19901,1257.16370051806,-26.584142566816,-22.0748121644135,16.3381683751994,47.6123755696205,25
84.29901,1257.16370051807,-23.9721934279898,-20.2833334763266,16.3381683752022,47.6363499107329,25
84.39901,1257.16370051806,-23.1512551355644,-24.3087712665419,16.3381683751994,47.6603180626779,25
84.49901,1257.16370051807,-26.1042093394338,-25.9982142557002,16.3381683752021,47.6842800270534,25
84.59901,1257.16370051806,-21.1344264559959,-25.5010915376492,16.3381683751992,47.7082358054562,25
84.69901,1257.16370051807,-24.0233379268325,-22.5608691813372,16.338168375202,47.7321853994836,25
84.79901,1257.16370051805,-23.4873250191932,-21.9617649208083,16.3381683751992,47.7561288107321,25
84.89901,1257.16370051807,-24.0947215314141,-24.929685211618,16.3381683752021,47.7800660407977,25
84.99901,1257.16370051805,-24.3930564754862,-24.4412960228658,16.3381683751993,47.8039970912764,25
85.09901,1257.16370051807,-23.0889981895192,-16.2298474868024,16.3381683752021,47.827921963763,25
85.19901,1257.16370051805,-24.9312220663405,-21.6761822802877,16.3381683751992,47.8518406598528,25
85.29901,1257.16370051806,-25.5580520050468,-21.2778841704079,16.3381683752021,47.8757531811401,25
85.39901,1257.16370051805,-22.4936981715375,-21.1875648351895,16.3381683751992,47.8996595292193,25
85.49901,1257.16370051806,-19.373490764717,-24.4861764371042,16.338168375202,47.9235597056838,25
85.59901,1257.16370051804,-24.3555868026558,-23.2890145455568,16.3381683751991,47.947453712127,25
85.69901,1257.16370051806,-26.3781881764182,-22.6547402688018,16.3381683752019,47.9713415501415,25
85.79901,1257.16370051804,-22.592450021319,-26.4545923486077,16.3381683751991,47.9952232213196,25
85.89901,1257.16370051806,-24.6032130531992,-23.2430002543255,16.3381683752018,48.0190987272536,25
85.99901,1257.16370051804,-30.7449765317298,-23.2381397568491,16.338168375199,48.042968069535,25
86.09901,1257.16370051806,-27.3704667223032,-25.4560684882916,16.3381683752018,48.0668312497554,25
86.19901,1257.16370051804,-21.2522729720271,-21.5866162513623,16.338168375199,48.0906882695054,25
86.29901,1257.16370051806,-22.6326273666541,-23.2223969084819,16.3381683752018,48.1145391303749,25
86.39901,1257.16370051804,-27.3247000443721,-19.884481821537,16.338168375199,48.1383838339547,25
86.49901,1257.16370051806,-25.1242882189898,-26.9391983358764,16.3381683752017,48.1622223818332,25
86.59901,1257.16370051804,-24.9387374140889,-25.1164573934602,16.3381683751989,48.1860547756006,25
86.69901,1257.16370051805,-22.4112048415846,-22.3298694259576,16.3381683752017,48.2098810168451,25
86.79901,1257.16370051804,-27.5597609792769,-25.3827303129809,16.3381683751989,48.2337011071551,25
86.89901,1257.16370051805,-26.032414044332,-22.8144742533225,16.3381683752017,48.2575150481192,25
86.99901,1257.16370051803,-21.3150433644954,-21.6538151601745,16.3381683751989,48.2813228413238,25
87.09901,1257.16370051805,-27.4143394239227,-27.6300914800096,16.3381683752016,48.3051244883567,25
87.19901,1257.16370051803,-22.486756792309,-23.5446985507161,16.3381683751988,48.3289199908036,25
87.29901,1257.16370051805,-26.1042934982077,-23.631940650338,16.3381683752016,48.3527093502518,25
87.39901,1257.16370051803,-27.801511296629,-25.5455564635745,16.3381683751988,48.3764925682872,25
87.49901,1257.16370051805,-27.8657350517204,-20.7041025651828,16.3381683752015,48.400269646495,25
87.59901,1257.16370051803,-21.8570888254801,-22.2607577030558,16.3381683751988,48.4240405864605,25
87.69901,1257.16370051804,-20.0044592855909,-22.7734811509817,16.3381683752015,48.4478053897675,25
87.79901,1257.16370051803,-19.084205183077,-22.9000697559982,16.3381683751988,48.4715640580011,25
87.89901,1257.16370051804,-25.0156597877719,-24.0644302756988,16.3381683752015,48.4953165927441,25
87.99901,1257.16370051802,-22.976793701746,-22.0283567529305,16.3381683751988,48.5190629955808,25
88.09901,1257.16370051804,-25.6006189373837,-22.9028585335206,16.3381683752015,48.5428032680942,25
88.19901,1257.16370051802,-24.8782194555297,-21.1665427895503,16.3381683751987,48.5665374118662,25
88.29901,1257.16370051804,-22.3104991717059,-21.4915560637416,16.3381683752015,48.5902654284801,25
88.39901,1257.16370051802,-27.7850162659101,-24.1931002402717,16.3381683751986,48.6139873195171,25
88.49901,1257.16370051804,-27.5927446424896,-22.7978456572266,16.3381683752015,48.6377030865584,25
88.59901,1257.16370051802,-26.8676010752049,-24.9317057945433,16.3381683751986,48.6614127311848,25
88.69901,1257.16370051803,-25.5199121076642,-24.4238262044469,16.3381683752015,48.6851162549771,25
88.79901,1257.16370051802,-27.3080030231914,-25.1084628051367,16.3381683751986,48.7088136595156,25
88.89901,1257.16370051803,-22.9643340593129,-21.6101376389357,16.3381683752015,48.7325049463795,25
88.99901,1257.16370051802,-24.3889458227727,-22.2971940174882,16.3381683751985,48.7561901171491,25
89.09901,1257.16370051803,-18.8957720788615,-21.7061718138528,16.3381683752015,48.7798691734024,25
89.19901,1257.16370051801,-21.0244793427066,-21.6787203670684,16.3381683751985,48.8035421167185,25
89.29901,1257.16370051803,-24.6098250868888,-23.2521175759813,16.3381683752014,48.8272089486751,25
89.39901,1257.16370051801,-26.2176788858102,-20.2329156637947,16.3381683751985,48.8508696708501,25
89.49901,1257.16370051802,-24.4123767332072,-23.6931714679097,16.3381683752014,48.8745242848204,25
89.59901,1257.16370051801,-23.4539470679838,-24.5249204319347,16.3381683751985,48.8981727921633,25
89.69901,1257.16370051802,-26.1394862828641,-26.1427294532714,16.3381683752014,48.9218151944551,25
89.79901,1257.163700518,-22.9233871570093,-21.8458134044805,16.3381683751985,48.9454514932722,25
89.89901,1257.16370051802,-24.5695202274723,-20.8422407685496,16.3381683752014,48.9690816901901,25
89.99901,1257.163700518,-23.3512975304112,-23.8953133573276,16.3381683751985,48.9927057867842,25
90.09901,1257.16370051802,-24.382951618804,-28.4230714273821,16.3381683752013,49.0163237846288,25
90.19901,1257.163700518,-24.6864793480419,-22.3484347691189,16.3381683751985,49.039935685299,25
90.29901,1257.16370051801,-17.12498568486,-28.6583742158265,16.3381683752013,49.063541490368,25
90.39901,1257.163700518,-21.046582501511,-21.9873744678667,16.3381683751985,49.0871412014098,25
90.49901,1257.16370051801,-25.0414759805692,-18.5849326506628,16.3381683752012,49.1107348199979,25
90.59901,1257.163700518,-20.7887049266245,-23.8927901806659,16.3381683751984,49.1343223477049,25
90.69901,1257.16370051801,-23.8692903930508,-25.7365349392843,16.3381683752012,49.1579037861036,25
90.79901,1257.163700518,-20.8920091931711,-22.1759630168641,16.3381683751984,49.1814791367656,25
90.89901,1257.16370051801,-22.3059556038989,-20.7770135940632,16.3381683752011,49.2050484012624,25
90.99901,1257.16370051799,-24.2081444709959,-23.3206989274506,16.3381683751982,49.2286115811651,25
91.09901,1257.16370051801,-27.2043358549355,-20.1102656449647,16.3381683752011,49.2521686780446,25
91.19901,1257.16370051799,-25.8699708055706,-26.6739901255173,16.3381683751982,49.2757196934719,25
91.29901,1257.16370051801,-23.2950081571525,-23.6442210497443,16.338168375201,49.2992646290164,25
91.39901,1257.16370051799,-22.8032276461328,-22.1117791118493,16.3381683751982,49.3228034862482,25
91.49901,1257.16370051801,-24.8581268817247,-22.2736647315214,16.338168375201,49.3463362667358,25
91.59901,1257.16370051799,-26.7569698089117,-28.1275969417239,16.338168375198,49.369862972048,25
91.69901,1257.163700518,-21.4500382883406,-20.9090318364558,16.3381683752009,49.3933836037535,25
91.79901,1257.16370051799,-21.7351311156137,-22.9673169135326,16.338168375198,49.4168981634198,25
91.89901,1257.163700518,-23.3662495907761,-24.1900202478817,16.3381683752009,49.440406652615,25
91.99901,1257.16370051798,-26.6165889342882,-27.9028327199029,16.3381683751981,49.4639090729058,25
92.09901,1257.163700518,-25.6963514448745,-19.8861524916021,16.3381683752009,49.4874054258593,25
92.19901,1257.16370051798,-28.7414014447484,-26.7060741062992,16.338168375198,49.510895713042,25
92.29901,1257.163700518,-20.5530801026634,-25.2646952524089,16.3381683752008,49.5343799360194,25
92.39901,1257.16370051798,-27.6534986158448,-24.8894292630441,16.338168375198,49.5578580963568,25
92.49901,1257.163700518,-23.1155331169631,-19.7825623884597,16.3381683752007,49.5813301956196,25
92.59901,1257.16370051798,-24.3786011707246,-22.410820583095,16.3381683751979,49.6047962353726,25
92.69901,1257.16370051799,-23.319203643859,-22.7243222070393,16.3381683752007,49.6282562171803,25
92.79901,1257.16370051798,-22.5710685498768,-25.1107697103589,16.3381683751979,49.651710142606,25
92.89901,1257.16370051799,-20.6080494287844,-22.0719794691434,16.3381683752006,49.6751580132136,25
92.99901,1257.16370051797,-24.7594777566306,-22.8867793758732,16.3381683751979,49.6985998305661,25
93.09901,1257.16370051799,-25.6715041279003,-18.5906484298708,16.3381683752006,49.7220355962264,25
93.19901,1257.16370051797,-25.6067825132814,-20.2708478706394,16.3381683751978,49.7454653117567,25
93.29901,1257.16370051799,-21.5261863176872,-26.2033062008305,16.3381683752006,49.7688889787189,25
93.39901,1257.16370051797,-20.150754494014,-22.9146663125614,16.3381683751978,49.7923065986744,25
93.49901,1257.16370051799,-23.1627798862126,-25.7307786576798,16.3381683752005,49.8157181731843,25
93.59901,1257.16370051797,-22.8227307139052,-23.5705150685465,16.3381683751977,49.839123703809,25
93.69901,1257.16370051798,-22.4773874043937,-25.0333039554615,16.3381683752005,49.8625231921093,25
93.79901,1257.16370051797,-26.2334772233436,-24.5746044116172,16.3381683751978,49.8859166396451,25
93.89901,1257.16370051798,-19.2139125493776,-24.6377760733154,16.3381683752005,49.9093040479753,25
93.99901,1257.16370051796,-24.2002480184825,-22.117863352517,16.3381683751978,49.9326854186594,25
94.09901,1257.16370051798,-24.8243857661582,-24.7882618341602,16.3381683752005,49.9560607532558,25
94.19901,1257.16370051796,-23.5456343334811,-21.015554795651,16.3381683751977,49.9794300533231,25
94.29901,1257.16370051798,-26.4316691230119,-24.4544895473155,16.3381683752004,50.0027933204188,25
94.39901,1257.16370051796,-28.2442256586141,-25.9116835089873,16.3381683751977,50.0261505561007,25
94.49901,1257.16370051798,-22.5780900006487,-21.9338931557811,16.3381683752004,50.0495017619259,25
94.59901,1257.16370051796,-25.1281875247179,-24.3951258293513,16.3381683751977,50.0728469394506,25
94.69901,1257.16370051797,-22.6542751610708,-24.0704467305731,16.3381683752004,50.0961860902311,25
94.79901,1257.16370051796,-24.4684099787234,-22.0298790271733,16.3381683751976,50.1195192158237,25
94.89901,1257.16370051797,-24.8625601136571,-24.2067391939407,16.3381683752004,50.1428463177835,25
94.99901,1257.16370051795,-25.1001134274078,-25.7947009446694,16.3381683751976,50.1661673976657,25
95.09901,1257.16370051797,-25.441163369913,-24.4680437540411,16.3381683752004,50.1894824570249,25
95.19901,1257.16370051795,-21.6365379746684,-16.8866573606552,16.3381683751975,50.2127914974157,25
95.29901,1257.16370051797,-25.3421690492363,-22.2533940926323,16.3381683752004,50.2360945203916,25
95.39901,1257.16370051795,-22.784256213025,-22.0568807856486,16.3381683751975,50.2593915275059,25
95.49901,1257.16370051797,-23.8260311965024,-23.1682430339938,16.3381683752003,50.2826825203115,25
95.59901,1257.16370051795,-21.4577921477288,-26.669326778046,16.3381683751974,50.3059675003608,25
95.69901,1257.16370051797,-21.9051685869203,-24.4929420616706,16.3381683752003,50.3292464692071,25
95.79901,1257.16370051795,-22.0109640031537,-21.6316713243722,16.3381683751974,50.3525194284016,25
95.89901,1257.16370051797,-25.2104516558236,-30.181327370451,16.3381683752002,50.3757863794957,25
95.99901,1257.16370051795,-27.2467583508045,-24.9746944086431,16.3381683751973,50.3990473240407,25
96.09901,1257.16370051796,-24.7059608014531,-26.5655843828288,16.3381683752001,50.4223022635872,25
96.19901,1257.16370051794,-22.6432580725522,-24.5051632186697,16.3381683751973,50.4455511996858,25
96.29901,1257.16370051796,-28.5514043661846,-22.9081744737053,16.3381683752,50.4687941338851,25
96.39901,1257.16370051794,-23.7208716927035,-23.3930146302119,16.3381683751972,50.4920310677356,25
96.49901,1257.16370051796,-23.2586333404164,-24.8430888169397,16.3381683752001,50.5152620027865,25
96.59901,1257.16370051794,-25.0539999800005,-20.0515046222595,16.3381683751972,50.5384869405855,25
96.69901,1257.16370051796,-21.7544582787732,-29.4347305931775,16.3381683752,50.5617058826819,25
96.79901,1257.16370051794,-26.0430254150018,-24.4195559958449,16.3381683751971,50.584918830623,25
96.89901,1257.16370051796,-26.2463639762247,-22.5694163460073,16.3381683751999,50.6081257859557,25
96.99901,1257.16370051794,-22.1725276698019,-22.0367720290249,16.3381683751971,50.631326750228,25
97.09901,1257.16370051795,-23.7128737683377,-24.0416793765058,16.3381683751998,50.654521724986,25
97.19901,1257.16370051794,-22.1400772992134,-24.8170257085245,16.338168375197,50.6777107117758,25
97.29901,1257.16370051795,-24.124663527037,-23.998674906809,16.3381683751998,50.7008937121436,25
97.39901,1257.16370051793,-24.4974669481201,-25.6043944772661,16.338168375197,50.7240707276349,25
97.49901,1257.16370051795,-22.6326805567286,-25.8611049720324,16.3381683751997,50.7472417597947,25
97.59901,1257.16370051793,-23.9804279888189,-23.8328922907255,16.338168375197,50.7704068101672,25
97.69901,1257.16370051795,-23.3420814333359,-25.6184413414463,16.3381683751997,50.7935658802974,25
97.79901,1257.16370051793,-24.4734820422107,-25.3064603057351,16.338168375197,50.816718971728,25
97.89901,1257.16370051795,-27.8825414963141,-22.2656969347788,16.3381683751997,50.8398660860032,25
97.99901,1257.16370051793,-17.8742730326738,-21.7346144963185,16.338168375197,50.8630072246659,25
98.09901,1257.16370051794,-27.3418107091399,-22.832754660923,16.3381683751997,50.8861423892591,25
98.19901,1257.16370051793,-19.6333190093432,-25.5644114080929,16.3381683751969,50.9092715813252,25
98.29901,1257.16370051794,-24.07464862103,-28.9625269885314,16.3381683751997,50.9323948024052,25
98.39901,1257.16370051792,-24.7531336411736,-22.2594138791987,16.3381683751969,50.9555120540415,25
98.49901,1257.16370051794,-23.0976022015406,-25.0355843733554,16.3381683751997,50.9786233377743,25
98.59901,1257.16370051792,-20.0448756008628,-27.3627419339519,16.3381683751969,51.0017286551448,25
98.69901,1257.16370051794,-21.701930867753,-22.9833676563706,16.3381683751996,51.0248280076928,25
98.79901,1257.16370051792,-20.6904569426445,-23.2400556726471,16.3381683751968,51.0479213969583,25
98.89901,1257.16370051794,-22.1898322853352,-22.5245829563692,16.3381683751996,51.0710088244814,25
98.99901,1257.16370051792,-22.0407822737048,-25.6530923511924,16.3381683751967,51.0940902918007,25
99.09901,1257.16370051793,-18.3408121415056,-28.0977273557232,16.3381683751995,51.1171658004548,25
99.19901,1257.16370051792,-26.6702572723138,-20.7642936932783,16.3381683751966,51.140235351982,25
99.29901,1257.16370051793,-23.7621868029323,-25.6208135242559,16.3381683751994,51.1632989479205,25
99.39901,1257.16370051791,-26.183248986989,-22.4595155212596,16.3381683751966,51.1863565898072,25
99.49901,1257.16370051793,-24.9088068591951,-21.850187656853,16.3381683751995,51.2094082791798,25
99.59901,1257.16370051791,-22.0216172731128,-22.7924601982805,16.3381683751966,51.2324540175751,25
99.69901,1257.16370051793,-15.7983007033605,-25.0739684166295,16.3381683751994,51.2554938065287,25
99.79901,1257.16370051791,-26.1497277518342,-24.8595797427437,16.3381683751966,51.2785276475764,25
99.89901,1257.16370051792,-23.1908668928183,-23.5721922522085,16.3381683751993,51.3015555422546,25
99.99901,1257.1637005179,-21.2755997424774,-21.9714161801382,16.3381683751965,51.3245774920973,25
100.099,1257.1925084368,-25.4058573008936,-26.3083383861145,16.3945136603656,51.3475892996226,25
100.199,1257.19250843678,-21.7589789867522,-26.4486094052684,16.3945136603625,51.3705993648231,25
100.299,1257.19250843679,-24.5581490216882,-21.4560870483155,16.3945136603655,51.3936034897916,25
100.399,1257.19250843678,-22.00222382288,-20.5608917552122,16.3945136603626,51.4166016760612,25
100.49901,1257.16370051792,-20.5470652133856,-23.1528203148759,16.3381683751993,51.4395981224903,25
100.599,1257.19250843677,-19.1128509116753,-22.8818327294108,16.3945136603626,51.4625802386372,25
100.699,1257.19250843679,-23.8590970017957,-22.3590398937412,16.3945136603655,51.4855606180083,25
100.799,1257.19250843677,-22.5587544715739,-23.1162540194742,16.3945136603625,51.5085350648113,25
100.899,1257.19250843679,-21.2357375876518,-24.3808528803634,16.3945136603654,51.5315035805774,25
100.99901,1257.1637005179,-25.0216738267852,-26.7479460715886,16.3381683751963,51.5544703620484,25
101.099,1257.19250843679,-20.8066352472037,-22.5537986144965,16.3945136603654,51.5774228251224,25
101.199,1257.19250843677,-27.5815275826689,-25.4916751445127,16.3945136603623,51.6003735569627,25
101.299,1257.19250843679,-23.0192461967479,-24.2555408481935,16.3945136603653,51.623318363889,25
101.399,1257.19250843677,-25.7118629520403,-21.3599294497634,16.3945136603622,51.6462572474295,25
101.49901,1257.16370051791,-26.3811820081275,-24.6139981150269,16.3381683751991,51.6691944022141,25
101.599,1257.19250843677,-28.4939236382244,-20.798787391861,16.3945136603623,51.6921172504714,25
101.699,1257.19250843678,-22.1396039027449,-26.5660524140902,16.3945136603652,51.7150383730297,25
101.799,1257.19250843676,-24.6983512833487,-22.776918561205,16.3945136603623,51.7379535783173,25
101.899,1257.19250843678,-22.1546618177605,-19.4548049100631,16.3945136603652,51.7608628678616,25
101.99901,1257.16370051789,-27.1016433391327,-26.5654942754713,16.3381683751962,51.7837704341817,25
102.099,1257.19250843678,-25.503610946478,-28.2958207849191,16.3945136603652,51.8066637058294,25
102.199,1257.19250843676,-23.3144231825009,-24.0021421992632,16.3945136603622,51.8295552573061,25
102.299,1257.19250843678,-21.0897565684249,-28.3448357730809,16.3945136603652,51.8524408991459,25
102.399,1257.19250843676,-25.3238975881868,-22.7769069688517,16.394513660362,51.8753206328744,25
102.49901,1257.1637005179,-22.7322602318391,-19.397688290979,16.3381683751989,51.8981986489033,25
102.599,1257.19250843676,-21.0351732893999,-24.3464104666026,16.3945136603621,51.9210623820985,25
102.699,1257.19250843677,-22.2942580676766,-26.1339110494404,16.3945136603651,51.943924400643,25
102.799,1257.19250843675,-25.3721046625925,-24.0976084954825,16.394513660362,51.9667805171754,25
102.899,1257.19250843677,-26.9258487137159,-22.0997269579179,16.394513660365,51.9896307332185,25
102.99901,1257.16370051788,-17.6279788685215,-32.6641291013272,16.3381683751958,52.0124792370792,25
103.099,1257.19250843677,-23.4302995990057,-22.4079452562412,16.394513660365,52.0353134699302,25
103.199,1257.19250843675,-18.0552542637158,-25.9522392405014,16.3945136603618,52.0581459936445,25
103.299,1257.19250843677,-22.6810740974802,-22.5912142371038,16.394513660365,52.0809726229604,25
103.399,1257.19250843675,-22.6981324713475,-27.1304377084035,16.3945136603619,52.1037933593994,25
103.49901,1257.16370051789,-23.9177523222328,-26.8207244807896,16.3381683751987,52.1266123891663,25
103.599,1257.19250843675,-23.7562492316821,-22.5713532580956,16.3945136603619,52.1494171597319,25
103.699,1257.19250843676,-22.6012401702657,-20.717157236475,16.394513660365,52.1722202266672,25
103.799,1257.19250843674,-21.6014121026807,-24.7329229287529,16.3945136603619,52.1950174068084,25
103.899,1257.19250843676,-20.5021567064623,-24.1643632029949,16.3945136603649,52.2178087016761,25
103.99901,1257.16370051787,-22.7351646288862,-24.4180033978718,16.3381683751958,52.2405982953745,25
104.099,1257.19250843675,-24.1026885859812,-26.6763460177481,16.3945136603649,52.2633736416651,25
104.199,1257.19250843674,-24.1989657906191,-26.2721420719826,16.3945136603619,52.2861472898249,25
104.299,1257.19250843675,-21.3816982242124,-23.8865232722163,16.3945136603649,52.3089150587855,25
104.399,1257.19250843674,-23.8790777225778,-22.4758920542318,16.3945136603619,52.3316769500647,25
104.49901,1257.16370051788,-24.4908452149286,-22.807703815096,16.3381683751986,52.3544371456711,25
104.599,1257.19250843674,-25.9490216795874,-22.2175461649552,16.3945136603618,52.3771831056478,25
104.699,1257.19250843675,-25.4930202762012,-26.2258915904556,16.3945136603648,52.3999273729852,25
104.799,1257.19250843673,-25.746548471947,-20.9425427125858,16.3945136603616,52.4226657687085,25
104.899,1257.19250843675,-26.0948347422266,-19.7086025796834,16.3945136603648,52.4453982943333,25
104.99901,1257.16370051786,-29.5356724675042,-21.7350348626798,16.3381683751957,52.4681291297745,25
105.099,1257.19250843675,-22.3067482074024,-21.281925129612,16.3945136603647,52.4908457413493,25
105.199,1257.19250843673,-24.3533508867541,-21.2394368600117,16.3945136603617,52.51356066577,25
105.299,1257.19250843674,-22.9140043029967,-23.1696205361289,16.3945136603647,52.5362697261513,25
105.399,1257.19250843673,-27.4152600480811,-25.539935416504,16.3945136603617,52.5589729240073,25
105.49901,1257.16370051787,-19.0792430098808,-22.807791938005,16.3381683751984,52.5816744371618,25
105.599,1257.19250843673,-22.1012383879063,-22.3477116552783,16.3945136603617,52.6043617381975,25
105.699,1257.19250843674,-26.9011359149722,-19.8828638708673,16.3945136603646,52.6270473575572,25
105.799,1257.19250843672,-24.8686781074835,-23.4944137100652,16.3945136603616,52.6497271204428,25
105.899,1257.19250843674,-19.2399242850503,-27.859597109177,16.3945136603646,52.6724010283665,25
105.99901,1257.16370051785,-20.0562122320916,-24.5348172328375,16.3381683751956,52.6950732570635,25
106.099,1257.19250843674,-24.0030513430574,-21.6039407791282,16.3945136603645,52.7177312853742,25
106.199,1257.19250843672,-21.7660744328104,-22.7537388732552,16.3945136603616,52.7403876374799,25
106.299,1257.19250843673,-26.7843830144048,-23.3867684787803,16.3945136603644,52.7630381406671,25
106.399,1257.19250843672,-22.1134332525525,-26.1966108842434,16.3945136603615,52.7856827964462,25
106.49901,1257.16370051786,-18.9092776920479,-25.2845278445132,16.3381683751982,52.808325778466,25
106.599,1257.19250843672,-22.8601924973604,-19.2221708889753,16.3945136603614,52.8309545718176,25
106.699,1257.19250843673,-22.4700527879478,-23.2130519126746,16.3945136603644,52.8535816944276,25
106.799,1257.19250843671,-23.5647416586908,-20.7307184585562,16.3945136603614,52.8762029756657,25
106.899,1257.19250843673,-24.3571519493821,-23.9127498821876,16.3945136603644,52.8988184170388,25
106.99901,1257.16370051784,-25.7250882957064,-22.1944197395111,16.3381683751953,52.9214321901138,25
107.099,1257.19250843673,-24.3130519139146,-25.7425643839006,16.3945136603644,52.944031786222,25
107.199,1257.19250843671,-27.8993276504043,-21.420941375547,16.3945136603613,52.9666297170466,25
107.299,1257.19250843673,-20.6620400825534,-24.1384991158933,16.3945136603642,52.9892218140346,25
107.399,1257.19250843671,-25.1394576252243,-24.0468352143751,16.3945136603612,53.0118080786926,25
107.49901,1257.16370051785,-27.3904362885472,-23.0543659944677,16.3381683751981,53.0343926805056,25
107.599,1257.19250843671,-21.3204738952022,-19.2584427254047,16.3945136603612,53.0569631170394,25
107.699,1257.19250843672,-20.7690052071265,-26.4984912517717,16.3945136603642,53.0795318937387,25
107.799,1257.19250843671,-20.1593064557056,-21.2484266777573,16.3945136603611,53.1020948441282,25
107.899,1257.19250843672,-19.913346751309,-25.6860378652965,16.3945136603642,53.1246519697116,25
107.99901,1257.16370051783,-25.3982491320127,-24.1276331955027,16.3381683751951,53.147207437897,25
108.099,1257.19250843672,-24.3792195486912,-25.8787549829136,16.3945136603641,53.1697487524758,25
108.199,1257.1925084367,-21.7575704018611,-25.2133473670241,16.394513660361,53.1922884126628,25
108.299,1257.19250843672,-19.9931616689666,-23.5963767065554,16.3945136603641,53.2148222540564,25
108.399,1257.1925084367,-27.6894206072116,-26.7326932247751,16.394513660361,53.237350278159,25
108.49901,1257.16370051784,-21.4666798905282,-23.6922677043823,16.3381683751979,53.2598766503027,25
108.599,1257.1925084367,-25.9058480369392,-21.5575563938633,16.394513660361,53.282388880497,25
108.699,1257.19250843671,-26.2557350647589,-25.7652306660629,16.394513660364,53.3048994617356,25
108.799,1257.1925084367,-23.5245830862948,-21.184328413282,16.394513660361,53.3274042316876,25
108.899,1257.19250843671,-22.5190345687966,-23.7567629681221,16.394513660364,53.3499031918533,25
108.99901,1257.16370051782,-22.7799574853471,-22.6571474712342,16.3381683751949,53.3724005054932,25
109.099,1257.19250843671,-26.4456918860645,-26.5951015075057,16.3945136603639,53.3948836888261,25
109.199,1257.19250843669,-21.1994100670889,-24.8893697441198,16.3945136603608,53.4173652286315,25
109.299,1257.19250843671,-24.8757035907207,-26.1301116265043,16.3945136603639,53.4398409646479,25
109.399,1257.19250843669,-26.2408133161951,-27.921994267512,16.3945136603608,53.4623108983737,25
109.49901,1257.16370051783,-22.6275517003163,-27.7807122254641,16.3381683751977,53.4847791909988,25
109.599,1257.19250843669,-18.6118393650817,-22.0424752928557,16.3945136603608,53.5072333649434,25
109.699,1257.1925084367,-22.7072745573365,-20.0759224720863,16.3945136603638,53.5296859007825,25
109.799,1257.19250843668,-21.792503511134,-20.2973977556416,16.3945136603608,53.5521326403206,25
109.899,1257.1925084367,-21.6482855696924,-22.3475973764003,16.3945136603638,53.5745735850534,25
109.99901,1257.16370051781,-23.1906162333553,-27.6881986385644,16.3381683751948,53.5970128941048,25
110.099,1257.1925084367,-25.8795690035195,-23.9478005946553,16.3945136603636,53.6194380960878,25
110.199,1257.19250843668,-24.0906530925436,-25.9786733465916,16.3945136603608,53.6418616653796,25
110.299,1257.1925084367,-23.7856021622372,-25.3154231366787,16.3945136603636,53.6642794458482,25
110.399,1257.19250843668,-25.7819698112477,-23.497910875465,16.3945136603607,53.6866914389873,25
110.49901,1257.16370051783,-23.0533420823626,-23.484721555381,16.3381683751973,53.7091018018569,25
110.599,1257.19250843668,-23.6446416930926,-24.9764170292966,16.3945136603607,53.731498069255,25
110.699,1257.1925084367,-29.4194656392244,-24.0884496018061,16.3945136603634,53.7538927093703,25
110.799,1257.19250843668,-24.6619698732651,-19.8961306992961,16.3945136603607,53.7762815681298,25
110.899,1257.1925084367,-21.470486096361,-20.5595513071711,16.3945136603634,53.7986646470269,25
110.99901,1257.1637005178,-30.593531655699,-24.6135651077833,16.3381683751946,53.8210461010585,25
111.099,1257.19250843669,-22.565153184871,-19.3359804356039,16.3945136603633,53.8434134712016,25
111.199,1257.19250843667,-23.6695293723101,-19.0712869198489,16.3945136603605,53.865779219462,25
111.299,1257.19250843669,-23.7574261129692,-25.0671203009062,16.3945136603633,53.8881391938259,25
111.399,1257.19250843667,-22.5010198969495,-24.5214831846143,16.3945136603605,53.9104933957835,25
111.49901,1257.16370051782,-21.1095486748001,-23.6413063015242,16.3381683751971,53.9328459782736,25
111.599,1257.19250843667,-24.9347138363591,-21.3928637908075,16.3945136603605,53.9551844884418,25
111.699,1257.19250843669,-22.2535446661691,-21.4362961475299,16.3945136603632,53.9775213821214,25
111.799,1257.19250843667,-22.878980575965,-28.3623764973091,16.3945136603604,53.9998525093538,25
111.899,1257.19250843669,-25.802066853174,-23.9619624121527,16.3945136603632,54.0221778716271,25
111.99901,1257.16370051779,-20.8462095107873,-23.1038578625166,16.3381683751944,54.0445016198234,25
112.099,1257.19250843669,-20.2693009305743,-23.5946023183409,16.3945136603631,54.0668113072503,25
112.199,1257.19250843666,-22.798891802108,-25.8924566820301,16.3945136603604,54.0891193835753,25
112.299,1257.19250843669,-22.1068757686284,-19.9785080764791,16.3945136603631,54.1114217008925,25
112.399,1257.19250843666,-22.0195962175291,-21.5723003462238,16.3945136603604,54.1337182606884,25
112.49901,1257.16370051781,-22.4360174121828,-21.6349099412352,16.3381683751969,54.1560132117907,25
112.599,1257.19250843666,-21.8928199118027,-21.114924700763,16.3945136603603,54.1782941136611,25
112.699,1257.19250843668,-21.113690386334,-21.9780177774152,16.394513660363,54.2005734098092,25
112.799,1257.19250843666,-22.9477268262932,-23.7212320675278,16.3945136603601,54.2228469543791,25
112.899,1257.19250843668,-22.5429672056835,-22.9958815234638,16.394513660363,54.2451147488556,25
112.99901,1257.16370051779,-22.5006899681736,-26.032150532576,16.3381683751941,54.2673809400158,25
113.099,1257.19250843668,-27.5260800757095,-22.4754985371506,16.3945136603629,54.2896330934666,25
113.199,1257.19250843666,-18.3353716272535,-26.5863092675487,16.3945136603601,54.3118836465683,25
113.299,1257.19250843667,-21.0120499359232,-22.3853907878234,16.3945136603629,54.3341284555122,25
113.399,1257.19250843665,-29.0085798894193,-25.5569246357655,16.39451366036,54.3563675217812,25
113.49901,1257.1637005178,-23.2302866100115,-26.2328044039322,16.3381683751968,54.3786049901031,25
113.599,1257.19250843665,-27.4901707010711,-26.7865113351746,16.39451366036,54.400828432223,25
113.699,1257.19250843667,-24.4376183525524,-21.2708058649995,16.3945136603629,54.42305027936,25
113.799,1257.19250843665,-20.6818868352507,-23.5301013146431,16.3945136603599,54.4452663897497,25
113.899,1257.19250843667,-20.4065163397168,-26.1895243988474,16.3945136603629,54.467476764873,25
113.99901,1257.16370051778,-23.6321818689491,-26.1819271649449,16.3381683751939,54.4896855474128,25
114.099,1257.19250843666,-25.9144064033752,-26.7802622963265,16.3945136603628,54.5118803152432,25
114.199,1257.19250843665,-24.3308562563187,-26.7534886292946,16.3945136603599,54.5340734934499,25
114.299,1257.19250843666,-22.9294044305751,-19.1341550215753,16.3945136603627,54.55626094231,25
114.399,1257.19250843664,-19.8738424937111,-24.6199757583719,16.3945136603599,54.5784426633033,25
114.49901,1257.16370051779,-23.1700266564267,-24.9025768039338,16.3381683751967,54.6006227970688,25
114.599,1257.19250843664,-25.1192752676604,-26.7601499571373,16.3945136603598,54.622788927603,25
114.699,1257.19250843666,-23.4010601524818,-24.6812623974831,16.3945136603628,54.6449534738659,25
114.799,1257.19250843664,-23.195871813462,-23.5202783483853,16.3945136603599,54.6671122981738,25
114.899,1257.19250843666,-22.5105665671604,-22.9972009967973,16.3945136603628,54.6892654020043,25
114.99901,1257.16370051776,-25.8333647191404,-24.7901573369763,16.3381683751938,54.7114169239562,25
115.099,1257.19250843665,-23.1100931060206,-25.8873645278876,16.3945136603628,54.7335544541399,25
115.199,1257.19250843664,-23.3365714728378,-24.1965559191467,16.3945136603598,54.7556904053974,25
115.299,1257.19250843665,-18.6176479613087,-25.1859773098524,16.3945136603627,54.7778206420828,25
115.399,1257.19250843663,-24.6248771988511,-26.2965251939871,16.3945136603597,54.7999451656701,25
115.49901,1257.16370051778,-23.0729734273445,-20.0427817948849,16.3381683751966,54.8220681127206,25
115.599,1257.19250843663,-19.4612692888296,-21.7898833570574,16.3945136603597,54.8441770794518,25
115.699,1257.19250843665,-27.6008193058187,-23.2389714508482,16.3945136603627,54.8662844725952,25
115.799,1257.19250843663,-21.662084412784,-24.4230329188652,16.3945136603596,54.8883861585383,25
115.899,1257.19250843664,-21.7648766066436,-24.4174901278889,16.3945136603626,54.9104821387549,25
115.99901,1257.16370051775,-29.3819660183039,-23.3095638431792,16.3381683751936,54.9325765477699,25
116.099,1257.19250843664,-24.48557770818,-22.3261738716273,16.3945136603625,54.9546569878996,25
116.199,1257.19250843663,-21.5652732297498,-21.6706902497976,16.3945136603595,54.9767358597725,25
116.299,1257.19250843664,-27.5704076983112,-25.1815408094474,16.3945136603624,54.9988090318082,25
116.399,1257.19250843662,-23.0334426442417,-23.6128785615441,16.3945136603595,55.0208765054784,25
116.49901,1257.16370051777,-24.1218334031769,-24.3459918592871,16.3381683751964,55.0429424132757,25
116.599,1257.19250843662,-23.2207893474017,-20.6843206848167,16.3945136603595,55.0649943636061,25
116.699,1257.19250843664,-28.5999403755067,-23.3419911106478,16.3945136603624,55.0870447510041,25
116.799,1257.19250843662,-17.5612286392436,-23.1897135370336,16.3945136603594,55.1090894459188,25
116.899,1257.19250843663,-19.4317747538501,-27.0849368551274,16.3945136603624,55.1311284498195,25
116.99901,1257.16370051775,-20.4576517110038,-22.9072424735196,16.3381683751934,55.1531658931685,25
117.099,1257.19250843663,-21.4830563322508,-28.4594639141965,16.3945136603623,55.1751893904547,25
117.199,1257.19250843662,-26.6007062241859,-24.716429012884,16.3945136603593,55.1972113301263,25
117.299,1257.19250843663,-21.9781375563944,-28.9232499471077,16.3945136603623,55.2192275846586,25
117.399,1257.19250843662,-25.0655234355887,-22.196132199817,16.3945136603593,55.2412381555191,25
117.49901,1257.16370051776,-28.70210717269,-24.7897461139245,16.3381683751962,55.263247171143,25
117.599,1257.19250843661,-24.7136732530499,-24.6675386022562,16.3945136603593,55.2852422520936,25
117.699,1257.19250843663,-23.7321656457126,-20.1190147349645,16.3945136603623,55.3072357807411,25
117.799,1257.19250843661,-22.2042546486275,-26.5228544941147,16.3945136603592,55.3292236315832,25
117.899,1257.19250843662,-23.4272140289845,-23.5094841327048,16.3945136603623,55.3512058060859,25
117.99901,1257.16370051773,-25.2593723222867,-24.4717998091031,16.3381683751933,55.3731864306596,25
118.099,1257.19250843662,-17.1314666093008,-27.5714347359816,16.3945136603623,55.3951531319341,25
118.199,1257.19250843661,-24.1471642809736,-20.3809991477365,16.3945136603593,55.4171182862099,25
118.299,1257.19250843662,-26.1284637609067,-27.4032472152607,16.3945136603623,55.4390777700057,25
118.399,1257.1925084366,-20.5013130117132,-23.7814528233648,16.3945136603593,55.4610315847853,25
118.49901,1257.16370051774,-22.5804236542927,-22.9699927552867,16.3381683751962,55.482983854937,25
118.599,1257.1925084366,-26.6265587956415,-22.9810316988361,16.3945136603593,55.5049222131496,25
118.699,1257.19250843661,-27.7226113626294,-21.8807272110689,16.3945136603622,55.5268590296604,25
118.799,1257.1925084366,-22.7113982691894,-26.4411496798174,16.3945136603592,55.5487901830068,25
118.899,1257.19250843661,-22.9973372484305,-28.2167810764138,16.3945136603621,55.5707156746509,25
118.99901,1257.16370051773,-26.227454642169,-21.64997620675,16.3381683751932,55.5926396269611,25
119.099,1257.19250843661,-17.3654003443213,-23.2708388477792,16.3945136603621,55.614549678678,25
119.199,1257.1925084366,-24.4530432553885,-21.2619946675279,16.394513660359,55.6364581939832,25
119.299,1257.19250843661,-24.2491828706196,-19.9772235935152,16.394513660362,55.6583610534301,25
119.399,1257.1925084366,-18.2727450359878,-21.9737993070641,16.3945136603589,55.6802582584791,25
119.49901,1257.16370051774,-24.5602476294812,-23.7306111407595,16.3381683751959,55.7021539294818,25
119.599,1257.19250843659,-21.6938239702462,-24.5319557726348,16.3945136603588,55.724035711221,25
119.699,1257.19250843661,-24.6069700836487,-21.4147322611895,16.3945136603619,55.7459159618328,25
119.799,1257.19250843659,-25.1503125388951,-23.9713939232129,16.3945136603588,55.7677905638828,25
119.899,1257.1925084366,-20.8452224527662,-26.9376082545835,16.3945136603619,55.7896595188296,25
119.99901,1257.16370051771,-24.2005436434016,-21.3620396623772,16.3381683751928,55.8115269450104,25
120.099,1257.1925084366,-19.944545537539,-20.8884619484681,16.3945136603618,55.8333804932445,25
120.199,1257.19250843659,-26.1851878940979,-23.6732235291059,16.3945136603588,55.8552325156274,25
120.299,1257.1925084366,-24.9728734232829,-26.3809203564132,16.3945136603618,55.8770788967363,25
120.399,1257.19250843658,-28.8854338627775,-24.5708094085294,16.3945136603587,55.8989196380273,25
120.49901,1257.16370051773,-22.2688285963222,-23.1326503548047,16.3381683751956,55.9207588558261,25
120.599,1257.19250843658,-24.6397029230014,-21.4227646694489,16.3945136603587,55.9425842069796,25
120.699,1257.1925084366,-21.0528609943599,-25.0409311649972,16.3945136603616,55.9644080375517,25
120.799,1257.19250843658,-23.8182071257636,-24.736584821997,16.3945136603586,55.9862262341278,25
120.899,1257.1925084366,-21.6014268957212,-20.9375777955196,16.3945136603616,56.0080387981624,25
120.99901,1257.16370051771,-25.1773619058332,-24.1754510949071,16.3381683751927,56.0298498439712,25
121.099,1257.19250843659,-22.3298212759897,-23.2158474889458,16.3945136603616,56.0516470344218,25
121.199,1257.19250843658,-22.4366068824814,-18.5052320737331,16.3945136603585,56.073442709554,25
121.299,1257.19250843659,-21.7438552862392,-26.9248625911044,16.3945136603616,56.0952327579586,25
121.399,1257.19250843658,-21.0245575457359,-21.3548441117802,16.3945136603585,56.117017181088,25
121.49901,1257.16370051772,-23.1670410465885,-26.6046385574696,16.3381683751955,56.1388000912523,25
121.599,1257.19250843657,-22.3348503702365,-24.5325144375343,16.3945136603584,56.1605691573312,25
121.699,1257.19250843659,-25.6738799596368,-18.6644197725106,16.3945136603615,56.1823367133476,25
121.799,1257.19250843657,-29.28530627352,-23.9484499708768,16.3945136603585,56.2040986498956,25
121.899,1257.19250843659,-17.6934410963494,-24.836424214544,16.3945136603614,56.2258549684262,25
121.99901,1257.1637005177,-23.1357772394913,-24.5473679347583,16.3381683751925,56.2476097792444,25
122.099,1257.19250843658,-21.5483045311402,-25.0114271406622,16.3945136603613,56.2693507572348,25
122.199,1257.19250843657,-23.6323212624544,-24.6560566023985,16.3945136603584,56.2910902304125,25
122.299,1257.19250843658,-26.6790495453107,-27.5405893993503,16.3945136603614,56.3128240913718,25
122.399,1257.19250843657,-22.6529426554619,-24.4269979789287,16.3945136603584,56.3345523415614,25
122.49901,1257.16370051771,-24.2123868129877,-23.8941691206517,16.3381683751954,56.3562790892854,25
122.599,1257.19250843656,-25.0994316303344,-23.0167408138673,16.3945136603584,56.3779920154247,25
122.699,1257.19250843658,-23.6500153053264,-22.6660993853679,16.3945136603613,56.3997034419942,25
122.799,1257.19250843656,-27.3484038973012,-20.9946048651443,16.3945136603583,56.4214092635857,25
122.899,1257.19250843658,-23.1339274894687,-26.7111202064315,16.3945136603613,56.4431094816459,25
122.99901,1257.16370051769,-25.5338437607785,-26.6756945296388,16.3381683751924,56.4648082024804,25
123.099,1257.19250843657,-21.6164258717301,-21.8688926572849,16.3945136603612,56.4864931129589,25
123.199,1257.19250843656,-26.501483972452,-23.7133958476009,16.3945136603582,56.5081765291037,25
123.299,1257.19250843657,-23.8021497031982,-27.7638209172535,16.3945136603612,56.5298543475016,25
123.399,1257.19250843655,-27.0148567151925,-22.5363654378755,16.3945136603583,56.5515265695974,25
123.49901,1257.1637005177,-27.473500918512,-22.6750700280667,16.3381683751953,56.5731972997005,25
123.599,1257.19250843655,-24.3045215131005,-23.4798542250212,16.3945136603583,56.5948542306618,25
123.69901,1257.16370051769,-23.9645815267743,-27.1221568336938,16.3381683751952,56.6165137745862,25
123.799,1257.19250843655,-22.686519721371,-21.8331945443242,16.3945136603583,56.6381595238504,25
123.899,1257.19250843656,-25.4143911578946,-22.9712367211473,16.3945136603611,56.6598037861005,25
123.99901,1257.16370051767,-21.7843738033795,-21.5676051973632,16.3381683751923,56.6814465615834,25
124.099,1257.19250843656,-18.8125217139317,-22.0917130319416,16.3945136603611,56.7030755491247,25
124.19901,1257.16370051767,-20.2942279965635,-20.9890696223416,16.3381683751923,56.7247071528606,25
124.299,1257.19250843656,-27.8996043008164,-23.438842908418,16.394513660361,56.7463249731303,25
124.399,1257.19250843654,-23.8000254938244,-24.2507351846741,16.3945136603582,56.7679413116051,25
124.49901,1257.16370051769,-25.3225724828278,-22.8457885918008,16.338168375195,56.7895561685328,25
124.599,1257.19250843654,-24.5536031717875,-22.5068399559539,16.3945136603581,56.8111572487043,25
124.69901,1257.16370051769,-19.8312953328824,-22.1339189326322,16.3381683751949,56.832760948298,25
124.799,1257.19250843654,-24.3030580100639,-26.47931710132,16.3945136603581,56.8543508756057,25
124.899,1257.19250843656,-23.6214582717235,-25.4476162669987,16.3945136603608,56.8759393263316,25
124.99901,1257.16370051766,-23.101551590038,-21.1686229154318,16.3381683751922,56.897526300723,25
125.099,1257.19250843655,-22.3961403903436,-22.5392319060805,16.3945136603608,56.9190995095291,25
125.19901,1257.16370051766,-23.0805541980115,-21.5103928117256,16.3381683751921,56.9406753409808,25
125.299,1257.19250843655,-29.9402759434123,-21.5065277036396,16.3945136603608,56.9622374113117,25
125.399,1257.19250843653,-24.1663397778098,-22.961465931815,16.3945136603579,56.9837980102669,25
125.49901,1257.16370051768,-23.537816430996,-22.1441436026247,16.3381683751948,57.0053571380934,25
125.599,1257.19250843653,-28.3367768702407,-19.3420705140022,16.394513660358,57.0269025114908,25
125.69901,1257.16370051768,-24.176091014792,-23.0707653849568,16.3381683751947,57.0484505107538,25
125.799,1257.19250843653,-28.5413878591631,-22.3292165177657,16.394513660358,57.0699847600461,25
125.899,1257.19250843655,-26.1880999116303,-25.5671304330133,16.3945136603607,57.0915175431625,25
125.99901,1257.16370051765,-24.2729312734463,-23.843881208744,16.338168375192,57.1130488603502,25
126.099,1257.19250843655,-29.0737919795075,-21.625667508138,16.3945136603607,57.1345664342515,25
126.19901,1257.16370051765,-23.3509161298566,-25.1257529702783,16.338168375192,57.1560866372321,25
126.299,1257.19250843654,-21.9109075272313,-25.9975974374429,16.3945136603606,57.1775931013791,25
126.399,1257.19250843652,-20.4571757032673,-24.4667958682972,16.3945136603577,57.1990981045429,25
126.49901,1257.16370051767,-24.4512903570651,-25.7732234042382,16.3381683751945,57.2206016469702,25
126.599,1257.19250843652,-26.5250480519843,-26.7801899665117,16.3945136603577,57.2420914572387,25
126.69901,1257.16370051767,-28.956461199973,-24.5187728575816,16.3381683751944,57.2635838997981,25
126.799,1257.19250843652,-23.0822884177433,-19.8166350644757,16.3945136603576,57.2850626146457,25
126.899,1257.19250843654,-21.1819844519957,-23.5463090976154,16.3945136603604,57.3065398736966,25
126.99901,1257.16370051765,-27.4636255454921,-26.0927469906801,16.3381683751917,57.328015677197,25
127.099,1257.19250843654,-20.0154691101799,-26.9863766356227,16.3945136603603,57.3494777596521,25
127.19901,1257.16370051764,-27.3606774440312,-22.878458689234,16.3381683751917,57.3709424776049,25
127.299,1257.19250843654,-23.3814274643958,-24.4112529489162,16.3945136603602,57.3923934789535,25
127.399,1257.19250843652,-20.9418841969412,-21.4026993571702,16.3945136603575,57.4138430296848,25
127.49901,1257.16370051766,-18.7700372090179,-21.486140196281,16.3381683751943,57.4352911300446,25
127.599,1257.19250843652,-21.8250238064473,-21.6252694716579,16.3945136603574,57.4567255204582,25
127.69901,1257.16370051766,-20.652349777198,-25.4257989326001,16.3381683751942,57.4781625495725,25
127.799,1257.19250843651,-24.9322168621099,-22.1628503954876,16.3945136603573,57.4995858731757,25
127.899,1257.19250843653,-21.3609242696168,-25.6099034315485,16.39451366036,57.5210077513345,25
127.99901,1257.16370051764,-27.325743164542,-19.4608652339664,16.3381683751914,57.5424281842946,25
128.09901,1257.16370051766,-20.6219294966316,-22.9934095998661,16.3381683751941,57.5638390030293,25
128.199,1257.19250843651,-23.2292151646414,-24.931280976132,16.3945136603572,57.5852402101476,25
128.29901,1257.16370051766,-20.4965451377543,-26.1109156408829,16.338168375194,57.6066440598037,25
128.399,1257.19250843651,-23.9531878837714,-25.7660798514569,16.3945136603572,57.6280342172427,25
128.49901,1257.16370051765,-23.2984353152544,-22.6077754657069,16.3381683751942,57.6494270184969,25
128.59901,1257.16370051763,-23.556857467768,-26.0987029758894,16.3381683751914,57.6708102146279,25
128.699,1257.19250843652,-22.0445686487605,-22.6127899119642,16.3945136603601,57.6921838082416,25
128.79901,1257.16370051763,-27.576265432233,-24.3923312716152,16.3381683751913,57.7135600475866,25
128.899,1257.19250843652,-27.1487926030084,-22.0122453095056,16.39451366036,57.7349226057759,25
128.99901,1257.16370051763,-25.8444636357208,-20.3564918259362,16.3381683751913,57.7562878109726,25
129.09901,1257.16370051765,-26.0919882943751,-21.730641673176,16.3381683751941,57.7776434201369,25
129.199,1257.1925084365,-20.5469049985493,-19.6411050595806,16.3945136603571,57.7989894358708,25
129.29901,1257.16370051765,-25.3277911272094,-26.8119378603067,16.338168375194,57.8203381005253,25
129.399,1257.1925084365,-20.2691996897404,-27.6829376023361,16.394513660357,57.8416730950717,25
129.49901,1257.16370051764,-25.2287919165747,-21.7637150524681,16.3381683751939,57.8630107398137,25
129.59901,1257.16370051762,-27.2772240999116,-24.2276030269661,16.3381683751912,57.8843387976015,25
129.699,1257.19250843651,-21.6600389169467,-23.9442429907429,16.3945136603598,57.9056572710342,25
129.79901,1257.16370051762,-23.2454340576297,-26.9450762425706,16.3381683751911,57.926978396573,25
129.899,1257.19250843651,-23.6213682980696,-24.8916241728221,16.3945136603598,57.9482858630372,25
129.99901,1257.16370051762,-23.5570410905423,-26.7502089168837,16.3381683751911,57.9695959828804,25
130.09901,1257.16370051764,-21.7803976889849,-19.2569585197021,16.3381683751938,57.9908965248365,25
130.199,1257.19250843649,-25.2199859130132,-26.322430702617,16.3945136603569,58.0121874915015,25
130.29901,1257.16370051764,-19.8868440747818,-23.1894909500466,16.3381683751938,58.0334811134536,25
130.399,1257.19250843649,-20.1860166556609,-28.7039775721937,16.3945136603568,58.0547610873502,25
130.49901,1257.16370051763,-23.1730626149413,-22.0020903145566,16.3381683751938,58.0760437178053,25
130.59901,1257.16370051761,-25.626680816236,-24.8568246268451,16.3381683751909,58.097316779429,25
130.699,1257.19250843651,-22.725905396025,-21.7281621449971,16.3945136603597,58.1185802748132,25
130.79901,1257.16370051761,-26.5094401017616,-20.8005469110593,16.3381683751908,58.1398464286614,25
130.899,1257.1925084365,-25.855159957711,-25.2622000973127,16.3945136603597,58.1610989454595,25
130.99901,1257.16370051761,-26.2928712326843,-20.961291730316,16.3381683751908,58.1823541219913,25
131.09901,1257.16370051763,-23.8389526680806,-19.3353642763675,16.3381683751937,58.2035997387351,25
131.199,1257.19250843648,-18.5799573955781,-22.4623557628041,16.3945136603566,58.2248357982799,25
131.29901,1257.16370051763,-22.1720358524568,-20.3642558845801,16.3381683751937,58.2460745194618,25
131.399,1257.19250843648,-20.9798143744612,-26.2216177890679,16.3945136603567,58.267299614584,25
131.49901,1257.16370051762,-24.2956926010854,-22.9715893063054,16.3381683751936,58.2885273726114,25
131.59901,1257.1637005176,-25.1291503939358,-29.7741602264709,16.3381683751909,58.3097455798828,25
131.699,1257.19250843649,-24.8764140855858,-27.8898809512583,16.3945136603595,58.330954238984,25
131.79901,1257.1637005176,-20.0957146575346,-21.1258783155729,16.3381683751909,58.352165562891,25
131.899,1257.19250843649,-27.1269755176491,-20.9167979209442,16.3945136603596,58.3733632717149,25
131.99901,1257.1637005176,-20.9565394219229,-23.1866516430305,16.338168375191,58.3945636466112,25
132.09901,1257.16370051762,-23.040210731076,-20.181638503969,16.3381683751937,58.4157544797715,25
132.199,1257.19250843647,-23.7548489863825,-25.6484656279939,16.3945136603567,58.4369357737787,25
132.29901,1257.16370051761,-22.220338444554,-26.276898612763,16.3381683751937,58.4581197357563,25
132.399,1257.19250843647,-23.7225696534365,-24.1273506057407,16.3945136603566,58.479290093613,25
132.49901,1257.16370051761,-20.6359263017917,-28.8107500463263,16.3381683751936,58.5004631207061,25
132.59901,1257.16370051759,-19.6224680332922,-29.2702942226616,16.3381683751908,58.5216266150716,25
132.699,1257.19250843648,-24.2872874312067,-25.1367909926807,16.3945136603594,58.5427805792888,25
132.79901,1257.16370051759,-27.3161367013035,-21.8255433845733,16.3381683751907,58.5639372146379,25
132.899,1257.19250843648,-23.1068506798532,-23.4962933363268,16.3945136603594,58.5850802568142,25
132.99901,1257.16370051759,-21.1462887598126,-24.2927670617564,16.3381683751906,58.6062259713856,25
133.09901,1257.16370051761,-25.5084079120445,-22.7867192160824,16.3381683751934,58.6273621622264,25
133.199,1257.19250843646,-22.7532405913608,-24.1303954892486,16.3945136603564,58.6484888319127,25
133.29901,1257.1637005176,-22.2565330802027,-22.5422078886841,16.3381683751933,58.6696181758876,25
133.399,1257.19250843646,-22.4316361409246,-22.1131869322321,16.3945136603564,58.6907339376238,25
133.49901,1257.1637005176,-27.3231703472854,-25.5149954202427,16.3381683751933,58.7118523749105,25
133.59901,1257.16370051758,-22.2674290485398,-21.1887050678462,16.3381683751906,58.7329612974521,25
133.699,1257.19250843647,-20.2823252875468,-23.4519963593289,16.3945136603593,58.754060707821,25
133.79901,1257.16370051758,-26.3657102419049,-22.8515435927971,16.3381683751905,58.7751627956313,25
133.899,1257.19250843647,-25.2504685002887,-22.7929059982831,16.3945136603593,58.7962513121231,25
133.99901,1257.16370051758,-20.1844914804197,-21.3120434538488,16.3381683751904,58.8173425073154,25
134.09901,1257.16370051759,-25.7676882932544,-23.1170904123396,16.3381683751933,58.838424196737,25
134.199,1257.19250843645,-22.5075478275869,-23.3609025048796,16.3945136603561,58.8594963829563,25
134.29901,1257.16370051759,-23.7239194573305,-19.5096585259136,16.3381683751933,58.880571249765,25
134.399,1257.19250843645,-24.5077274540846,-21.2018237678327,16.394513660356,58.9016325561615,25
134.49901,1257.16370051759,-21.259392029173,-24.1826248388801,16.3381683751933,58.9226965444058,25
134.59901,1257.16370051758,-24.1126088173491,-22.8235679887131,16.3381683751902,58.9437510358412,25
134.699,1257.19250843646,-23.4958995677849,-24.4929655806633,16.3945136603591,58.9647960330338,25
134.79901,1257.16370051757,-24.8967317843624,-25.8021570496373,16.3381683751902,58.98584371396,25
134.899,1257.19250843646,-23.2847176182366,-22.5245425812661,16.3945136603591,59.0068778453657,25
134.99901,1257.16370051757,-26.5625297898959,-20.9672869735999,16.3381683751901,59.0279146617621,25
135.09901,1257.16370051759,-24.2962595027427,-20.9886010169525,16.3381683751931,59.0489419903002,25
135.199,1257.19250843644,-20.5816019934309,-24.923117920165,16.3945136603559,59.0699598335428,25
135.29901,1257.16370051758,-26.3489105740212,-23.4379489134296,16.338168375193,59.0909803636595,25
135.399,1257.19250843644,-23.3650181726963,-25.6401354629194,16.3945136603559,59.1119873551339,25
135.49901,1257.16370051758,-25.0748758292517,-20.2899599299019,16.338168375193,59.1329970347372,25
135.59901,1257.16370051757,-21.4484837462881,-20.1899817687619,16.3381683751902,59.1539972354216,25
135.699,1257.19250843645,-25.986048313638,-21.9528449414446,16.3945136603589,59.174987959746,25
135.79901,1257.16370051756,-21.2838188244052,-21.5464039305482,16.3381683751902,59.1959813740815,25
135.899,1257.19250843645,-23.84782909886,-20.8375257389061,16.3945136603589,59.216961260638,25
135.99901,1257.16370051756,-26.7242167387705,-22.9885764452701,16.3381683751901,59.2379438384585,25
136.09901,1257.16370051758,-26.5818093885723,-29.5734126227269,16.338168375193,59.2589169462879,25
136.199,1257.19250843643,-25.5565143918296,-24.0962754144613,16.3945136603557,59.2798805866816,25
136.29901,1257.16370051758,-23.5361724763334,-22.5956705134205,16.338168375193,59.3008469202183,25
136.39901,1257.16370051756,-25.1024294734698,-21.6829070454704,16.3381683751899,59.3218037891147,25
136.49901,1257.16370051757,-22.2974348309054,-24.1482809089864,16.3381683751929,59.3427552478282,25
136.59901,1257.16370051756,-24.1476616008944,-18.165552207567,16.33816837519,59.3637012977551,25
136.699,1257.19250843644,-25.625590149824,-26.4043204656572,16.3945136603588,59.3846378891595,25
136.79901,1257.16370051755,-22.1238612916273,-23.6706961561617,16.3381683751899,59.4055771768347,25
136.89901,1257.16370051757,-22.5914020635455,-22.0456842389291,16.3381683751928,59.4265070087788,25
136.99901,1257.16370051755,-25.7108490271084,-20.7938373826753,16.3381683751898,59.4474314375196,25
137.09901,1257.16370051757,-25.7710624798329,-23.2066929924826,16.3381683751926,59.4683504644523,25
137.199,1257.19250843642,-27.4029862974941,-25.3525059749038,16.3945136603554,59.4892600417634,25
137.29901,1257.16370051757,-22.2239259799791,-26.968844661633,16.3381683751926,59.5101723184698,25
137.39901,1257.16370051755,-22.4333323768569,-22.2629669862925,16.3381683751896,59.5310751483431,25
137.49901,1257.16370051756,-23.9255859803806,-23.0193079877985,16.3381683751926,59.5519725819837,25
137.59901,1257.16370051755,-20.5301748465666,-25.2069002998217,16.3381683751897,59.572864620785,25
137.699,1257.19250843644,-21.5233781815479,-23.0815134010253,16.3945136603584,59.5937472188548,25
137.79901,1257.16370051755,-22.7155300127621,-24.0284968650978,16.3381683751897,59.6146325194401,25
137.89901,1257.16370051756,-20.8147717275202,-22.5164371639093,16.3381683751926,59.6355083820781,25
137.99901,1257.16370051754,-25.9148747843758,-19.2140269954992,16.3381683751897,59.6563788554454,25
138.09901,1257.16370051756,-24.6076855833876,-24.6600393447478,16.3381683751926,59.6772439409332,25
138.199,1257.19250843641,-27.2239899552509,-27.8973040328507,16.3945136603554,59.6980995945682,25
138.29901,1257.16370051756,-25.4006412950552,-23.0590876867683,16.3381683751925,59.7189579538349,25
138.39901,1257.16370051754,-23.5144199362086,-23.1853888651968,16.3381683751896,59.7398068840292,25
138.49901,1257.16370051756,-22.4292109075701,-22.2905739741654,16.3381683751925,59.7606504319055,25
138.59901,1257.16370051754,-27.5791197495117,-21.3322976297947,16.3381683751895,59.7814885988537,25
138.699,1257.19250843643,-25.4884989545483,-20.9159043803076,16.3945136603583,59.8023173428153,25
138.79901,1257.16370051754,-23.8894402042432,-18.0656869596016,16.3381683751896,59.823148795521,25
138.89901,1257.16370051755,-22.1815703537292,-23.3669089935842,16.3381683751924,59.8439708280176,25
138.99901,1257.16370051753,-24.3433518226507,-23.8273349899951,16.3381683751895,59.86478748514,25
139.09901,1257.16370051755,-23.6138932522694,-24.7989070951196,16.3381683751924,59.8855987682764,25
139.199,1257.1925084364,-27.7152904258068,-26.374687015462,16.3945136603552,59.9064006372818,25
139.29901,1257.16370051755,-25.9375149118503,-22.8949743048385,16.3381683751924,59.9272052181391,25
139.39901,1257.16370051753,-20.2123050678437,-25.5712258992574,16.3381683751895,59.948000387639,25
139.49901,1257.16370051754,-19.5179343485715,-22.2741687373477,16.3381683751924,59.9687901886995,25
139.59901,1257.16370051753,-21.6407804943207,-22.8811595049887,16.3381683751895,59.9895746227071,25
139.699,1257.19250843642,-20.6925419486547,-23.2851091255899,16.3945136603583,60.0103496514277,25
139.79901,1257.16370051752,-23.9097676303411,-24.8461338063095,16.3381683751894,60.0311273951043,25
139.89901,1257.16370051754,-23.5553344157956,-27.7431701460506,16.3381683751923,60.0518957362646,25
139.99901,1257.16370051752,-23.7385880095572,-25.1366874056093,16.3381683751894,60.0726587159115,25
140.09901,1257.16370051754,-22.4102003514004,-24.0586134640279,16.3381683751922,60.0934163354298,25
140.199,1257.19250843639,-25.0338027498407,-28.6942249260436,16.394513660355,60.1141645584933,25
140.29901,1257.16370051754,-25.5508342370814,-22.7882272280673,16.3381683751921,60.1349154996131,25
140.39901,1257.16370051752,-24.4658068953882,-21.6947184702021,16.3381683751893,60.1556570470453,25
140.49901,1257.16370051753,-21.0236674933938,-20.2371679309835,16.3381683751921,60.1763932398813,25
140.59901,1257.16370051752,-26.4793984606391,-22.3842137809991,16.3381683751892,60.1971240795034,25
140.699,1257.19250843641,-22.8608957089624,-25.7166427802106,16.3945136603579,60.2178455314927,25
140.79901,1257.16370051752,-21.4942578233866,-18.3725197420475,16.3381683751891,60.2385697046344,25
140.89901,1257.16370051753,-27.4960014667981,-20.2385947367243,16.338168375192,60.2592844929057,25
140.99901,1257.16370051751,-22.9354801757076,-25.5780144606584,16.338168375189,60.2799939334892,25
141.09901,1257.16370051753,-23.9576127407885,-21.2484575821068,16.338168375192,60.3006980277649,25
141.199,1257.19250843639,-18.5117652563858,-26.0763080468391,16.3945136603547,60.3213927432174,25
141.29901,1257.16370051753,-25.3697699869376,-22.4759654077486,16.3381683751919,60.3420901829147,25
141.39901,1257.16370051751,-21.9954039339644,-21.3099573783489,16.338168375189,60.362778246548,25
141.49901,1257.16370051753,-18.6327226540764,-20.1075493659685,16.3381683751919,60.3834609693921,25
141.59901,1257.16370051751,-20.8918481955661,-22.6705396763755,16.338168375189,60.4041383528265,25
141.699,1257.1925084364,-23.2601073512981,-19.692267359357,16.3945136603578,60.424806366236,25
141.79901,1257.16370051751,-23.6862802102066,-24.1244075437777,16.3381683751889,60.4454771069782,25
141.89901,1257.16370051752,-22.4178425990743,-20.2288340980679,16.3381683751918,60.4661384804515,25
141.99901,1257.1637005175,-19.5390316304497,-25.4007315950873,16.3381683751889,60.486794520026,25
142.09901,1257.16370051752,-22.9785570008048,-24.6646069631462,16.3381683751918,60.507445227079,25
142.199,1257.19250843637,-25.3731075808685,-26.5332389477373,16.3945136603547,60.5280865728945,25
142.29901,1257.16370051752,-19.2951923162611,-20.6089871961128,16.3381683751918,60.548730649127,25
142.39901,1257.1637005175,-21.3289888149043,-20.8894694408189,16.3381683751889,60.5693653668738,25
142.49901,1257.16370051751,-22.2367305650119,-19.538825005748,16.3381683751918,60.5899947576037,25
142.59901,1257.1637005175,-27.3501638707582,-21.17490564913,16.3381683751888,60.6106188226913,25
142.699,1257.19250843639,-21.9362270469964,-26.8105591109797,16.3945136603576,60.6312335353168,25
142.79901,1257.1637005175,-24.599330653248,-24.8278007772809,16.3381683751888,60.6518509814396,25
142.89901,1257.16370051751,-22.4731942472024,-26.5035824756231,16.3381683751916,60.6724590778494,25
142.99901,1257.1637005175,-26.0557466470843,-24.9538827150978,16.3381683751887,60.6930618541142,25
143.09901,1257.16370051751,-22.9916905748354,-25.5870126029425,16.3381683751915,60.7136593116083,25
143.199,1257.19250843637,-19.5462491985183,-23.7035420720085,16.3945136603544,60.7342474254045,25
143.29901,1257.16370051751,-18.3261372522563,-26.6969028324878,16.3381683751915,60.7548382757739,25
143.39901,1257.16370051749,-25.2822129512337,-24.9709861053431,16.3381683751887,60.7754197851911,25
143.49901,1257.16370051751,-20.0995878347165,-25.9299463838847,16.3381683751915,60.7959959813269,25
143.59901,1257.16370051749,-22.6858987645888,-26.3268563101554,16.3381683751887,60.8165668655539,25
143.699,1257.19250843638,-23.2435898902767,-16.1954362676355,16.3945136603573,60.8371284148365,25
143.79901,1257.16370051749,-22.7882245525119,-22.5328802792301,16.3381683751886,60.857692703764,25
143.89901,1257.1637005175,-20.419729638248,-21.891383004408,16.3381683751914,60.8782476604893,25
143.99901,1257.16370051749,-24.608324217589,-23.7675013910472,16.3381683751886,60.898797310788,25
144.09901,1257.1637005175,-25.8279372793351,-24.6170941783351,16.3381683751914,60.9193416560308,25
144.199,1257.19250843636,-22.4781288435405,-22.1776447073254,16.3945136603543,60.9398766750709,25
144.29901,1257.1637005175,-20.0112723890419,-25.1329920551901,16.3381683751913,60.9604144368246,25
144.39901,1257.16370051748,-20.6778417930886,-24.6622001930623,16.3381683751885,60.980942875114,25
144.49901,1257.1637005175,-21.9444364168086,-24.225796140668,16.3381683751913,61.001466013823,25
144.59901,1257.16370051748,-24.3978003849068,-27.5907309475295,16.3381683751885,61.0219838543202,25
144.699,1257.19250843637,-21.6211074995264,-25.1169376254515,16.3945136603571,61.0424923773455,25
144.79901,1257.16370051748,-25.7989494457692,-24.5531324758415,16.3381683751885,61.0630036461489,25
144.89901,1257.16370051749,-23.2894941760411,-22.6855622778024,16.3381683751913,61.0835056002145,25
144.99901,1257.16370051748,-26.5867477281269,-30.0576043769771,16.3381683751884,61.1040022615369,25
145.09901,1257.16370051749,-25.14702133465,-24.9551513831536,16.3381683751913,61.1244936314826,25
145.199,1257.19250843635,-24.7103587786655,-19.9743326101872,16.3945136603541,61.1449756926763,25
145.29901,1257.16370051749,-24.4840979919739,-27.1709978254239,16.3381683751912,61.1654605027082,25
145.39901,1257.16370051747,-22.4371326882702,-24.1840868722455,16.3381683751885,61.1859360067185,25
145.49901,1257.16370051749,-24.5288758145779,-17.9395798175282,16.3381683751913,61.2064062248135,25
145.59901,1257.16370051747,-24.0870547346776,-25.5344088978086,16.3381683751884,61.226871158359,25
145.699,1257.19250843636,-25.6186277577138,-25.1121362489221,16.394513660357,61.2473267918595,25
145.79901,1257.16370051747,-24.5365395097805,-23.8362324971736,16.3381683751883,61.2677851772547,25
145.89901,1257.16370051748,-24.1560755018934,-25.4752087456932,16.3381683751912,61.2882342653333,25
145.99901,1257.16370051747,-27.0975714034965,-23.14518095019,16.3381683751883,61.3086780743159,25
146.09901,1257.16370051748,-23.2130923241009,-22.3758312525177,16.3381683751911,61.3291166055665,25
146.199,1257.19250843634,-22.1841484901512,-26.1866803200674,16.3945136603539,61.3495458454693,25
146.29901,1257.16370051748,-22.5096930426295,-22.8680716942997,16.3381683751911,61.3699778403194,25
146.39901,1257.16370051746,-23.9382478013063,-23.6404967781315,16.3381683751883,61.3904005465459,25
146.49901,1257.16370051747,-24.5884321849926,-25.7125777818765,16.3381683751911,61.4108179804875,25
146.59901,1257.16370051746,-18.8159566497461,-23.545361013348,16.3381683751883,61.4312301435052,25
146.699,1257.19250843635,-23.4064727891515,-23.7520632530393,16.3945136603568,61.4516330238617,25
146.79901,1257.16370051745,-23.9269481622404,-26.52193239696,16.3381683751884,61.4720386622135,25
146.89901,1257.16370051747,-28.612972361135,-24.2887188762323,16.338168375191,61.4924350206237,25
146.99901,1257.16370051745,-24.2599226247855,-24.9187140547879,16.3381683751883,61.5128261135507,25
147.09901,1257.16370051747,-24.1775749346503,-20.6897516477002,16.338168375191,61.5332119423546,25
147.199,1257.19250843633,-24.3699924764177,-26.0442105360482,16.3945136603539,61.5535884971707,25
147.29901,1257.16370051747,-23.2585142780194,-24.1754096579807,16.338168375191,61.5739678130272,25
147.39901,1257.16370051745,-23.4328413219808,-23.8643380218608,16.3381683751881,61.5943378576132,25
147.49901,1257.16370051747,-22.9798895766211,-22.3154507375695,16.3381683751909,61.6147026435099,25
147.59901,1257.16370051745,-21.6343661990054,-23.1003352947408,16.338168375188,61.6350621720739,25
147.699,1257.19250843634,-20.6192492268561,-20.8896605429325,16.3945136603567,61.6554124353137,25
147.79901,1257.16370051745,-21.6541204056617,-21.2503436755135,16.3381683751879,61.6757654626344,25
147.89901,1257.16370051746,-20.2723935479401,-21.9513411415627,16.3381683751908,61.6961092273436,25
147.99901,1257.16370051745,-28.7430656278714,-24.1716447235123,16.3381683751879,61.716447740148,25
148.09901,1257.16370051746,-25.7185814351472,-23.521488618164,16.3381683751907,61.736781002403,25
148.199,1257.19250843632,-29.4127062463747,-20.9589618265021,16.3945136603535,61.7571050079861,25
148.29901,1257.16370051746,-23.2007860000804,-18.8894951462355,16.3381683751906,61.7774317806867,25
148.39901,1257.16370051744,-18.287688390064,-18.6323239403226,16.3381683751878,61.7977492994247,25
148.49901,1257.16370051746,-25.8850105227055,-23.9202312867431,16.3381683751905,61.818061573033,25
148.59901,1257.16370051744,-20.9745350203438,-25.9465255000009,16.3381683751878,61.8383686028655,25
148.699,1257.19250843633,-25.6802092451653,-23.688086578099,16.3945136603563,61.8586663846666,25
148.79901,1257.16370051744,-20.5833486589142,-21.5867832294455,16.3381683751879,61.8789669366188,25
148.89901,1257.16370051745,-24.3650496808037,-23.7296132610737,16.3381683751906,61.8992582432454,25
148.99901,1257.16370051743,-25.4223189151097,-23.8219239261455,16.3381683751879,61.9195443115092,25
149.09901,1257.16370051745,-23.7890388887289,-20.7408774813185,16.3381683751906,61.9398251427625,25
149.199,1257.1925084363,-25.4241213889484,-24.1397496302933,16.3945136603535,61.9600967346141,25
149.29901,1257.16370051745,-25.5600047767997,-19.9995169635266,16.3381683751905,61.9803710996451,25
149.39901,1257.16370051743,-26.0951936850228,-24.0355087919374,16.3381683751878,62.0006362279775,25
149.49901,1257.16370051745,-21.380797984374,-25.2258848618543,16.3381683751906,62.0208961247048,25
149.59901,1257.16370051743,-23.3600417900008,-23.9754600866634,16.3381683751878,62.0411507911779,25
149.699,1257.19250843632,-24.260011314808,-21.6768128568001,16.3945136603562,62.0613962268684,25
149.79901,1257.16370051743,-22.6511517402469,-28.1515588187274,16.3381683751876,62.0816444387631,25
149.89901,1257.16370051744,-22.2721610512127,-27.2062306426026,16.3381683751905,62.1018834225739,25
149.99901,1257.16370051742,-27.0603468993137,-18.9445426461453,16.3381683751876,62.1221171815297,25
150.09901,1257.16370051744,-24.5817484279897,-26.0618464411707,16.3381683751904,62.1423457169786,25
150.199,1257.1925084363,-26.4282615118413,-22.9744229884527,16.3945136603532,62.1625650302524,25
150.29901,1257.16370051744,-24.9163603322091,-23.0849764350382,16.3381683751903,62.1827871227517,25
150.39901,1257.16370051742,-21.6549678956496,-23.7886683448853,16.3381683751875,62.2029999957709,25
150.49901,1257.16370051744,-26.923081270531,-22.7299173979466,16.3381683751902,62.2232076506758,25
150.59901,1257.16370051742,-23.5561076447373,-27.5446058183291,16.3381683751875,62.2434100888131,25
150.699,1257.19250843631,-22.4455362667853,-22.9468715939344,16.3945136603559,62.263603313371,25
150.79901,1257.16370051742,-27.6641054520525,-24.8864525616536,16.3381683751875,62.2837993201717,25
150.89901,1257.16370051743,-23.362457715253,-22.7880158216892,16.3381683751902,62.3039861160857,25
150.99901,1257.16370051741,-26.6562455350721,-25.1060688787183,16.3381683751874,62.3241677006171,25
151.09901,1257.16370051743,-20.5863548129651,-22.8917788483889,16.3381683751903,62.3443440751107,25
151.199,1257.19250843628,-23.6699120526566,-24.9924650306059,16.3945136603531,62.364511244611,25
151.29901,1257.16370051743,-20.4842807557114,-26.1075470377279,16.3381683751903,62.3846811993672,25
151.39901,1257.16370051741,-23.3576866261329,-25.6983414561143,16.3381683751875,62.4048419518189,25
151.49901,1257.16370051743,-27.093818333263,-25.7454194121743,16.3381683751902,62.4249974996113,25
151.59901,1257.16370051741,-23.1715916041376,-19.7702732475484,16.3381683751874,62.445147844088,25
151.699,1257.1925084363,-21.2580864252113,-25.3587631835447,16.3945136603559,62.4652889921447,25
151.79901,1257.16370051741,-20.5746631985784,-20.2867531599197,16.3381683751874,62.4854329284672,25
151.89901,1257.16370051742,-26.4332222487714,-20.0105328673571,16.3381683751901,62.5055676710552,25
151.99901,1257.16370051741,-26.1351291308461,-23.2261757626874,16.3381683751873,62.5256972156987,25
152.09901,1257.16370051742,-23.175164302391,-27.2616486205016,16.33816837519,62.5458215637392,25
152.199,1257.19250843628,-24.159933372925,-24.2673557930472,16.3945136603528,62.5659367239232,25
152.29901,1257.16370051742,-19.6007767760686,-19.8198163362716,16.33816837519,62.5860546753781,25
152.39901,1257.1637005174,-19.7260788773144,-25.2262903589008,16.3381683751872,62.6061634416584,25
152.49901,1257.16370051742,-24.8088357426464,-26.1343296001753,16.33816837519,62.6262670167001,25
152.59901,1257.1637005174,-25.0556648462848,-23.1393745721051,16.3381683751873,62.6463654018433,25
152.699,1257.19250843629,-22.0274958253341,-20.8967634169439,16.3945136603557,62.6664546076822,25
152.79901,1257.1637005174,-25.7923958182423,-21.9071141634391,16.3381683751872,62.6865466077935,25
152.89901,1257.16370051741,-20.1421443998615,-28.9769807755231,16.33816837519,62.706629431279,25
152.99901,1257.1637005174,-24.341109233283,-23.2924999899513,16.3381683751871,62.7267070702239,25
153.09901,1257.16370051741,-21.9353964504441,-25.1319573344834,16.3381683751899,62.7467795259653,25
153.199,1257.19250843627,-27.5743304317253,-25.7112336742911,16.3945136603526,62.7668428109434,25
153.29901,1257.16370051741,-23.1487418483344,-20.8802249307508,16.3381683751898,62.7869088931919,25
153.39901,1257.16370051739,-23.9931830050484,-25.6810654338959,16.338168375187,62.8069658073516,25
153.49901,1257.16370051741,-23.3022883791861,-25.952780963128,16.3381683751897,62.8270175436592,25
153.59901,1257.16370051739,-25.3590614560596,-22.8390422391744,16.338168375187,62.8470641034509,25
153.699,1257.19250843628,-20.9501465294636,-22.8153419897201,16.3945136603554,62.8671015010094,25
153.79901,1257.16370051739,-21.1041839424701,-22.4087360052903,16.3381683751869,62.8871416988322,25
153.89901,1257.16370051741,-25.8224757146709,-25.5259780897988,16.3381683751896,62.9071727370933,25
153.99901,1257.16370051739,-25.4969391551633,-23.993651487034,16.3381683751867,62.927198604182,25
154.09901,1257.16370051741,-26.4031840735288,-24.3783915913039,16.3381683751896,62.9472193014335,25
154.199,1257.19250843626,-22.9039611807859,-25.8832265044991,16.3945136603522,62.9672308449702,25
154.29901,1257.1637005174,-23.1589735895274,-23.7422118948486,16.3381683751895,62.9872451917616,25
154.39901,1257.16370051739,-23.2756202039859,-18.1124102058869,16.3381683751867,63.0072503875062,25
154.49901,1257.1637005174,-25.081560124293,-29.6837251348026,16.3381683751894,63.0272504187502,25
154.59901,1257.16370051738,-24.5892426210964,-25.3887786890124,16.3381683751867,63.0472452868265,25
154.699,1257.19250843627,-23.3382886296988,-27.2503951897447,16.3945136603551,63.0672310096964,25
154.79901,1257.16370051738,-23.6850860509634,-26.3048787988833,16.3381683751867,63.0872195388067,25
154.89901,1257.1637005174,-21.0220039175096,-20.3793626201365,16.3381683751894,63.1071989253749,25
154.99901,1257.16370051738,-26.614814032128,-23.7149806903066,16.3381683751867,63.1271731541053,25
155.09901,1257.1637005174,-21.9439934837108,-24.0041258578162,16.3381683751894,63.1471422263291,25
155.199,1257.19250843625,-24.2647799151153,-21.2512876624061,16.3945136603522,63.1671021618441,25
155.29901,1257.16370051739,-24.1638968859618,-26.5286401574164,16.3381683751894,63.187064906582,25
155.39901,1257.16370051738,-21.6409317389314,-23.7955616895669,16.3381683751865,63.2070185172718,25
155.49901,1257.16370051739,-23.2996525206477,-24.1896656995933,16.3381683751894,63.2269669767779,25
155.59901,1257.16370051737,-20.726454934761,-22.7871305924565,16.3381683751864,63.2469102864299,25
155.699,1257.19250843626,-27.4951383088939,-24.5476250379496,16.3945136603551,63.2668444678587,25
155.79901,1257.16370051737,-26.9038445728704,-21.3536078275327,16.3381683751864,63.2867814614888,25
155.89901,1257.16370051739,-22.333989841113,-26.5745669811129,16.3381683751893,63.3067093295534,25
155.99901,1257.16370051737,-22.7327813475861,-28.2593636228733,16.3381683751863,63.3266320530799,25
156.09901,1257.16370051738,-25.8992922714474,-24.4655631689761,16.3381683751893,63.3465496333967,25
156.199,1257.19250843624,-25.8493349705305,-24.975436181636,16.3945136603518,63.3664580939652,25
156.29901,1257.16370051738,-27.2163460819343,-23.6187059067788,16.3381683751893,63.3863693697096,25
156.39901,1257.16370051737,-20.4806629662995,-22.6611689960637,16.3381683751862,63.4062715283608,25
156.49901,1257.16370051738,-25.6668530909516,-20.7919651581752,16.3381683751893,63.4261685491111,25
156.59901,1257.16370051737,-24.7647661709909,-23.5740582128835,16.3381683751862,63.4460604332863,25
156.699,1257.19250843625,-25.2483079054267,-23.6085709918782,16.394513660355,63.465943206178,25
156.79901,1257.16370051736,-24.8707198444996,-27.4383143532727,16.3381683751862,63.4858287972168,25
156.89901,1257.16370051738,-26.6095993747876,-26.2139788235616,16.3381683751893,63.5057052796225,25
156.99901,1257.16370051736,-23.4689258503711,-23.1087511764724,16.3381683751862,63.5255766307559,25
157.09901,1257.16370051737,-27.4670150934746,-24.4491698574014,16.3381683751892,63.5454428519411,25
157.199,1257.19250843623,-22.676164117106,-17.349091305986,16.3945136603517,63.565299970296,25
157.29901,1257.16370051737,-25.9304382731292,-27.1177091342248,16.3381683751891,63.5851599097642,25
157.39901,1257.16370051736,-23.4557374619872,-28.2485169391711,16.3381683751861,63.6050107490502,25
157.49901,1257.16370051737,-20.6079336592754,-23.921441221766,16.3381683751891,63.6248564636836,25
157.59901,1257.16370051736,-22.3301247454105,-25.2371307744883,16.338168375186,63.6446970549873,25
157.699,1257.19250843624,-23.4476233728775,-26.7645221499258,16.3945136603547,63.6645285519028,25
157.79901,1257.16370051735,-24.8870120979636,-21.4563870800742,16.338168375186,63.6843628728955,25
157.89901,1257.16370051737,-24.4455487112933,-28.4335668454248,16.338168375189,63.7041881021443,25
157.99901,1257.16370051735,-23.1893870169852,-23.1697921252757,16.338168375186,63.7240082133522,25
158.09901,1257.16370051736,-20.5664389984232,-26.4011701296603,16.338168375189,63.7438232078403,25
158.199,1257.19250843622,-22.6196457321453,-26.560520980371,16.3945136603515,63.7636291163717,25
158.29901,1257.16370051736,-22.6720650696348,-24.6618155228935,16.338168375189,63.7834378519389,25
158.39901,1257.16370051735,-22.0906542974694,-22.2399233801545,16.338168375186,63.8032375041911,25
158.49901,1257.16370051736,-23.878068019651,-23.9868708322736,16.338168375189,63.8230320450049,25
158.59901,1257.16370051734,-27.172464409746,-21.701225433117,16.3381683751861,63.8428214756996,25
158.699,1257.19250843623,-23.4001050218867,-26.8232378020218,16.3945136603547,63.862601828858,25
158.79901,1257.16370051734,-17.3142506916295,-22.3554444644161,16.338168375186,63.8823850120089,25
158.89901,1257.16370051736,-26.4141847157231,-25.7125180197154,16.338168375189,63.9021591202612,25
158.99901,1257.16370051734,-21.832549066377,-21.7081762444052,16.338168375186,63.9219281236697,25
159.09901,1257.16370051735,-24.9975932023811,-22.967994672236,16.338168375189,63.9416920235519,25
159.199,1257.19250843621,-23.3798620434176,-18.2299829650689,16.3945136603515,63.9614468543082,25
159.29901,1257.16370051735,-26.3598327702261,-24.3690122037591,16.3381683751889,63.9812045180077,25
159.39901,1257.16370051734,-24.194141667139,-26.1879078143124,16.3381683751859,64.0009531152155,25
159.49901,1257.16370051735,-23.4106811857676,-28.283223002673,16.3381683751888,64.0206966141648,25
159.59901,1257.16370051733,-21.1541360497904,-21.4725538060006,16.3381683751859,64.0404350161734,25
159.699,1257.19250843622,-21.5277615067378,-23.5287922449862,16.3945136603544,64.060164357454,25
159.79901,1257.16370051733,-20.9736300787939,-22.1578493848486,16.3381683751859,64.0798965346255,25
159.89901,1257.16370051735,-24.6947289785094,-25.4333442983755,16.3381683751888,64.0996196537016,25
159.99901,1257.16370051733,-25.1415529709623,-24.5342199221557,16.3381683751858,64.1193376810965,25
160.09901,1257.16370051734,-24.3916915349604,-26.4584494231382,16.3381683751887,64.139050618125,25
160.199,1257.1925084362,-18.9661707132682,-21.0350469633558,16.3945136603513,64.1587545028142,25
160.29901,1257.16370051734,-19.4799338123347,-23.2352838355305,16.3381683751887,64.1784612263395,25
160.39901,1257.16370051733,-23.4657818178578,-19.9971676506169,16.3381683751858,64.1981589001525,25
160.49901,1257.16370051734,-20.669509761139,-25.5700738403298,16.3381683751887,64.2178514888542,25
160.59901,1257.16370051732,-23.5985538360305,-22.7099864114408,16.3381683751858,64.2375389937561,25
160.699,1257.19250843621,-22.9651292151999,-22.7815019470268,16.3945136603543,64.2572174546969,25
160.79901,1257.16370051732,-27.8034249055675,-24.6936334507889,16.3381683751857,64.2768987574128,25
160.89901,1257.16370051734,-20.8120318986916,-20.7810471044178,16.3381683751886,64.296571018791,25
160.99901,1257.16370051732,-26.7240591164496,-20.0364617676998,16.3381683751858,64.3162382016191,25
161.09901,1257.16370051733,-21.2806182344084,-20.8495211174757,16.3381683751885,64.3359003072065,25
161.199,1257.19250843619,-22.4014923790358,-22.1683644814975,16.3945136603512,64.3555533771983,25
161.29901,1257.16370051733,-23.0326096485874,-26.3783487805191,16.3381683751885,64.3752092919031,25
161.39901,1257.16370051732,-25.4599171754079,-24.9739395575111,16.3381683751856,64.3948561736323,25
161.49901,1257.16370051733,-24.6581128488213,-20.4661028278382,16.3381683751884,64.4144979833615,25
161.59901,1257.16370051731,-25.0919481733413,-28.0074486864275,16.3381683751855,64.4341347224008,25
161.699,1257.1925084362,-24.4947566332645,-21.9629768671502,16.394513660354,64.4537624342011,25
161.79901,1257.16370051731,-26.1572834491114,-22.4285298047384,16.3381683751855,64.4733929936462,25
161.89901,1257.16370051733,-21.4352084214075,-22.8423586849239,16.3381683751883,64.4930145284685,25
161.99901,1257.16370051731,-23.2754451680426,-18.6943876398932,16.3381683751854,64.5126309978347,25
162.09901,1257.16370051733,-25.7298051904152,-24.7000209735984,16.3381683751883,64.532242403053,25
162.199,1257.19250843618,-24.1752723706452,-24.273526959558,16.3945136603509,64.5518447893762,25
162.29901,1257.16370051732,-24.3618483461459,-26.099973847509,16.3381683751883,64.5714500262732,25
162.39901,1257.16370051731,-22.5307508934653,-24.2975383298098,16.3381683751853,64.5910462468896,25
162.49901,1257.16370051732,-23.6035076029158,-24.4924006551851,16.3381683751882,64.6106374085849,25
162.59901,1257.16370051731,-19.4543735748358,-26.2292251382322,16.3381683751854,64.6302235126665,25
162.699,1257.19250843619,-23.6375436255837,-21.0684774286837,16.3945136603539,64.6498006061865,25
162.79901,1257.1637005173,-19.804447860172,-16.8262595983746,16.3381683751853,64.6693805532062,25
162.89901,1257.16370051732,-21.4185710087442,-27.7375387580518,16.3381683751882,64.6889514922751,25
162.99901,1257.1637005173,-25.7998735941372,-24.549685266276,16.3381683751852,64.7085173789494,25
163.09901,1257.16370051732,-20.8973070893463,-21.6522624584949,16.3381683751881,64.7280782145347,25
163.199,1257.19250843617,-26.5318084630097,-25.5333893432711,16.3945136603506,64.7476300478829,25
163.29901,1257.16370051732,-21.0131621374957,-25.7581676319635,16.3381683751881,64.7671847376503,25
163.39901,1257.1637005173,-24.7240763023945,-26.7633206417383,16.3381683751851,64.7867304277879,25
163.49901,1257.16370051731,-20.8141766841212,-23.1577666365217,16.338168375188,64.8062710720493,25
163.59901,1257.1637005173,-20.2520613344987,-25.7672690653579,16.338168375185,64.8258066717382,25
163.699,1257.19250843618,-22.3518395418015,-20.4128509691466,16.3945136603536,64.845333277502,25
163.79901,1257.16370051729,-22.261291617226,-24.3198141471403,16.338168375185,64.864862742604,25
163.89901,1257.16370051731,-25.7169660974573,-23.6646852180574,16.338168375188,64.8843832163849,25
163.99901,1257.16370051729,-26.1160773331761,-24.0149583746142,16.3381683751851,64.9038986507996,25
164.09901,1257.16370051731,-23.8726822977247,-23.7586189810523,16.3381683751879,64.9234090471491,25
164.199,1257.19250843616,-25.0027053810573,-21.6788637978209,16.3945136603505,64.9429104578754,25
164.29901,1257.16370051731,-22.7020555565253,-21.5229391030333,16.3381683751878,64.9624147308546,25
164.39901,1257.16370051729,-25.7804243739253,-22.3013563123785,16.338168375185,64.9819100208103,25
164.49901,1257.1637005173,-19.918513611091,-23.3200655003797,16.3381683751878,65.0014002779009,25
164.59901,1257.16370051729,-21.882716047706,-21.4068773171133,16.3381683751849,65.0208855034272,25
164.699,1257.19250843618,-21.064153668429,-22.4084288666379,16.3945136603533,65.0403617516213,25
164.79901,1257.16370051728,-26.284071304542,-20.3117768306774,16.3381683751849,65.0598408649763,25
164.89901,1257.1637005173,-21.5839830262696,-28.1187398558465,16.3381683751877,65.0793110035978,25
164.99901,1257.16370051728,-20.2055750899801,-27.1145289913233,16.3381683751849,65.0987761158478,25
165.09901,1257.1637005173,-23.7246294256071,-26.8930514450598,16.3381683751877,65.1182362030233,25
165.199,1257.19250843615,-22.3622544544327,-22.7670434759613,16.3945136603503,65.1376873211481,25
165.29901,1257.1637005173,-20.8541835796555,-24.4931261116389,16.3381683751877,65.1571413073407,25
165.39901,1257.16370051728,-25.5576151790706,-24.7519723233498,16.3381683751848,65.1765863270757,25
165.49901,1257.16370051729,-23.6374248994771,-21.3163996733707,16.3381683751876,65.1960263269241,25
165.59901,1257.16370051728,-24.7441421677926,-19.8428317041592,16.3381683751848,65.2154613081811,25
165.699,1257.19250843617,-26.6965882673966,-21.3273575332954,16.3945136603531,65.2348873286568,25
165.79901,1257.16370051728,-24.1888016710944,-24.7204162322785,16.3381683751847,65.2543162201038,25
165.89901,1257.16370051729,-26.7415470703954,-22.9638250736148,16.3381683751875,65.273736153359,25
165.99901,1257.16370051727,-27.1490086274206,-25.2226675658576,16.3381683751847,65.2931510732039,25
166.09901,1257.16370051729,-25.5128770148358,-26.572175474229,16.3381683751875,65.3125609809321,25
166.199,1257.19250843615,-22.0810806352839,-27.6835690044631,16.3945136603501,65.331961936138,25
166.29901,1257.16370051729,-23.1808427913513,-24.9607830270201,16.3381683751874,65.3513657652132,25
166.39901,1257.16370051727,-21.8533709497346,-24.4516424839443,16.3381683751847,65.370760644353,25
166.49901,1257.16370051729,-24.2181626216951,-20.1879676813868,16.3381683751874,65.3901505165505,25
166.59901,1257.16370051727,-26.0825088304014,-25.3724147849476,16.3381683751846,65.4095353830977,25
166.699,1257.19250843616,-23.5436037955128,-21.9326137464789,16.394513660353,65.4289113053716,25
166.79901,1257.16370051727,-24.0023594082802,-23.5519992609867,16.3381683751845,65.4482901044096,25
166.89901,1257.16370051728,-27.9859601717722,-25.5572989904425,16.3381683751874,65.4676599617583,25
166.99901,1257.16370051727,-23.5282129663926,-23.7676816127026,16.3381683751844,65.4870248186235,25
167.09901,1257.16370051728,-22.6953798495308,-24.4898569914251,16.3381683751874,65.5063846762958,25
167.199,1257.19250843614,-22.6863186691671,-22.7109476490774,16.3945136603497,65.5257355979325,25
167.29901,1257.16370051728,-25.8806321070475,-24.2281177498918,16.3381683751873,65.5450893992253,25
167.39901,1257.16370051726,-27.1038633137054,-26.3540329987193,16.3381683751843,65.5644342670633,25
167.49901,1257.16370051728,-22.3597893778092,-26.1178032957652,16.3381683751871,65.5837741408693,25
167.59901,1257.16370051726,-23.8672109308391,-23.3872421170664,16.3381683751843,65.6031090219318,25
167.699,1257.19250843615,-26.7749329297792,-22.535323765485,16.3945136603526,65.622434975186,25
167.79901,1257.16370051726,-18.8816145712504,-24.4363634422251,16.3381683751843,65.6417638109826,25
167.89901,1257.16370051727,-27.3438748901152,-23.257921754817,16.338168375187,65.6610837215493,25
167.99901,1257.16370051726,-22.5728002211075,-22.4089628874611,16.3381683751843,65.6803986445264,25
168.09901,1257.16370051727,-20.41743722311,-22.0727353570423,16.3381683751869,65.6997085812016,25
168.199,1257.19250843613,-24.7670095672325,-19.9818324683326,16.3945136603497,65.7190095982847,25
168.29901,1257.16370051727,-24.8366015313613,-23.1746802622266,16.338168375187,65.7383135007954,25
168.39901,1257.16370051725,-27.4604903805629,-22.2446503610616,16.3381683751842,65.7576084862883,25
168.49901,1257.16370051727,-24.720080403935,-21.054335251132,16.338168375187,65.7768984906269,25
168.59901,1257.16370051725,-25.4728702351226,-24.4545658119643,16.3381683751841,65.7961835150959,25
168.699,1257.19250843614,-21.8866765272591,-25.871984884822,16.3945136603525,65.8154596281791,25
168.79901,1257.16370051725,-27.3064139334832,-25.3235105390929,16.3381683751841,65.8347386295701,25
168.89901,1257.16370051726,-23.5921376737296,-21.9542032357162,16.3381683751869,65.8540087221447,25
168.99901,1257.16370051725,-21.1830992649265,-20.6743818845181,16.338168375184,65.873273839992,25
169.09901,1257.16370051726,-23.1028595758162,-25.0958183223641,16.3381683751869,65.8925339843954,25
169.199,1257.19250843612,-24.478274062882,-23.3638957676234,16.3945136603494,65.9117852256083,25
169.29901,1257.16370051726,-22.6027184157039,-23.8934609432141,16.3381683751868,65.9310393580056,25
169.39901,1257.16370051724,-23.3758708868378,-25.0028226178299,16.3381683751839,65.9502845897785,25
169.49901,1257.16370051726,-24.3615650520287,-19.8306699871577,16.3381683751868,65.9695248532415,25
169.59901,1257.16370051724,-27.4035370276695,-25.0907877867189,16.3381683751839,65.9887601496774,25
169.699,1257.19250843613,-21.1042359250381,-28.7099893139811,16.3945136603523,66.0079865511075,25
169.79901,1257.16370051724,-24.1049882226201,-22.7225888144046,16.3381683751838,66.0272158465947,25
169.89901,1257.16370051725,-25.532123699477,-21.5009359341061,16.3381683751867,66.04643624964,25
169.99901,1257.16370051724,-24.6628558763587,-27.5378320130176,16.3381683751838,66.0656516907844,25
170.09901,1257.16370051725,-24.284902904284,-21.8936720831528,16.3381683751867,66.0848621713095,25
170.199,1257.19250843611,-22.1384433951182,-23.4533170787024,16.3945136603492,66.1040637650033,25
170.29901,1257.16370051725,-22.1813298776957,-28.1715951595405,16.3381683751867,66.1232682556224,25
170.39901,1257.16370051724,-19.9304542996056,-26.9809950540619,16.3381683751838,66.1424638619712,25
170.49901,1257.16370051725,-26.2091468335212,-23.0198165862716,16.3381683751867,66.1616545128209,25
170.59901,1257.16370051723,-24.0107944329117,-25.2582919960434,16.3381683751837,66.1808402094513,25
170.699,1257.19250843612,-23.7369832875502,-21.3445569374322,16.3945136603522,66.2000170274137,25
170.79901,1257.16370051723,-28.530471637562,-21.5473452864424,16.3381683751837,66.219196745168,25
170.89901,1257.16370051724,-25.5914657871074,-18.7608216420914,16.3381683751867,66.2383675868113,25
170.99901,1257.16370051723,-21.3572344497347,-24.2513413917986,16.3381683751838,66.2575334793482,25
171.09901,1257.16370051724,-25.3532668309026,-18.9712314727079,16.3381683751866,66.2766944240574,25
171.199,1257.1925084361,-23.321046395112,-23.964643505434,16.3945136603492,66.2958464982517,25
171.29901,1257.16370051724,-25.3328517214099,-24.3021321035821,16.3381683751866,66.3150014750995,25
171.39901,1257.16370051722,-28.8910017330698,-25.3831233229493,16.3381683751837,66.3341475839871,25
171.49901,1257.16370051724,-25.8483167220488,-24.6534012801366,16.3381683751865,66.3532887501534,25
171.59901,1257.16370051722,-21.4296801345874,-22.2326047485114,16.3381683751836,66.3724249748745,25
171.699,1257.19250843611,-22.6925972533601,-23.8191894793117,16.394513660352,66.3915523372243,25
171.79901,1257.16370051722,-22.476878182767,-28.1376400185726,16.3381683751836,66.4106826050854,25
171.89901,1257.16370051724,-23.7476595185357,-22.7685017747325,16.3381683751865,66.4298040131252,25
171.99901,1257.16370051722,-25.7649309545017,-24.6824070726271,16.3381683751836,66.4489204848197,25
172.09901,1257.16370051723,-23.2614333659245,-22.975401719127,16.3381683751864,66.4680320214446,25
172.199,1257.19250843609,-23.9443470269009,-25.2715613857983,16.394513660349,66.48713470383,25
172.29901,1257.16370051723,-21.8247316595434,-20.582930803487,16.3381683751863,66.5062402945805,25
172.39901,1257.16370051722,-25.3687545002885,-22.627490786712,16.3381683751835,66.5253370336389,25
172.49901,1257.16370051723,-23.7181791763879,-23.9391085656105,16.3381683751864,66.5444288427224,25
172.59901,1257.16370051721,-27.592076902121,-25.1867351204547,16.3381683751835,66.5635157231018,25
172.699,1257.1925084361,-24.5149297912521,-24.2042022770194,16.3945136603518,66.5825937573632,25
172.79901,1257.16370051721,-21.6324826438684,-22.8017056976438,16.3381683751834,66.6016747028415,25
172.89901,1257.16370051723,-23.9202437013709,-25.0046554202088,16.3381683751862,66.6207468047455,25
172.99901,1257.16370051721,-24.697969092652,-24.9127340049031,16.3381683751834,66.639813983034,25
173.09901,1257.16370051722,-24.8467280206004,-28.1146812332537,16.3381683751862,66.6588762389778,25
173.199,1257.19250843608,-23.8729047936334,-23.8170177150357,16.3945136603487,66.6779296569154,25
173.29901,1257.16370051722,-19.8163923585429,-23.8890409978773,16.3381683751862,66.6969859889162,25
173.39901,1257.1637005172,-22.0861187100859,-21.0043376638804,16.3381683751833,66.7160334854503,25
173.49901,1257.16370051722,-22.0082551819229,-24.9414050126404,16.3381683751862,66.7350760647218,25
173.59901,1257.1637005172,-21.1856376180742,-24.1584058691291,16.3381683751833,66.7541137279986,25
173.699,1257.19250843609,-26.0204720846527,-21.1754228237235,16.3945136603516,66.7731425613697,25
173.79901,1257.1637005172,-21.7220757432665,-20.5097270643222,16.3381683751833,66.7921743116476,25
173.89901,1257.16370051722,-23.8748913842001,-24.82640701286,16.3381683751862,66.8111972345566,25
173.99901,1257.1637005172,-25.0127349612953,-23.8937627576252,16.3381683751832,66.8302152465465,25
174.09901,1257.16370051721,-19.3458958904383,-24.613548064511,16.3381683751861,66.8492283488836,25
174.199,1257.19250843607,-26.0191238430824,-22.7792686121189,16.3945136603486,66.8682326294052,25
174.29901,1257.16370051721,-19.6707443920952,-27.0480825327,16.338168375186,66.887239829673,25
174.39901,1257.16370051719,-24.0793931628587,-22.259374704974,16.3381683751832,66.906238210659,25
174.49901,1257.16370051721,-22.6788242169666,-22.4520842953764,16.338168375186,66.9252316870615,25
174.59901,1257.16370051719,-22.6601555951512,-23.4139579067073,16.3381683751831,66.9442202601466,25
174.699,1257.19250843608,-20.8992508947765,-29.5858440476492,16.3945136603515,66.9632000194958,25
174.79901,1257.16370051719,-22.9869575972785,-23.8116509685028,16.3381683751831,66.9821827014266,25
174.89901,1257.16370051721,-22.3452202530613,-24.1504460347946,16.3381683751859,67.0011565721518,25
174.99901,1257.16370051719,-26.6559661845162,-26.5947981041769,16.3381683751831,67.0201255446213,25
175.09901,1257.1637005172,-23.4602349525888,-22.3729058877996,16.3381683751859,67.0390896200993,25
175.199,1257.19250843606,-24.9065353236662,-20.826233999362,16.3945136603485,67.058044889911,25
175.29901,1257.1637005172,-19.9394549048587,-22.8896477240686,16.3381683751858,67.0770030851368,25
175.39901,1257.16370051718,-23.5883272565916,-21.3355873875344,16.338168375183,67.0959524772232,25
175.49901,1257.1637005172,-23.1728888236046,-25.8181952135719,16.3381683751857,67.1148969773727,25
175.59901,1257.16370051718,-24.8215585589216,-24.0931296212708,16.338168375183,67.1338365868481,25
175.699,1257.19250843607,-27.5857727674743,-26.4446180310348,16.3945136603511,67.1527673987161,25
175.79901,1257.16370051718,-21.7972289692914,-22.5538245160324,16.3381683751829,67.171701138827,25
175.89901,1257.1637005172,-28.0612266220679,-22.4939672409237,16.3381683751856,67.1906260838546,25
175.99901,1257.16370051718,-25.2380371537784,-22.2143182112836,16.3381683751829,67.2095461432576,25
176.09901,1257.1637005172,-22.1564874425233,-27.2921008593398,16.3381683751856,67.2284613182949,25
176.199,1257.19250843605,-24.6355687327575,-24.3451724270696,16.3945136603482,67.2473677037736,25
176.29901,1257.1637005172,-26.9943072244112,-23.2212227760208,16.3381683751855,67.2662770203197,25
176.39901,1257.16370051718,-25.8261970670401,-24.923966034647,16.3381683751828,67.285177549828,25
176.49901,1257.16370051719,-20.0816519303577,-22.7755598152248,16.3381683751854,67.3040732000142,25
176.59901,1257.16370051718,-22.0568960623642,-21.8466658226521,16.3381683751827,67.3229639721375,25
176.699,1257.19250843607,-25.5266595383701,-22.8559069449287,16.3945136603509,67.3418459627407,25
176.79901,1257.16370051717,-25.8128082917219,-25.1763693041604,16.3381683751827,67.3607308872326,25
176.89901,1257.16370051719,-26.7606639509078,-27.070660044442,16.3381683751854,67.3796070327215,25
176.99901,1257.16370051717,-21.9661228132703,-26.3608927678268,16.3381683751827,67.3984783051825,25
177.09901,1257.16370051719,-22.8446129940285,-25.0697492916424,16.3381683751854,67.4173447058728,25
177.199,1257.19250843604,-25.1756330147838,-24.2683536737768,16.3945136603479,67.4362023330712,25
177.29901,1257.16370051718,-25.2892925807738,-22.3367192230961,16.3381683751854,67.4550628969763,25
177.39901,1257.16370051717,-26.7626771945356,-22.8071881377008,16.3381683751826,67.4739146899028,25
177.49901,1257.16370051718,-18.1086223807677,-25.7782912106281,16.3381683751853,67.4927616160892,25
177.59901,1257.16370051716,-25.7186871749754,-24.2513413763773,16.3381683751826,67.5116036767904,25
177.699,1257.19250843605,-22.2679542648764,-26.0761428366631,16.3945136603508,67.5304369720174,25
177.79901,1257.16370051716,-21.8518213574397,-24.4637017687033,16.3381683751825,67.5492732067647,25
177.89901,1257.16370051718,-24.7035516194897,-19.7215450307356,16.3381683751855,67.568100678548,25
177.99901,1257.16370051716,-24.1395282461497,-25.6452380239085,16.3381683751825,67.5869232898691,25
178.09901,1257.16370051718,-25.6630609325484,-24.0707280542838,16.3381683751854,67.6057410419825,25
178.199,1257.19250843603,-23.0061098473679,-26.0727367659,16.3945136603479,67.624550036628,25
178.29901,1257.16370051717,-22.8125104672387,-20.1939416974847,16.3381683751854,67.6433619736045,25
178.39901,1257.16370051716,-21.6999770017326,-23.4694367610185,16.3381683751825,67.6621651556211,25
178.49901,1257.16370051717,-23.4563036615182,-25.2296784653121,16.3381683751854,67.6809634834463,25
178.59901,1257.16370051715,-29.0792045108873,-23.6374901551227,16.3381683751825,67.6997569583328,25
178.699,1257.19250843604,-20.8877153442386,-22.3829622680122,16.3945136603507,67.7185416837487,25
178.79901,1257.16370051715,-22.4914778004939,-21.0297543914259,16.3381683751825,67.7373293543018,25
178.89901,1257.16370051717,-25.1379291004355,-26.6788661275638,16.3381683751853,67.7561082778891,25
178.99901,1257.16370051715,-21.844915130283,-22.6028541427936,16.3381683751824,67.7748823535469,25
179.09901,1257.16370051717,-22.9409471538136,-20.6395558546651,16.3381683751852,67.7936515825272,25
179.199,1257.19250843602,-22.597220192856,-20.9898574989326,16.3945136603477,67.8124120700229,25
179.29901,1257.16370051716,-21.8204838922269,-22.8863324113088,16.3381683751851,67.8311755054596,25
179.39901,1257.16370051715,-21.0937694977262,-22.9533072426855,16.3381683751823,67.8499302019138,25
179.49901,1257.16370051716,-22.9975785796412,-24.0096150795736,16.3381683751851,67.8686800566932,25
179.59901,1257.16370051714,-24.670644372822,-22.2161415202802,16.3381683751823,67.887425071047,25
179.699,1257.19250843603,-24.2195256949324,-23.5296899367059,16.3945136603506,67.9061613518933,25
179.79901,1257.16370051714,-20.1915574439441,-21.9046897808317,16.3381683751823,67.9249005834793,25
179.89901,1257.16370051716,-24.6483124630464,-24.1326792412634,16.338168375185,67.9436310840556,25
179.99901,1257.16370051714,-24.475049509846,-22.0921868854618,16.3381683751823,67.9623567492038,25
180.09901,1257.16370051716,-24.1941505594096,-19.8679573186252,16.338168375185,67.9810775801722,25
180.199,1257.19250843601,-23.9991659972152,-26.6697165084322,16.3945136603475,67.9997896855985,25
180.29901,1257.16370051715,-23.1803889650376,-23.1425283511443,16.338168375185,68.0185047445601,25
180.39901,1257.16370051714,-21.2648727815136,-23.1449927948234,16.3381683751822,68.0372110804745,25
180.49901,1257.16370051715,-26.9327045760336,-21.9199290519963,16.3381683751849,68.0559125871997,25
180.59901,1257.16370051714,-27.0227824631577,-23.9262578373845,16.338168375182,68.0746092659821,25
180.699,1257.19250843602,-25.7974922938067,-24.7980558169776,16.3945136603503,68.0932972271771,25
180.79901,1257.16370051714,-22.9845585030879,-20.6413752489973,16.3381683751819,68.1119881447005,25
180.89901,1257.16370051715,-21.1491897371408,-25.3537724180152,16.3381683751848,68.1306703471293,25
180.99901,1257.16370051713,-25.5509298217886,-21.8854823384903,16.3381683751819,68.1493477265977,25
181.09901,1257.16370051715,-21.8392655353427,-23.7946250788715,16.3381683751848,68.1680202843513,25
181.199,1257.192508436,-19.4720727794026,-23.5371581547102,16.3945136603472,68.1866841324644,25
181.29901,1257.16370051715,-21.83713241137,-25.9491298992902,16.3381683751848,68.205350939694,25
181.39901,1257.16370051713,-20.4633518915449,-23.3137949571231,16.3381683751819,68.2240090397711,25
181.49901,1257.16370051714,-25.7643480926301,-25.6930994727576,16.3381683751847,68.2426623231114,25
181.59901,1257.16370051713,-22.4125302692428,-27.2612599760014,16.3381683751819,68.261310790958,25
181.699,1257.19250843602,-24.2001802903123,-26.0334756744836,16.3945136603501,68.2799505570977,25
181.79901,1257.16370051712,-20.3918072110955,-28.2174007302999,16.3381683751818,68.2985932851397,25
181.89901,1257.16370051714,-21.8991512404738,-19.3435122948858,16.3381683751847,68.3172273139615,25
181.99901,1257.16370051712,-22.4125721752721,-20.9399400522918,16.3381683751817,68.3358565322599,25
182.09901,1257.16370051714,-23.227308107848,-24.2008249555251,16.3381683751846,68.3544809412762,25
182.199,1257.19250843599,-25.4798136183035,-22.5142297832935,16.3945136603471,68.3730966565114,25
182.29901,1257.16370051714,-23.2378942242355,-25.3784725714927,16.3381683751846,68.3917153364308,25
182.39901,1257.16370051712,-21.072153235376,-21.8706992528229,16.3381683751817,68.4103253250518,25
182.49901,1257.16370051713,-20.3363452603987,-21.5973973559378,16.3381683751845,68.4289305093543,25
182.59901,1257.16370051712,-27.954352481646,-21.8856355150396,16.3381683751816,68.44753089058,25
182.699,1257.19250843601,-24.8524034803565,-24.242256370318,16.3945136603498,68.46612258594,25
182.79901,1257.16370051712,-26.9605986908323,-21.3192346855845,16.3381683751815,68.4847172487616,25
182.89901,1257.16370051713,-22.8828131362175,-25.2910713001357,16.3381683751844,68.5033032281963,25
182.99901,1257.16370051711,-19.1903955435353,-18.7887108021275,16.3381683751815,68.5218844095116,25
183.09901,1257.16370051713,-25.7357948229306,-32.6488428212608,16.3381683751843,68.5404607939463,25
183.199,1257.19250843598,-23.5888868982062,-22.3514424273178,16.3945136603468,68.5590285004184,25
183.29901,1257.16370051713,-21.6290764746701,-25.8232697893814,16.3381683751844,68.5775991771276,25
183.39901,1257.16370051711,-22.142221835528,-21.6056231067112,16.3381683751815,68.5961611783499,25
183.49901,1257.16370051712,-23.2609684975295,-24.6478338035768,16.3381683751843,68.6147183876436,25
183.59901,1257.16370051711,-22.8092157023407,-22.2425334083271,16.3381683751814,68.633270806245,25
183.699,1257.192508436,-23.544868786684,-25.4485798479057,16.3945136603498,68.651814554779,25
183.79901,1257.1637005171,-24.4218361867125,-25.0730320395002,16.3381683751813,68.6703612763189,25
183.89901,1257.16370051712,-23.397173550946,-23.1021400069337,16.3381683751843,68.6888993302644,25
183.99901,1257.1637005171,-23.0018766741017,-24.4923967944163,16.3381683751813,68.7074325984632,25
184.09901,1257.16370051712,-20.7131263165208,-25.030100670164,16.3381683751843,68.7259610821512,25
184.199,1257.19250843597,-22.0616520376336,-26.1819115413905,16.3945136603466,68.744480903655,25
184.29901,1257.16370051712,-21.9065819738862,-24.2302284469367,16.3381683751843,68.7630037009332,25
184.39901,1257.1637005171,-25.1505366188159,-21.045790531283,16.3381683751812,68.7815178384976,25
184.49901,1257.16370051711,-23.969945636428,-19.9576111867159,16.3381683751842,68.8000271964886,25
184.59901,1257.1637005171,-28.7565245168788,-27.4018824426564,16.3381683751812,68.8185317761407,25
184.699,1257.19250843599,-26.014924306765,-24.2528453091035,16.3945136603496,68.8370277014845,25
184.79901,1257.1637005171,-21.0699696235225,-27.7932201910392,16.3381683751811,68.8555266053656,25
184.89901,1257.16370051711,-20.9833946449221,-25.0474175660879,16.3381683751842,68.8740168574033,25
184.99901,1257.16370051709,-25.5446610402989,-22.9750033189536,16.3381683751811,68.892502336036,25
185.09901,1257.16370051711,-24.803420829445,-23.0641401749605,16.3381683751841,68.9109830424937,25
185.199,1257.19250843597,-21.0197475926003,-24.7080948948055,16.3945136603464,68.929455102505,25
185.29901,1257.16370051711,-25.3687841253685,-25.0246350801201,16.3381683751841,68.9479301438138,25
185.39901,1257.16370051709,-23.1458511691791,-28.7393953163546,16.3381683751811,68.96639654114,25
185.49901,1257.16370051711,-21.2438809025991,-19.2460012558443,16.3381683751841,68.9848581712183,25
185.59901,1257.16370051709,-22.7126632593849,-20.9812884217296,16.3381683751811,69.0033150352789,25
185.699,1257.19250843598,-26.404920137368,-25.5514267541911,16.3945136603495,69.0217632607472,25
185.79901,1257.16370051709,-24.5805141626044,-25.1395253655159,16.338168375181,69.0402144702701,25
185.89901,1257.1637005171,-21.5169262095438,-21.6579242480617,16.3381683751841,69.0586570436595,25
185.99901,1257.16370051708,-23.2652941877379,-22.601817446359,16.338168375181,69.0770948559529,25
186.09901,1257.1637005171,-29.0847740680588,-24.6824656587725,16.338168375184,69.0955279083769,25
186.199,1257.19250843596,-20.7973315251654,-25.7935046670006,16.3945136603462,69.1139523300515,25
186.29901,1257.1637005171,-28.6429112575408,-26.7270548070914,16.3381683751839,69.1323797385345,25
186.39901,1257.16370051708,-23.2811260034059,-23.5541759985175,16.3381683751809,69.1507985187241,25
186.49901,1257.1637005171,-26.5250573664618,-24.8572500324215,16.3381683751838,69.1692125439597,25
186.59901,1257.16370051708,-19.2170217933858,-28.1104518503421,16.3381683751809,69.1876218154673,25
186.699,1257.19250843597,-24.7798601596604,-22.5162130887187,16.3945136603491,69.2060224640599,25
186.79901,1257.16370051708,-25.3469506284736,-28.562076389159,16.3381683751809,69.224426102208,25
186.89901,1257.16370051709,-27.4697084908301,-22.0144461701356,16.3381683751837,69.2428211198941,25
186.99901,1257.16370051707,-25.0412814553198,-24.6762060671353,16.3381683751808,69.2612113887604,25
187.09901,1257.16370051709,-20.9218050909364,-27.831515327392,16.3381683751838,69.2795969100317,25
187.199,1257.19250843595,-21.6808470545241,-23.0681234102276,16.394513660346,69.2979738162103,25
187.29901,1257.16370051709,-24.1094766347105,-24.4722697524812,16.3381683751837,69.3163537146916,25
187.39901,1257.16370051707,-21.4602102435282,-25.3782977630424,16.3381683751808,69.3347250005309,25
187.49901,1257.16370051708,-21.7792680978577,-22.0330007654722,16.3381683751837,69.3530915436765,25
187.59901,1257.16370051707,-23.29121380763,-25.8733454247133,16.3381683751808,69.3714533453518,25
187.699,1257.19250843596,-24.5552089208903,-22.0013890926551,16.394513660349,69.3898065397484,25
187.79901,1257.16370051707,-23.760759970413,-24.5984852179464,16.3381683751808,69.4081627291891,25
187.89901,1257.16370051708,-24.3299112038994,-23.4386955728026,16.3381683751835,69.4265103137984,25
187.99901,1257.16370051706,-21.7948289034444,-25.2406884139471,16.3381683751807,69.4448531618322,25
188.09901,1257.16370051708,-26.3070715509898,-24.1570997332139,16.3381683751835,69.463191274513,25
188.199,1257.19250843593,-22.6155830666352,-22.1711843652271,16.3945136603459,69.4815207877171,25
188.29901,1257.16370051708,-23.8118609927539,-22.1626748208564,16.3381683751836,69.4998532987057,25
188.39901,1257.16370051706,-22.3434293586191,-25.2706376390874,16.3381683751806,69.5181772126628,25
188.49901,1257.16370051708,-25.2614295776939,-25.1219669449539,16.3381683751835,69.5364963961536,25
188.59901,1257.16370051706,-23.2738892295771,-22.5819303430245,16.3381683751805,69.5548108504011,25
188.699,1257.19250843595,-23.0561492508106,-22.1146911847953,16.3945136603489,69.5731167129667,25
188.79901,1257.16370051706,-23.4990904069267,-25.5624977666184,16.3381683751806,69.5914255760498,25
188.89901,1257.16370051707,-22.929427138099,-23.8099456032729,16.3381683751835,69.6097258498908,25
188.99901,1257.16370051705,-22.2371000495704,-25.0329962869672,16.3381683751806,69.6280213993709,25
189.09901,1257.16370051707,-21.1817298329933,-21.6203739409155,16.3381683751835,69.6463122257082,25
189.199,1257.19250843592,-24.0891511585389,-25.8844730547706,16.3945136603458,69.6645944681455,25
189.29901,1257.16370051707,-21.7758141060577,-25.375494318474,16.3381683751833,69.6828797138334,25
189.39901,1257.16370051705,-23.6864519851312,-21.474629332531,16.3381683751806,69.7011563780585,25
189.49901,1257.16370051706,-25.4575264379911,-28.7293704824697,16.3381683751833,69.7194283240171,25
189.59901,1257.16370051705,-27.665998909004,-23.744311406171,16.3381683751805,69.7376955529277,25
189.699,1257.19250843594,-25.1920912767593,-24.1549366461565,16.3945136603487,69.7559542057102,25
189.79901,1257.16370051705,-19.3224114895107,-24.8595192772745,16.3381683751804,69.7742158644714,25
189.89901,1257.16370051706,-22.6695424651526,-24.6214814873901,16.3381683751832,69.792468949541,25
189.99901,1257.16370051704,-20.6173813479376,-23.4404408832872,16.3381683751804,69.8107173224307,25
190.09901,1257.16370051706,-23.5428494962053,-25.3310993748244,16.3381683751831,69.8289609843572,25
190.199,1257.19250843592,-23.9865143840255,-23.2669718123,16.3945136603455,69.8471960779184,25
190.29901,1257.16370051706,-25.0478967069526,-21.9609754514636,16.338168375183,69.8654341801834,25
190.39901,1257.16370051704,-25.2969892079311,-20.5074605064644,16.3381683751802,69.8836637165155,25
190.49901,1257.16370051706,-24.007070528729,-26.3337522641201,16.3381683751831,69.9018885467485,25
190.59901,1257.16370051704,-26.2439212885743,-26.9747760180126,16.3381683751801,69.9201086720948,25
190.699,1257.19250843593,-24.4668326222607,-25.0074783549542,16.3945136603483,69.9383202368294,25
190.79901,1257.16370051704,-22.6641358132137,-24.5800535934172,16.3381683751801,69.9565348129885,25
190.89901,1257.16370051705,-21.3582602003484,-24.033417659985,16.338168375183,69.974740830965,25
190.99901,1257.16370051704,-23.0338491955355,-22.875053305221,16.3381683751801,69.9929421489126,25
191.09901,1257.16370051705,-24.3397123511733,-28.3632557897662,16.338168375183,70.0111387680451,25
191.199,1257.19250843591,-22.6261197648487,-27.3236296609419,16.3945136603453,70.0293268343085,25
191.29901,1257.16370051705,-22.3820929520419,-24.3162548821117,16.3381683751829,70.0475179147141,25
191.39901,1257.16370051703,-27.0802023622209,-21.6492376172274,16.3381683751801,70.0657004446764,25
191.49901,1257.16370051705,-25.1429785858139,-25.2625890488853,16.3381683751829,70.0838782806726,25
191.59901,1257.16370051703,-20.4128703368435,-21.6059697542013,16.33816837518,70.1020514239162,25
191.699,1257.19250843592,-24.7147568132678,-25.0576632172973,16.3945136603482,70.1202160220244,25
191.79901,1257.16370051703,-22.7111841803893,-21.3694930189899,16.3381683751799,70.1383836369892,25
191.89901,1257.16370051704,-23.2548354946701,-21.4028257434262,16.3381683751828,70.1565427092401,25
191.99901,1257.16370051703,-26.1404802330756,-24.4630134058861,16.3381683751799,70.174697093582,25
192.09901,1257.16370051704,-25.7248505034726,-24.6858846579185,16.3381683751827,70.1928467912235,25
192.199,1257.1925084359,-24.3385948957308,-24.3704535732254,16.3945136603451,70.2109879514529,25
192.29901,1257.16370051704,-27.9775697035736,-26.6334447629487,16.3381683751827,70.2291321312491,25
192.39901,1257.16370051702,-27.4747228885234,-21.9297120841151,16.3381683751798,70.2472677760518,25
192.49901,1257.16370051704,-21.0092677185561,-22.323648488483,16.3381683751826,70.2653987389929,25
192.59901,1257.16370051702,-25.7249994091491,-22.3460854263557,16.3381683751798,70.2835250212801,25
192.699,1257.19250843591,-23.3867429236818,-22.4147189372165,16.3945136603479,70.3016427738687,25
192.79901,1257.16370051702,-25.6858565419974,-23.9483954848582,16.3381683751798,70.3197635487307,25
192.89901,1257.16370051704,-22.3846701900239,-26.6498087598355,16.3381683751826,70.337875796309,25
192.99901,1257.16370051702,-26.3204352365471,-21.8727743047494,16.3381683751797,70.3559833680654,25
193.09901,1257.16370051703,-24.0215977258927,-24.1345494322464,16.3381683751825,70.3740862652077,25
193.199,1257.19250843589,-21.2769766655088,-23.2014850757935,16.394513660345,70.3921806403535,25
193.29901,1257.16370051703,-21.2844555120901,-27.4171194439671,16.3381683751826,70.4102780404773,25
193.39901,1257.16370051701,-25.9132118601058,-24.6381268979267,16.3381683751798,70.4283669210163,25
193.49901,1257.16370051703,-21.6259018737435,-20.3107658262255,16.3381683751827,70.4464511317672,25
193.59901,1257.16370051701,-24.2073794065132,-26.1928429116053,16.3381683751798,70.4645306739338,25
193.699,1257.1925084359,-23.7686142103862,-21.7352018734382,16.3945136603479,70.4826017017971,25
193.79901,1257.16370051701,-26.7542968463195,-21.5557565004402,16.3381683751797,70.5006757573385,25
193.89901,1257.16370051702,-24.832520470306,-21.8817358973362,16.3381683751826,70.5187413009849,25
193.99901,1257.163700517,-20.9414060572295,-22.1213541670512,16.3381683751797,70.5368021808669,25
194.09901,1257.16370051702,-23.7144290710365,-23.1011487643891,16.3381683751825,70.5548583981897,25
194.199,1257.19250843588,-24.2408693244108,-20.5158078999844,16.3945136603449,70.5729061088909,25
194.29901,1257.16370051702,-23.3607701020332,-26.9815572228009,16.3381683751825,70.5909568499665,25
194.39901,1257.163700517,-22.8962614590208,-23.9889863340012,16.3381683751797,70.6089990868277,25
194.49901,1257.16370051702,-25.3682692828922,-22.8646632557752,16.3381683751824,70.627036665942,25
194.59901,1257.163700517,-23.2310507356124,-24.2804912547538,16.3381683751796,70.645069588511,25
194.699,1257.19250843589,-25.9687878680313,-24.2142051939405,16.3945136603477,70.6630940121332,25
194.79901,1257.163700517,-20.5380575868524,-25.1550094529131,16.3381683751796,70.6811214688227,25
194.89901,1257.16370051701,-22.5659344097552,-23.2027648441057,16.3381683751824,70.6991404289678,25
194.99901,1257.163700517,-22.8607928116545,-20.672610469551,16.3381683751796,70.7171547373752,25
195.09901,1257.16370051701,-24.8614587446409,-24.3268655913273,16.3381683751824,70.735164395245,25
195.199,1257.19250843587,-24.1586387914627,-20.7114877038324,16.3945136603447,70.7531655618301,25
195.29901,1257.16370051701,-24.966165163347,-22.6381308810873,16.3381683751823,70.7711697641724,25
195.39901,1257.16370051699,-25.0461635706285,-22.3793074545344,16.3381683751794,70.7891654776311,25
195.49901,1257.16370051701,-19.5864812523088,-23.4694133281123,16.3381683751823,70.8071565453524,25
195.59901,1257.16370051699,-27.3279621298112,-21.3896906351512,16.3381683751795,70.8251429685365,25
195.699,1257.19250843588,-25.0358773627286,-27.2306788854779,16.3945136603475,70.8431209080901,25
195.79901,1257.16370051699,-21.9346466587359,-22.0083259784948,16.3381683751794,70.8611018860872,25
195.89901,1257.163700517,-24.218459793171,-26.9115450651368,16.3381683751822,70.8790743828507,25
195.99901,1257.16370051699,-22.1875593452055,-20.8500075664027,16.3381683751793,70.8970422398704,25
196.09901,1257.163700517,-25.5442067939209,-21.3728983882836,16.3381683751822,70.9150054583439,25
196.199,1257.19250843586,-23.7499696727054,-25.3784445324421,16.3945136603444,70.9329602008308,25
196.29901,1257.163700517,-24.9244209873434,-26.556531828277,16.3381683751822,70.9509179844445,25
196.39901,1257.16370051698,-27.3034128607728,-20.9901171861557,16.3381683751793,70.968867294465,25
196.49901,1257.163700517,-20.5051746439375,-25.6880598980893,16.3381683751821,70.9868119707277,25
196.59901,1257.16370051698,-25.8462384799418,-20.9792133650552,16.3381683751791,71.004752014428,25
196.699,1257.19250843587,-23.4270278868652,-24.7990898336956,16.3945136603474,71.0226835897763,25
196.79901,1257.16370051698,-24.5486303622872,-25.7416378237023,16.3381683751791,71.0406182089295,25
196.89901,1257.163700517,-24.196020180358,-21.9989796396094,16.338168375182,71.0585443621209,25
196.99901,1257.16370051698,-21.639536470964,-21.2566967289745,16.3381683751791,71.0764658875325,25
197.09901,1257.16370051699,-28.1747615907022,-22.2688983927759,16.338168375182,71.0943827863591,25
197.199,1257.19250843585,-22.356844215428,-24.3534578035186,16.3945136603442,71.1122912244564,25
197.29901,1257.16370051699,-21.8408143032581,-21.6169650742505,16.338168375182,71.1302027090345,25
197.39901,1257.16370051697,-22.9804652263313,-22.4398598561465,16.338168375179,71.1481057352719,25
197.49901,1257.16370051699,-20.8710480673728,-22.6591145060666,16.3381683751819,71.1660041396996,25
197.59901,1257.16370051697,-28.4100585040383,-23.4244151776319,16.338168375179,71.1838979235119,25
197.699,1257.19250843586,-24.428133994136,-23.536933829415,16.3945136603471,71.2017832542081,25
197.79901,1257.16370051697,-25.6718220937967,-24.5981365613188,16.3381683751789,71.2196716340586,25
197.89901,1257.16370051699,-22.0013219412219,-23.1524292688648,16.3381683751818,71.2375515631785,25
197.99901,1257.16370051697,-16.4988570093861,-25.5827916049468,16.3381683751789,71.2554268764514,25
198.09901,1257.16370051699,-24.6890915855465,-21.1574062954252,16.3381683751818,71.27329757507,25
198.199,1257.19250843584,-22.1782005010462,-25.1650962798006,16.394513660344,71.2911598281767,25
198.29901,1257.16370051698,-25.0706632024047,-22.581041216153,16.3381683751817,71.3090251331064,25
198.39901,1257.16370051696,-23.2821556787683,-21.5489637645919,16.3381683751788,71.3268819949062,25
198.49901,1257.16370051698,-23.8785308524747,-25.1413112318473,16.3381683751817,71.3447342468152,25
198.59901,1257.16370051696,-17.435027521359,-27.4524348995984,16.3381683751788,71.3625818900231,25
198.699,1257.19250843585,-22.086877276119,-25.4037142258143,16.3945136603469,71.3804210953134,25
198.79901,1257.16370051696,-24.3571787704976,-23.2579573369906,16.3381683751789,71.3982633550929,25
198.89901,1257.16370051698,-24.4710666148978,-20.4960045204034,16.3381683751816,71.4160971793341,25
198.99901,1257.16370051696,-26.9120255806271,-25.4034961433816,16.3381683751789,71.4339263996303,25
199.09901,1257.16370051698,-25.4937645163746,-19.3364384116347,16.3381683751816,71.4517510171709,25
199.199,1257.19250843583,-24.4667439380867,-24.3345145838995,16.394513660344,71.4695672043799,25
199.29901,1257.16370051697,-20.5405105987209,-23.8455363323492,16.3381683751815,71.4873864487394,25
199.39901,1257.16370051695,-23.2028416740164,-20.8541282577044,16.3381683751788,71.5051972651422,25
199.49901,1257.16370051697,-23.3146277094352,-24.3356117654671,16.3381683751815,71.5230034835398,25
199.59901,1257.16370051695,-25.6018577673784,-23.7517119851909,16.3381683751788,71.5408051051201,25
199.699,1257.19250843584,-21.2760071955108,-27.659092232628,16.3945136603468,71.5585983039432,25
199.79901,1257.16370051695,-21.972612359307,-27.9854706539952,16.3381683751787,71.5763945625761,25
199.89901,1257.16370051697,-28.0406016041406,-26.2830417587972,16.3381683751814,71.5941824008225,25
199.99901,1257.16370051695,-22.0731528505325,-27.0432404524661,16.3381683751787,71.6119656469973,25
